date,type_indice,ticker_list
2017-01-01,brvm10,ABJC,BOAC,CFAC,CIEC,ECOC,NTLC,ORAC,SGBC,SIBC,TTLC
2017-04-01,brvm10,ABJC,BOAC,CFAC,CIEC,ECOC,NTLC,ORAC,SGBC,SIBC,TTLC
2017-07-01,brvm10,ABJC,BOAC,CFAC,CIEC,ECOC,NTLC,ORAC,SGBC,SIBC,TTLC
2017-10-01,brvm10,ABJC,BOAC,CFAC,CIEC,ECOC,NTLC,ORAC,SGBC,SIBC,TTLC
2018-01-01,brvm10,ABJC,BOAC,CFAC,CIEC,ECOC,NTLC,ORAC,SGBC,SIBC,TTLC
2018-04-01,brvm10,ABJC,BOAC,CFAC,CIEC,ECOC,NTLC,ORAC,SGBC,SIBC,TTLC
2018-07-01,brvm10,ABJC,BOAC,CFAC,CIEC,ECOC,NTLC,ORAC,SGBC,SIBC,TTLC
2018-10-01,brvm10,ABJC,BOAC,CFAC,CIEC,ECOC,NTLC,ORAC,SGBC,SIBC,TTLC
2019-01-01,brvm10,ABJC,BOAC,CFAC,CIEC,ECOC,NTLC,ORAC,SGBC,SIBC,TTLC
2019-04-01,brvm10,ABJC,BOAC,CFAC,CIEC,ECOC,NTLC,ORAC,SGBC,SIBC,TTLC
2019-07-01,brvm10,ABJC,BOAC,CFAC,CIEC,ECOC,NTLC,ORAC,SGBC,SIBC,TTLC
2019-10-01,brvm10,ABJC,BOAC,CFAC,CIEC,ECOC,NTLC,ORAC,SGBC,SIBC,TTLC
2020-01-01,brvm10,ABJC,BOAC,CFAC,CIEC,ECOC,NTLC,ORAC,SGBC,SIBC,TTLC
2020-04-01,brvm10,ABJC,BOAC,CFAC,CIEC,ECOC,NTLC,ORAC,SGBC,SIBC,TTLC
2020-07-01,brvm10,ABJC,BOAC,CFAC,CIEC,ECOC,NTLC,ORAC,SGBC,SIBC,TTLC
2020-10-01,brvm10,ABJC,BOAC,CFAC,CIEC,ECOC,NTLC,ORAC,SGBC,SIBC,TTLC
2021-01-01,brvm10,ABJC,BOAC,CFAC,CIEC,ECOC,NTLC,ORAC,SGBC,SIBC,TTLC
2021-04-01,brvm10,ABJC,BOAC,CFAC,CIEC,ECOC,NTLC,ORAC,SGBC,SIBC,TTLC
2021-07-01,brvm10,ABJC,BOAC,CFAC,CIEC,ECOC,NTLC,ORAC,SGBC,SIBC,TTLC
2021-10-01,brvm10,ABJC,BOAC,CFAC,CIEC,ECOC,NTLC,ORAC,SGBC,SIBC,TTLC
2022-01-01,brvm10,ABJC,BOAC,CFAC,CIEC,ECOC,NTLC,ORAC,SGBC,SIBC,TTLC
2022-04-01,brvm10,ABJC,BOAC,CFAC,CIEC,ECOC,NTLC,ORAC,SGBC,SIBC,TTLC
2022-07-01,brvm10,ABJC,BOAC,CFAC,CIEC,ECOC,NTLC,ORAC,SGBC,SIBC,TTLC
2022-10-01,brvm10,ABJC,BOAC,CFAC,CIEC,ECOC,NTLC,ORAC,SGBC,SIBC,TTLC
2023-01-01,brvm30,ABJC,BOAC,CFAC,CIEC,ECOC,NTLC,ONTBF,ORAC,PALC,SGBC,SIBC,SMBC,SNTS,SPHC,TTLC,TTLS,BOAB,BOAM,BOAN,BOAS,CABC,ETIT,FTSC,NEIC,NSBC,PRSC,SAFC,SDCC,SEMC,SHEC,SICC,SIVC,SOGC,STAC,STBC,UNLC,UNXC
2023-04-01,brvm30,ABJC,BOAC,CFAC,CIEC,ECOC,NTLC,ONTBF,ORAC,PALC,SGBC,SIBC,SMBC,SNTS,SPHC,TTLC,TTLS,BOAB,BOAM,BOAN,BOAS,CABC,ETIT,FTSC,NEIC,NSBC,PRSC,SAFC,SDCC,SEMC,SHEC,SICC,SIVC,SOGC,STAC,STBC,UNLC,UNXC
2023-07-01,brvm30,ABJC,BOAC,CFAC,CIEC,ECOC,NTLC,ONTBF,ORAC,PALC,SGBC,SIBC,SMBC,SNTS,SPHC,TTLC,TTLS,BOAB,BOAM,BOAN,BOAS,CABC,ETIT,FTSC,NEIC,NSBC,PRSC,SAFC,SDCC,SEMC,SHEC,SICC,SIVC,SOGC,STAC,STBC,UNLC,UNXC
2023-10-01,brvm30,ABJC,BOAC,CFAC,CIEC,ECOC,NTLC,ONTBF,ORAC,PALC,SGBC,SIBC,SMBC,SNTS,SPHC,TTLC,TTLS,BOAB,BOAM,BOAN,BOAS,CABC,ETIT,FTSC,NEIC,NSBC,PRSC,SAFC,SDCC,SEMC,SHEC,SICC,SIVC,SOGC,STAC,STBC,UNLC,UNXC
2024-01-01,brvm30,ABJC,BOAC,CFAC,CIEC,ECOC,NTLC,ONTBF,ORAC,PALC,SGBC,SIBC,SMBC,SNTS,SPHC,TTLC,TTLS,BOAB,BOAM,BOAN,BOAS,CABC,ETIT,FTSC,NEIC,NSBC,PRSC,SAFC,SDCC,SEMC,SHEC,SICC,SIVC,SOGC,STAC,STBC,UNLC,UNXC
2024-04-01,brvm30,ABJC,BOAC,CFAC,CIEC,ECOC,NTLC,ONTBF,ORAC,PALC,SGBC,SIBC,SMBC,SNTS,SPHC,TTLC,TTLS,BOAB,BOAM,BOAN,BOAS,CABC,ETIT,FTSC,NEIC,NSBC,PRSC,SAFC,SDCC,SEMC,SHEC,SICC,SIVC,SOGC,STAC,STBC,UNLC,UNXC
2024-07-01,brvm30,ABJC,BOAC,CFAC,CIEC,ECOC,NTLC,ONTBF,ORAC,PALC,SGBC,SIBC,SMBC,SNTS,SPHC,TTLC,TTLS,BOAB,BOAM,BOAN,BOAS,CABC,ETIT,FTSC,NEIC,NSBC,PRSC,SAFC,SDCC,SEMC,SHEC,SICC,SIVC,SOGC,STAC,STBC,UNLC,UNXC
2024-10-01,brvm30,ABJC,BOAC,CFAC,CIEC,ECOC,NTLC,ONTBF,ORAC,PALC,SGBC,SIBC,SMBC,SNTS,SPHC,TTLC,TTLS,BOAB,BOAM,BOAN,BOAS,CABC,ETIT,FTSC,NEIC,NSBC,PRSC,SAFC,SDCC,SEMC,SHEC,SICC,SIVC,SOGC,STAC,STBC,UNLC,UNXC
2025-01-01,brvm30,ABJC,BOAC,CFAC,CIEC,ECOC,NTLC,ONTBF,ORAC,PALC,SGBC,SIBC,SMBC,SNTS,SPHC,TTLC,TTLS,BOAB,BOAM,BOAN,BOAS,CABC,ETIT,FTSC,NEIC,NSBC,PRSC,SAFC,SDCC,SEMC,SHEC,SICC,SIVC,SOGC,STAC,STBC,UNLC,UNXC
2025-04-01,brvm30,ABJC,BOAC,CFAC,CIEC,ECOC,NTLC,ONTBF,ORAC,PALC,SGBC,SIBC,SMBC,SNTS,SPHC,TTLC,TTLS,BOAB,BOAM,BOAN,BOAS,CABC,ETIT,FTSC,NEIC,NSBC,PRSC,SAFC,SDCC,SEMC,SHEC,SICC,SIVC,SOGC,STAC,STBC,UNLC,UNXC
2025-07-01,brvm30,ABJC,BOAC,CFAC,CIEC,ECOC,NTLC,ONTBF,ORAC,PALC,SGBC,SIBC,SMBC,SNTS,SPHC,TTLC,TTLS,BOAB,BOAM,BOAN,BOAS,CABC,ETIT,FTSC,NEIC,NSBC,PRSC,SAFC,SDCC,SEMC,SHEC,SICC,SIVC,SOGC,STAC,STBC,UNLC,UNXC
2025-10-01,brvm30,ABJC,BOAC,CFAC,CIEC,ECOC,NTLC,ONTBF,ORAC,PALC,SGBC,SIBC,SMBC,SNTS,SPHC,TTLC,TTLS,BOAB,BOAM,BOAN,BOAS,CABC,ETIT,FTSC,NEIC,NSBC,PRSC,SAFC,SDCC,SEMC,SHEC,SICC,SIVC,SOGC,STAC,STBC,UNLC,UNXC
2026-01-01,brvm30,ABJC,BOAC,CFAC,CIEC,ECOC,NTLC,ONTBF,ORAC,PALC,SGBC,SIBC,SMBC,SNTS,SPHC,TTLC,TTLS,BOAB,BOAM,BOAN,BOAS,CABC,ETIT,FTSC,NEIC,NSBC,PRSC,SAFC,SDCC,SEMC,SHEC,SICC,SIVC,SOGC,STAC,STBC,UNLC,UNXC
2026-04-01,brvm30,ABJC,BOAC,CFAC,CIEC,ECOC,NTLC,ONTBF,ORAC,PALC,SGBC,SIBC,SMBC,SNTS,SPHC,TTLC,TTLS,BOAB,BOAM,BOAN,BOAS,CABC,ETIT,FTSC,NEIC,NSBC,PRSC,SAFC,SDCC,SEMC,SHEC,SICC,SIVC,SOGC,STAC,STBC,UNLC,UNXC
2023-01-01,prestige,ECOC,NTLC,ONTBF,ORAC,PALC,SGBC,SIBC,SMBC,SNTS,SPHC,TTLC,TTLS
2024-01-01,prestige,ECOC,NTLC,ONTBF,ORAC,PALC,SGBC,SIBC,SMBC,SNTS,SPHC,TTLC,TTLS
2025-01-01,prestige,ECOC,NTLC,ONTBF,ORAC,PALC,SGBC,SIBC,SMBC,SNTS,SPHC,TTLC,TTLS
2026-01-01,prestige,ECOC,NTLC,ONTBF,ORAC,PALC,SGBC,SIBC,SMBC,SNTS,SPHC,TTLC,TTLS
