ticker,fiscal_year,exploitable,raison_non_exploitable,date_annonce,date_ex,date_paiement,montant,yield_pct,source_montant,n_ex_div_doublons_ignores,prix_annonce,prix_veille_ex,prix_jour_ex,prix_paiement,variation_annonce_a_veille_ex_pct,chute_reelle_fcfa,chute_reelle_pct_du_dividende,variation_ex_a_paiement_pct,variation_totale_annonce_a_paiement_pct,volume_moyen_avant_annonce,volume_moyen_annonce_a_ex,volume_moyen_ex_a_paiement
ABJC,,False,aucun événement dividende (AG/EX_DIVIDEND) trouvé pour ce ticker,,,,,,,,,,,,,,,,,,,
BICB,,False,aucun événement dividende (AG/EX_DIVIDEND) trouvé pour ce ticker,,,,,,,,,,,,,,,,,,,
BICC,2021,False,montant dividende introuvable (ni DIVIDEND ni DIVIDEND_HISTORY),2022-06-23,2022-07-13,2022-07-15,,,,1,,,,,,,,,,,,
BICC,2022,False,montant dividende introuvable (ni DIVIDEND ni DIVIDEND_HISTORY),2023-06-27,2023-07-27,2023-07-31,,,,1,,,,,,,,,,,,
BICC,2023,False,montant dividende introuvable (ni DIVIDEND ni DIVIDEND_HISTORY),2024-05-27,2024-06-25,2024-06-27,,,,1,,,,,,,,,,,,
BICC,2024,False,montant dividende introuvable (ni DIVIDEND ni DIVIDEND_HISTORY),2025-04-14,2025-05-21,2025-05-23,,,,1,,,,,,,,,,,,
BICC,2025,False,montant dividende introuvable (ni DIVIDEND ni DIVIDEND_HISTORY),2026-05-04,2026-07-03,2026-07-06,,,,1,,,,,,,,,,,,
BNBC,2022,False,montant dividende introuvable (ni DIVIDEND ni DIVIDEND_HISTORY),2023-06-08,2023-07-20,2023-07-24,,,,0,,,,,,,,,,,,
BOAB,2021,True,,2022-04-13,2022-05-23,2022-05-25,273.0,10.3,DIVIDEND_HISTORY,1,3305.0,3190.0,3190.0,2950.0,-3.48,0.0,0.0,-7.52,-10.74,741.0,1795.0,311
BOAB,2022,True,,2023-04-14,2023-05-23,2023-05-25,353.0,11.87,DIVIDEND_HISTORY,1,3097.5,3175.0,2907.5,2900.0,2.5,267.5,75.8,-0.26,-6.38,344.0,1575.0,1684
BOAB,2023,True,,2024-04-12,2024-05-23,2024-05-27,468.0,14.72,DIVIDEND_HISTORY,1,3490.0,3645.0,3497.5,3525.0,4.44,147.5,31.5,0.79,1.0,3076.0,2689.0,6459.0
BOAB,2024,True,,2025-04-02,2025-05-30,2025-06-03,585.0,15.88,DIVIDEND_HISTORY,1,4710.0,4600.0,4600.0,4300.0,-2.34,0.0,0.0,-6.52,-8.7,8293,8419.0,3806.0
BOAB,2025,True,,2026-04-30,2026-05-14,2026-05-15,585.0,6.22,DIVIDEND,1,8905.0,9420.0,9410.0,9410.0,5.78,10.0,1.7,0.0,5.67,6143.0,6459.0,2844
BOABF,2021,True,,2022-03-29,2022-04-29,2022-05-04,224.0,7.23,DIVIDEND_HISTORY,0,3050.0,2950.0,2950.0,2925.0,-3.28,0.0,0.0,-0.85,-4.1,298.0,1137.0,10309.0
BOABF,2022,True,,2023-03-30,2023-05-03,2023-05-05,352.0,13.54,DIVIDEND_HISTORY,0,2842.5,2900.0,2800.0,2800.0,2.02,100.0,28.4,0.0,-1.5,1063.0,919.0,733
BOABF,2023,True,,2024-03-28,2024-05-02,2024-05-06,428.0,12.26,DIVIDEND_HISTORY,0,3575.0,3250.0,3250.0,3297.5,-9.09,0.0,0.0,1.46,-7.76,1556.0,949.0,584
BOABF,2024,True,,2025-03-17,2025-04-17,2025-04-22,397.0,13.08,DIVIDEND_HISTORY,0,4310.0,4310.0,4020.0,3895.0,0.0,290.0,73.0,-3.11,-9.63,9921.0,9134.0,890
BOABF,2025,True,,2026-03-23,2026-04-22,2026-04-23,397.0,7.05,DIVIDEND,0,5415.0,5645.0,5630.0,5420.0,4.25,15.0,3.8,-3.73,0.09,9204.0,4775.0,12756.0
BOAC,2021,True,,2022-03-31,2022-04-26,2022-04-28,270.0,4.61,DIVIDEND_HISTORY,0,2697.5,2725.0,2687.5,2645.0,1.02,37.5,13.9,-1.58,-1.95,4379.0,1114,2042.0
BOAC,2022,True,,2023-03-29,2023-04-26,2023-04-28,342.0,9.24,DIVIDEND_HISTORY,0,2552.5,2547.5,2295.0,2500.0,-0.2,252.5,73.8,8.93,-2.06,5732.0,5616.0,7424
BOAC,2023,True,,2024-03-28,2024-04-25,2024-04-29,459.0,13.31,DIVIDEND_HISTORY,0,3635.0,3625.0,3497.5,3420.0,-0.28,127.5,27.8,-2.22,-5.91,2134.0,5053.0,3736
BOAC,2024,True,,2025-04-16,2025-05-16,2025-05-20,595.0,11.9,DIVIDEND_HISTORY,0,6000.0,6125.0,5990.0,5990.0,2.08,135.0,22.7,0.0,-0.17,5157.0,5800.0,5216.0
BOAC,2025,True,,2026-04-15,2026-05-05,2026-05-06,594.53,7.0,DIVIDEND,0,8500.0,9190.0,8850.0,8590.0,8.12,340.0,57.2,-2.94,1.06,27222.0,14901.0,17150.0
BOAM,2023,True,,2024-04-23,2024-05-16,2024-05-21,237.0,24.12,DIVIDEND_HISTORY,0,1076.67,1133.33,1050.0,1050.0,5.26,83.33,35.2,0.0,-2.48,831.0,2206.0,924
BOAM,2024,True,,2025-04-10,2025-05-30,2025-06-03,305.0,16.14,DIVIDEND_HISTORY,0,2500.0,2635.0,2635.0,2600.0,5.4,0.0,0.0,-1.33,4.0,9039.0,5690,10232
BOAM,2025,True,,2026-04-14,2026-06-02,2026-06-03,305.04,6.5,DIVIDEND,0,4580.0,5250.0,5000.0,4690.0,14.63,250.0,82.0,-6.2,2.4,5396.0,4745.0,1125
BOAN,2021,True,,2022-03-30,2022-05-10,2022-05-12,355.0,11.12,DIVIDEND_HISTORY,0,4121.88,4359.38,4300.0,4350.0,5.76,59.38,16.7,1.16,5.53,1338.0,1140.0,2279.0
BOAN,2022,True,,2023-03-30,2023-05-23,2023-05-25,381.0,10.53,DIVIDEND_HISTORY,0,3812.5,3781.25,3496.88,3496.88,-0.82,284.37,74.6,0.0,-8.28,1428.0,3343.0,1155
BOAN,2023,True,,2024-04-04,2024-05-29,2024-05-31,209.0,6.21,DIVIDEND_HISTORY,0,3750.0,3687.5,3434.38,3406.25,-1.67,253.12,121.1,-0.82,-9.17,2373,2850.0,1980.0
BOAN,2024,False,montant dividende introuvable (ni DIVIDEND ni DIVIDEND_HISTORY),2025-04-03,2025-05-30,2025-06-03,,,,0,,,,,,,,,,,,
BOAS,2021,True,,2022-04-15,2022-05-30,2022-06-01,125.0,7.98,DIVIDEND_HISTORY,0,1633.33,1533.33,1533.33,1646.67,-6.12,0.0,0.0,7.39,0.82,2564.0,2055.0,3066.0
BOAS,2022,True,,2023-03-31,2023-05-30,2023-06-01,200.0,12.24,DIVIDEND_HISTORY,0,1463.33,1670.0,1670.0,1716.67,14.12,0.0,0.0,2.79,17.31,2997.0,2707.0,358.0
BOAS,2023,True,,2024-04-18,2024-06-25,2024-06-27,350.0,16.41,DIVIDEND_HISTORY,0,2383.33,2733.33,2540.0,2566.67,14.69,193.33,55.2,1.05,7.69,3136.0,1967.0,918.0
BOAS,2024,True,,2025-04-08,2025-05-28,2025-06-02,450.0,14.29,DIVIDEND_HISTORY,0,4280.0,4200.0,4090.0,3990.0,-1.87,110.0,24.4,-2.44,-6.78,6147.0,12763.0,6632.0
BOAS,2025,True,,2026-04-30,2026-05-29,2026-06-01,450.0,6.63,DIVIDEND,0,7000.0,7745.0,7700.0,7600.0,10.64,45.0,10.0,-1.3,8.57,5046.0,7718.0,3986.0
BRVM30,,False,aucun événement dividende (AG/EX_DIVIDEND) trouvé pour ce ticker,,,,,,,,,,,,,,,,,,,
BRVMC,,False,aucun événement dividende (AG/EX_DIVIDEND) trouvé pour ce ticker,,,,,,,,,,,,,,,,,,,
CABC,2021,True,,2022-04-07,2022-07-29,2022-08-02,69.0,6.8,DIVIDEND_HISTORY,0,1100.0,1195.0,1150.0,1100.0,8.64,45.0,65.2,-4.35,0.0,1340.0,1004.0,213.0
CABC,2022,False,pas d'AG trouvée dans la fenêtre 5-120j avant EX_DIVIDEND,,2023-07-31,2023-08-02,80.0,6.8,DIVIDEND_HISTORY,0,,,,,,,,,,,,
CABC,2023,False,prix manquant sur une des 4 dates clés (annonce/veille-ex/ex/paiement),2024-04-05,2024-05-29,2024-05-31,113.0,10.16,DIVIDEND_HISTORY,0,,,,,,,,,,,,
CABC,2024,False,prix manquant sur une des 4 dates clés (annonce/veille-ex/ex/paiement),2025-03-28,2025-05-28,2025-06-02,152.0,14.62,DIVIDEND_HISTORY,0,,,,,,,,,,,,
CABC,2025,True,,2026-04-27,2026-05-29,2026-06-01,152.02,4.35,DIVIDEND,0,3600.0,3700.0,3750.0,3500.0,2.78,-50.0,-32.9,-6.67,-2.78,4055,897.0,1740
CBIBF,2021,True,,2022-04-07,2022-07-04,2022-07-06,525.0,5.0,DIVIDEND_HISTORY,1,9795.0,8600.0,8600.0,8895.0,-12.2,0.0,0.0,3.43,-9.19,368.0,510.0,178
CBIBF,2022,True,,2023-04-17,2023-07-04,2023-07-06,790.0,9.42,DIVIDEND_HISTORY,1,7990.0,8300.0,8295.0,8280.0,3.88,5.0,0.6,-0.18,3.63,507.0,640.0,100.0
CBIBF,2023,True,,2024-04-12,2024-07-03,2024-07-05,555.0,5.97,DIVIDEND_HISTORY,1,9050.0,10600.0,10150.0,10415.0,17.13,450.0,81.1,2.61,15.08,2297.0,1056.0,729
CBIBF,2024,True,,2025-04-29,2025-07-03,2025-07-07,900.0,9.1,DIVIDEND_HISTORY,1,9800.0,10145.0,9750.0,9855.0,3.52,395.0,43.9,1.08,0.56,1218.0,1497.0,1298.0
CBIBF,2025,True,,2026-04-16,2026-06-18,2026-06-19,900.0,4.05,DIVIDEND,1,15700.0,22085.0,22400.0,22400.0,40.67,-315.0,-35.0,0.0,42.68,951.0,1037.0,60
CFAC,2021,True,,2022-06-21,2022-07-29,2022-08-02,29.0,2.41,DIVIDEND_HISTORY,0,865.0,870.0,850.0,835.0,0.58,20.0,69.0,-1.76,-3.47,5684.0,2749.0,672.0
CFAC,2022,True,,2023-06-27,2023-09-13,2023-09-15,16.0,1.71,DIVIDEND_HISTORY,0,805.0,965.0,940.0,900.0,19.88,25.0,156.2,-4.26,11.8,1547.0,1805.0,441.0
CFAC,2023,True,,2024-06-27,2024-08-28,2024-08-30,7.0,0.84,DIVIDEND_HISTORY,0,670.0,655.0,680.0,685.0,-2.24,-25.0,-357.1,0.74,2.24,1536.0,1171.0,1932.0
CFAC,2024,False,pas d'AG trouvée dans la fenêtre 5-120j avant EX_DIVIDEND,,2025-08-14,2025-08-19,55.0,9.24,DIVIDEND_HISTORY,0,,,,,,,,,,,,
CIEC,2021,True,,2022-06-20,2022-07-21,2022-07-25,158.0,8.31,DIVIDEND_HISTORY,2,2350.0,2295.0,2300.0,2230.0,-2.34,-5.0,-3.2,-3.04,-5.11,2390.0,2085.0,1105
CIEC,2022,True,,2023-06-20,2023-07-27,2023-07-31,171.0,8.59,DIVIDEND_HISTORY,2,2080.0,2245.0,2225.0,2200.0,7.93,20.0,11.7,-1.12,5.77,881.0,2903.0,562
CIEC,2023,True,,2024-06-26,2024-07-26,2024-07-30,158.0,9.32,DIVIDEND_HISTORY,2,2030.0,2075.0,1975.0,1930.0,2.22,100.0,63.3,-2.28,-4.93,4422.0,9356.0,3936.0
CIEC,2024,False,pas d'AG trouvée dans la fenêtre 5-120j avant EX_DIVIDEND,,2025-07-29,2025-07-31,374.0,10.52,DIVIDEND_HISTORY,2,,,,,,,,,,,,
CIEC,2025,True,,2026-06-24,2026-06-30,2026-07-01,234.0,4.38,DIVIDEND,2,4995.0,5210.0,5300.0,5315.0,4.3,-90.0,-38.5,0.28,6.41,4622.0,3446.0,4664.0
ECOC,2021,True,,2022-04-05,2022-04-26,2022-04-29,549.0,11.47,DIVIDEND_HISTORY,1,5000.0,5000.0,4720.0,4695.0,0.0,280.0,51.0,-0.53,-6.1,4964.0,2579.0,2370.0
ECOC,2022,True,,2023-04-26,2023-05-25,2023-05-30,594.0,12.01,DIVIDEND_HISTORY,1,5380.0,5500.0,5300.0,5280.0,2.23,200.0,33.7,-0.38,-1.86,6340.0,1985.0,11978
ECOC,2023,True,,2024-04-25,2024-05-28,2024-05-30,708.0,10.41,DIVIDEND_HISTORY,1,6900.0,7500.0,7390.0,7300.0,8.7,110.0,15.5,-1.22,5.8,2879.0,1872.0,3262.0
ECOC,2024,True,,2025-04-29,2025-05-27,2025-05-30,781.0,8.88,DIVIDEND_HISTORY,1,9890.0,12605.0,11800.0,11150.0,27.45,805.0,103.1,-5.51,12.74,778,805.0,399.0
ECOC,2025,True,,2026-04-24,2026-05-21,2026-05-22,888.0,5.45,DIVIDEND,1,16000.0,16300.0,16300.0,16300.0,1.88,0.0,0.0,0.0,1.88,1235.0,1958.0,2216.0
ETIT,2021,False,montant dividende introuvable (ni DIVIDEND ni DIVIDEND_HISTORY),2022-05-25,2022-06-16,2022-06-20,,,,0,,,,,,,,,,,,
ETIT,2022,False,montant dividende introuvable (ni DIVIDEND ni DIVIDEND_HISTORY),2023-05-17,2023-06-06,2023-06-08,,,,0,,,,,,,,,,,,
FTSC,2023,True,,2024-06-20,2024-09-26,2024-09-30,1727.0,93.83,DIVIDEND_HISTORY,0,770.35,889.53,843.02,837.21,15.47,46.51,2.7,-0.69,8.68,3547.0,1939.0,1557.0
FTSC,2024,False,montant dividende introuvable (ni DIVIDEND ni DIVIDEND_HISTORY),2025-06-26,2025-09-26,2025-09-30,,,,0,,,,,,,,,,,,
LNBB,,False,aucun événement dividende (AG/EX_DIVIDEND) trouvé pour ce ticker,,,,,,,,,,,,,,,,,,,
NEIC,2022,False,montant dividende introuvable (ni DIVIDEND ni DIVIDEND_HISTORY),2023-06-19,2023-09-20,2023-09-22,,,,0,,,,,,,,,,,,
NEIC,2023,False,montant dividende introuvable (ni DIVIDEND ni DIVIDEND_HISTORY),2024-05-28,2024-06-21,2024-06-25,,,,0,,,,,,,,,,,,
NSBC,2022,True,,2023-05-19,2023-07-05,2023-07-07,455.0,7.62,DIVIDEND_HISTORY,0,5100.0,5500.0,5490.0,5480.0,7.84,10.0,2.2,-0.18,7.45,377.0,703.0,865
NSBC,2023,True,,2024-05-23,2024-07-04,2024-07-08,671.0,11.18,DIVIDEND_HISTORY,0,5800.0,6300.0,6285.0,6150.0,8.62,15.0,2.2,-2.15,6.03,665.0,1142.0,7527.0
NSBC,2024,True,,2025-05-26,2025-07-07,2025-07-09,676.0,9.53,DIVIDEND_HISTORY,0,8585.0,9850.0,9850.0,9650.0,14.74,0.0,0.0,-2.03,12.41,2344.0,2970.0,1184.0
NTLC,2021,True,,2022-05-20,2022-07-29,2022-08-02,728.0,15.81,DIVIDEND_HISTORY,0,7000.0,7585.0,6940.0,6795.0,8.36,645.0,88.6,-2.09,-2.93,597.0,2980.0,1782.0
NTLC,2022,True,,2023-05-12,2023-08-03,2023-08-08,675.0,8.19,DIVIDEND_HISTORY,0,7885.0,9190.0,8990.0,8600.0,16.55,200.0,29.6,-4.34,9.07,2064.0,1592.0,452
NTLC,2023,True,,2024-06-11,2024-08-16,2024-08-20,722.0,9.78,DIVIDEND_HISTORY,0,7495.0,7150.0,7150.0,7175.0,-4.6,0.0,0.0,0.35,-4.27,4295.0,3973.0,2603.0
NTLC,2024,True,,2025-06-12,2025-08-13,2025-08-18,370.0,4.64,DIVIDEND_HISTORY,0,11400.0,12600.0,12190.0,12200.0,10.53,410.0,110.8,0.08,7.02,1912.0,2450.0,1524.0
ONTBF,2021,True,,2022-05-12,2022-06-13,2022-06-15,288.0,7.3,DIVIDEND_HISTORY,0,1598.0,1470.0,1470.0,1460.5,-8.01,0.0,0.0,-0.65,-8.6,11110.0,12622.0,4215.0
ONTBF,2022,True,,2023-05-09,2023-06-22,2023-06-26,266.0,8.33,DIVIDEND_HISTORY,0,1599.0,1520.0,1528.5,1530.0,-4.94,-8.5,-3.2,0.1,-4.32,9749.0,11536.0,4933.0
ONTBF,2023,True,,2024-06-24,2024-07-29,2024-07-31,195.0,8.55,DIVIDEND_HISTORY,0,1943.0,2070.0,2070.0,2070.0,6.54,0.0,0.0,0.0,6.54,10416.0,10134.0,4709.0
ONTBF,2024,True,,2025-05-28,2025-07-17,2025-07-21,145.0,6.33,DIVIDEND_HISTORY,0,2490.0,2550.0,2520.0,2535.0,2.41,30.0,20.7,0.6,1.81,10934,12296.0,6041.0
ONTBF,2025,True,,2026-04-29,2026-06-12,2026-06-15,145.32,5.36,DIVIDEND,0,2700.0,2950.0,2950.0,2815.0,9.26,0.0,0.0,-4.58,4.26,2770.0,2633.0,1071
ORAC,2022,True,,2023-04-13,2023-06-13,2023-06-15,780.0,7.64,DIVIDEND_HISTORY,0,9200.0,9600.0,9210.0,9305.0,4.35,390.0,50.0,1.03,1.14,2530.0,5783.0,4462.0
ORAC,2023,True,,2024-04-16,2024-05-30,2024-06-03,660.0,6.06,DIVIDEND_HISTORY,0,10850.0,11895.0,11200.0,11485.0,9.63,695.0,105.3,2.54,5.85,1603.0,1824.0,1066.0
ORAC,2024,True,,2025-04-10,2025-06-05,2025-06-11,704.0,4.02,DIVIDEND_HISTORY,0,15200.0,15555.0,15550.0,15750.0,2.34,5.0,0.7,1.29,3.62,3981.0,1491.0,846.0
ORAC,2025,True,,2026-05-18,2026-06-05,2026-06-08,800.0,5.14,DIVIDEND,0,15150.0,16975.0,16975.0,16275.0,12.05,0.0,0.0,-4.12,7.43,639.0,2497.0,1258
ORGT,,False,aucun événement dividende (AG/EX_DIVIDEND) trouvé pour ce ticker,,,,,,,,,,,,,,,,,,,
PALC,2021,False,montant dividende introuvable (ni DIVIDEND ni DIVIDEND_HISTORY),2022-06-21,2022-08-29,2022-08-31,,,,0,,,,,,,,,,,,
PALC,2022,False,montant dividende introuvable (ni DIVIDEND ni DIVIDEND_HISTORY),2023-06-21,2023-07-17,2023-07-19,,,,0,,,,,,,,,,,,
PALC,2023,False,montant dividende introuvable (ni DIVIDEND ni DIVIDEND_HISTORY),2024-06-13,2024-07-24,2024-07-26,,,,0,,,,,,,,,,,,
PALC,2024,False,montant dividende introuvable (ni DIVIDEND ni DIVIDEND_HISTORY),2025-06-30,2025-09-08,2025-09-10,,,,0,,,,,,,,,,,,
PALC,2025,False,montant dividende introuvable (ni DIVIDEND ni DIVIDEND_HISTORY),2026-06-19,2026-06-26,2026-06-29,,,,0,,,,,,,,,,,,
PRSC,2021,True,,2022-06-30,2022-08-26,2022-08-30,224.0,5.34,DIVIDEND_HISTORY,0,3545.0,3630.0,3650.0,3700.0,2.4,-20.0,-8.9,1.37,4.37,1124.0,513.0,121.0
PRSC,2022,True,,2023-06-26,2023-09-11,2023-09-13,183.0,5.73,DIVIDEND_HISTORY,0,2890.0,3350.0,3350.0,3300.0,15.92,0.0,0.0,-1.49,14.19,319.0,377.0,1100
PRSC,2023,False,prix manquant sur une des 4 dates clés (annonce/veille-ex/ex/paiement),2024-06-21,2024-09-20,2024-09-24,182.0,9.59,DIVIDEND_HISTORY,0,,,,,,,,,,,,
PRSC,2024,False,prix manquant sur une des 4 dates clés (annonce/veille-ex/ex/paiement),2025-06-30,2025-09-26,2025-09-30,184.0,8.36,DIVIDEND_HISTORY,0,,,,,,,,,,,,
SAFC,,False,aucun événement dividende (AG/EX_DIVIDEND) trouvé pour ce ticker,,,,,,,,,,,,,,,,,,,
SCRC,,False,aucun événement dividende (AG/EX_DIVIDEND) trouvé pour ce ticker,,,,,,,,,,,,,,,,,,,
SDCC,,False,aucun événement dividende (AG/EX_DIVIDEND) trouvé pour ce ticker,,,,,,,,,,,,,,,,,,,
SDSC,2021,False,montant dividende introuvable (ni DIVIDEND ni DIVIDEND_HISTORY),2022-05-31,2022-06-21,2022-06-23,,,,0,,,,,,,,,,,,
SDSC,2022,False,montant dividende introuvable (ni DIVIDEND ni DIVIDEND_HISTORY),2023-10-20,2023-11-16,2023-11-20,,,,0,,,,,,,,,,,,
SDSC,2023,False,montant dividende introuvable (ni DIVIDEND ni DIVIDEND_HISTORY),2024-11-13,2024-12-10,2024-12-12,,,,0,,,,,,,,,,,,
SDSC,2024,False,montant dividende introuvable (ni DIVIDEND ni DIVIDEND_HISTORY),2025-06-26,2025-08-27,2025-08-29,,,,0,,,,,,,,,,,,
SEMC,,False,aucun événement dividende (AG/EX_DIVIDEND) trouvé pour ce ticker,,,,,,,,,,,,,,,,,,,
SGBC,,False,aucun événement dividende (AG/EX_DIVIDEND) trouvé pour ce ticker,,,,,,,,,,,,,,,,,,,
SHEC,2021,True,,2022-09-22,2022-10-26,2022-10-28,53.0,6.16,DIVIDEND_HISTORY,0,885.0,880.0,880.0,875.0,-0.56,0.0,0.0,-0.57,-1.13,937.0,1026.0,333.0
SHEC,2022,True,,2023-11-21,2023-12-26,2023-12-28,57.0,7.6,DIVIDEND_HISTORY,0,835.0,760.0,760.0,745.0,-8.98,0.0,0.0,-1.97,-10.78,1948.0,951.0,1715.0
SHEC,2023,False,prix manquant sur une des 4 dates clés (annonce/veille-ex/ex/paiement),2024-06-28,2024-09-25,2024-09-27,75.0,9.49,DIVIDEND_HISTORY,0,,,,,,,,,,,,
SHEC,2024,False,pas d'AG trouvée dans la fenêtre 5-120j avant EX_DIVIDEND,,2025-10-20,2025-10-22,85.0,9.67,DIVIDEND_HISTORY,0,,,,,,,,,,,,
SIBC,2021,False,montant dividende introuvable (ni DIVIDEND ni DIVIDEND_HISTORY),2022-05-18,2022-06-28,2022-06-30,,,,0,,,,,,,,,,,,
SIBC,2022,False,montant dividende introuvable (ni DIVIDEND ni DIVIDEND_HISTORY),2023-05-12,2023-08-09,2023-08-11,,,,0,,,,,,,,,,,,
SIBC,2023,False,montant dividende introuvable (ni DIVIDEND ni DIVIDEND_HISTORY),2024-06-04,2024-07-29,2024-07-31,,,,0,,,,,,,,,,,,
SIBC,2024,False,montant dividende introuvable (ni DIVIDEND ni DIVIDEND_HISTORY),2025-05-23,2025-07-29,2025-07-31,,,,0,,,,,,,,,,,,
SIBC,2025,False,montant dividende introuvable (ni DIVIDEND ni DIVIDEND_HISTORY),2026-05-12,2026-07-30,2026-07-31,,,,0,,,,,,,,,,,,
SICC,,False,aucun événement dividende (AG/EX_DIVIDEND) trouvé pour ce ticker,,,,,,,,,,,,,,,,,,,
SIVC,,False,aucun événement dividende (AG/EX_DIVIDEND) trouvé pour ce ticker,,,,,,,,,,,,,,,,,,,
SLBC,2021,False,montant dividende introuvable (ni DIVIDEND ni DIVIDEND_HISTORY),2022-06-20,2022-08-10,2022-08-12,,,,0,,,,,,,,,,,,
SLBC,2023,True,,2024-05-31,2024-09-12,2025-07-29,1074.0,12.34,DIVIDEND_HISTORY,0,8325.0,8325.0,8659.0,19000.0,0.0,-334.0,-31.1,119.42,128.23,0,0.0,576.0
SLBC,2024,True,,2025-05-21,2025-07-25,2025-07-29,1872.0,14.45,DIVIDEND_HISTORY,0,17200.0,19320.0,18600.0,19000.0,12.33,720.0,38.5,2.15,10.47,385.0,1258.0,67.0
SMBC,2021,True,,2022-06-21,2022-08-22,2022-08-24,720.0,10.43,DIVIDEND_HISTORY,0,7150.0,5905.0,5905.0,5930.0,-17.41,0.0,0.0,0.42,-17.06,739.0,755.0,288.0
SMBC,2022,False,pas d'AG trouvée dans la fenêtre 5-120j avant EX_DIVIDEND,,2023-08-29,2023-08-31,1080.0,15.88,DIVIDEND_HISTORY,0,,,,,,,,,,,,
SMBC,2023,True,,2024-06-14,2024-09-26,2024-09-30,616.0,5.85,DIVIDEND_HISTORY,0,11800.0,14600.0,13540.0,13540.0,23.73,1060.0,172.1,0.0,14.75,300.0,818.0,1227
SMBC,2024,False,pas d'AG trouvée dans la fenêtre 5-120j avant EX_DIVIDEND,,2025-09-11,2025-09-15,704.0,8.18,DIVIDEND_HISTORY,0,,,,,,,,,,,,
SMBC,2025,False,montant dividende introuvable (ni DIVIDEND ni DIVIDEND_HISTORY),2026-06-23,2026-09-14,2026-09-15,,,,0,,,,,,,,,,,,
SNTS,2021,True,,2022-04-28,2022-05-16,2022-05-18,1500.0,10.73,DIVIDEND_HISTORY,0,15950.0,15565.0,15565.0,14725.0,-2.41,0.0,0.0,-5.4,-7.68,8954.0,9847.0,7264
SNTS,2022,True,,2023-04-18,2023-05-15,2023-05-17,1575.0,10.36,DIVIDEND_HISTORY,0,15800.0,15000.0,15000.0,15000.0,-5.06,0.0,0.0,0.0,-5.06,1029.0,4767.0,2552.0
SNTS,2023,False,prix manquant sur une des 4 dates clés (annonce/veille-ex/ex/paiement),2024-04-25,2024-05-15,2024-05-17,1655.0,9.2,DIVIDEND_HISTORY,0,,,,,,,,,,,,
SNTS,2024,False,prix manquant sur une des 4 dates clés (annonce/veille-ex/ex/paiement),2025-04-17,2025-05-20,2025-05-22,1740.0,7.25,DIVIDEND_HISTORY,0,,,,,,,,,,,,
SNTS,2025,True,,2026-04-16,2026-05-22,2026-05-25,1740.0,6.11,DIVIDEND,0,28500.0,28850.0,28900.0,28500.0,1.23,-50.0,-2.9,-1.38,0.0,11333.0,7645.0,3890.0
SOGC,2021,True,,2022-06-15,2022-07-19,2022-07-21,554.0,11.09,DIVIDEND_HISTORY,0,6500.0,6500.0,6300.0,6270.0,0.0,200.0,36.1,-0.48,-3.54,1610.0,816.0,290
SOGC,2022,True,,2023-06-13,2023-07-13,2023-07-17,207.0,3.65,DIVIDEND_HISTORY,0,4850.0,4350.0,4075.0,4245.0,-10.31,275.0,132.9,4.17,-12.47,5224.0,4022.0,1798.0
SOGC,2023,True,,2024-05-24,2024-08-02,2024-08-06,528.0,16.15,DIVIDEND_HISTORY,0,3145.0,3990.0,3850.0,3900.0,26.87,140.0,26.5,1.3,24.01,1701.0,2133.0,1131.0
SOGC,2024,True,,2025-05-20,2025-07-11,2025-07-15,502.0,10.88,DIVIDEND_HISTORY,0,6985.0,7640.0,7155.0,7175.0,9.38,485.0,96.6,0.28,2.72,6460.0,5388.0,7694
SOGC,2025,False,pas d'AG trouvée dans la fenêtre 5-120j avant EX_DIVIDEND,,2026-09-29,2026-09-30,,,,0,,,,,,,,,,,,
SPHC,2021,True,,2022-06-13,2022-08-02,2022-08-04,294.0,5.67,DIVIDEND_HISTORY,0,6000.0,6245.0,6235.0,5995.0,4.08,10.0,3.4,-3.85,-0.08,517.0,2415.0,421.0
SPHC,2022,True,,2023-06-12,2023-09-26,2023-09-29,65.0,1.3,DIVIDEND_HISTORY,0,3250.0,3095.0,2900.0,2700.0,-4.77,195.0,300.0,-6.9,-16.92,1760.0,2589.0,3232.0
SPHC,2023,True,,2024-06-04,2024-08-08,2024-08-12,324.0,13.79,DIVIDEND_HISTORY,0,2375.0,2900.0,2900.0,2995.0,22.11,0.0,0.0,3.28,26.11,809.0,2290.0,298.0
SPHC,2024,True,,2025-04-08,2025-07-15,2025-07-17,430.0,10.39,DIVIDEND_HISTORY,0,4475.0,6455.0,6335.0,6200.0,44.25,120.0,27.9,-2.13,38.55,3961.0,3488.0,60699
STAC,2021,False,montant dividende introuvable (ni DIVIDEND ni DIVIDEND_HISTORY),2022-06-15,2022-07-14,2022-07-18,,,,0,,,,,,,,,,,,
STBC,2021,True,,2022-06-28,2022-07-19,2022-07-21,540.0,8.74,DIVIDEND_HISTORY,0,5900.0,5950.0,5810.0,6000.0,0.85,140.0,25.9,3.27,1.69,288.0,843.0,77
STBC,2022,True,,2023-06-30,2023-07-25,2023-07-27,675.0,9.85,DIVIDEND_HISTORY,0,6330.0,6950.0,6790.0,6800.0,9.79,160.0,23.7,0.15,7.42,1268.0,2584.0,478.0
STBC,2023,True,,2024-06-21,2024-07-25,2024-07-29,2090.0,35.16,DIVIDEND_HISTORY,0,7000.0,7000.0,6790.0,6780.0,0.0,210.0,10.0,-0.15,-3.14,4038.0,3426.0,535
STBC,2024,True,,2025-07-30,2025-08-27,2025-08-29,1707.0,23.39,DIVIDEND_HISTORY,0,19500.0,21450.0,19600.0,18900.0,10.0,1850.0,108.4,-3.57,-3.08,4450.0,2632.0,2139
STBC,2025,False,montant dividende introuvable (ni DIVIDEND ni DIVIDEND_HISTORY),2026-07-15,2026-08-27,2026-08-28,,,,0,,,,,,,,,,,,
TTLC,2021,True,,2022-06-16,2022-08-23,2022-08-25,176.0,8.36,DIVIDEND_HISTORY,0,2370.0,2270.0,2265.0,2200.0,-4.22,5.0,2.8,-2.87,-7.17,3648.0,1868.0,1061.0
TTLC,2022,True,,2023-06-15,2023-09-19,2023-09-21,200.0,10.55,DIVIDEND_HISTORY,0,2145.0,2295.0,2150.0,2155.0,6.99,145.0,72.5,0.23,0.47,2333.0,11301.0,3591.0
TTLC,2023,True,,2024-06-21,2024-09-13,2024-09-17,196.0,10.87,DIVIDEND_HISTORY,0,2095.0,2690.0,2490.0,2385.0,28.4,200.0,102.0,-4.22,13.84,2386.0,7394.0,1563.0
TTLC,2024,True,,2025-06-19,2025-09-01,2025-09-03,140.0,5.6,DIVIDEND_HISTORY,0,2575.0,2445.0,2445.0,2440.0,-5.05,0.0,0.0,-0.2,-5.24,13440.0,9498.0,3752
TTLC,2025,False,pas d'AG trouvée dans la fenêtre 5-120j avant EX_DIVIDEND,,2026-09-29,2026-09-30,,,,0,,,,,,,,,,,,
TTLS,,False,aucun événement dividende (AG/EX_DIVIDEND) trouvé pour ce ticker,,,,,,,,,,,,,,,,,,,
UNLC,,False,aucun événement dividende (AG/EX_DIVIDEND) trouvé pour ce ticker,,,,,,,,,,,,,,,,,,,
UNXC,,False,aucun événement dividende (AG/EX_DIVIDEND) trouvé pour ce ticker,,,,,,,,,,,,,,,,,,,
