ticker,fiscal_year,exploitable,raison_non_exploitable,date_paiement,date_ex,montant,yield_pct,source_montant,n_jours_avec_prix,prix_debut_fenetre_j_moins_60,prix_veille_paiement_j_moins_1,prix_jour_paiement_j0,prix_fin_fenetre_j_plus_60,prix_moyen_avant,prix_moyen_apres,variation_totale_pct,variation_avant_pct,variation_apres_pct,volume_moyen_avant,volume_moyen_apres,ratio_volume_apres_sur_avant
ABJC,,False,aucun DIVIDEND_PAYMENT trouvé pour ce ticker,,,,,,,,,,,,,,,,,,
BICB,,False,aucun DIVIDEND_PAYMENT trouvé pour ce ticker,,,,,,,,,,,,,,,,,,
BICC,2021,True,,2022-07-15,2022-07-13,,,,83,6000.0,6250.0,6715.0,6700.0,6199.76,6575.0,11.67,4.17,-0.22,330.0,287.0,0.87
BICC,2022,True,,2023-07-31,2023-07-27,,,,83,6700.0,,6800.0,6895.0,6750.85,6862.32,2.91,,1.4,330.0,564.0,1.71
BICC,2023,True,,2024-06-27,2024-06-25,,,,80,7430.0,10705.0,10005.0,10000.0,9027.69,9719.12,34.59,44.08,-0.05,212.0,671.0,3.16
BICC,2024,True,,2025-05-23,2025-05-21,,,,80,16200.0,16950.0,17500.0,16700.0,15667.12,16722.44,3.09,4.63,-4.57,270.0,436.0,1.61
BICC,2025,True,,2026-07-06,2026-07-03,,,,72,24995.0,29380.0,29380.0,28100.0,27877.03,28355.42,12.42,17.54,-4.36,440.0,609,1.38
BNBC,2022,True,,2023-07-24,2023-07-20,,,,83,1950.0,,2080.0,1910.0,1996.25,1951.31,-2.05,,-8.17,438.0,629.0,1.44
BOAB,2021,True,,2022-05-25,2022-05-23,273.0,10.3,DIVIDEND_HISTORY,80,3325.0,3000.0,2950.0,3097.5,3260.19,3041.06,-6.84,-9.77,5.0,1476.0,1336.0,0.91
BOAB,2022,True,,2023-05-25,2023-05-23,353.0,11.87,DIVIDEND_HISTORY,79,3125.0,2872.5,2900.0,3047.5,3097.76,2907.88,-2.48,-8.08,5.09,1146.0,3643.0,3.18
BOAB,2023,True,,2024-05-27,2024-05-23,468.0,14.72,DIVIDEND_HISTORY,81,3445.0,,3525.0,3375.0,3589.32,3358.2,-2.03,,-4.26,2786.0,2057.0,0.74
BOAB,2024,True,,2025-06-03,2025-05-30,585.0,15.88,DIVIDEND_HISTORY,81,4655.0,4270.0,4300.0,4315.0,4718.46,4418.9,-7.3,-8.27,0.35,8603.0,30047.0,3.49
BOAB,2025,True,,2026-05-15,2026-05-14,585.0,6.22,DIVIDEND,115,7685.0,9410.0,9410.0,8800.0,8122.91,8950.25,14.51,22.45,-6.48,5359.0,3615.0,0.67
BOABF,2021,True,,2022-05-04,2022-04-29,224.0,7.23,DIVIDEND_HISTORY,80,3090.0,2950.0,2925.0,2800.0,3059.55,2712.56,-9.39,-4.53,-4.27,1395.0,1100.0,0.79
BOABF,2022,True,,2023-05-05,2023-05-03,352.0,13.54,DIVIDEND_HISTORY,80,2825.0,2800.0,2800.0,3050.0,2850.69,2827.82,7.96,-0.88,8.93,1707.0,2059.0,1.21
BOABF,2023,True,,2024-05-06,2024-05-02,428.0,12.26,DIVIDEND_HISTORY,81,3500.0,,3297.5,3310.0,3568.72,3266.4,-5.43,,0.38,1204.0,1884.0,1.56
BOABF,2024,True,,2025-04-22,2025-04-17,397.0,13.08,DIVIDEND_HISTORY,79,3495.0,,3895.0,3650.0,4098.72,3555.13,4.43,,-6.29,9075.0,3898.0,0.43
BOABF,2025,True,,2026-04-23,2026-04-22,397.0,7.05,DIVIDEND,108,4625.0,5630.0,5420.0,5595.0,5348.54,5489.49,20.97,21.73,3.23,5792.0,3612.0,0.62
BOAC,2021,True,,2022-04-28,2022-04-26,270.0,4.61,DIVIDEND_HISTORY,81,2732.5,2647.5,,2550.0,2759.05,2540.32,-6.68,-3.11,,2610.0,628.0,0.24
BOAC,2022,True,,2023-04-28,2023-04-26,342.0,9.24,DIVIDEND_HISTORY,81,2132.5,2425.0,2500.0,2775.0,2470.98,2531.28,30.13,13.72,11.0,5221.0,8255.0,1.58
BOAC,2023,True,,2024-04-29,2024-04-25,459.0,13.31,DIVIDEND_HISTORY,81,3600.0,,3420.0,3720.0,3615.5,3528.19,3.33,,8.77,3585.0,2690.0,0.75
BOAC,2024,True,,2025-05-20,2025-05-16,595.0,11.9,DIVIDEND_HISTORY,79,6125.0,6105.0,5990.0,6000.0,6059.61,6023.88,-2.04,-0.33,0.17,5656.0,6835.0,1.21
BOAC,2025,True,,2026-05-06,2026-05-05,594.53,7.0,DIVIDEND,111,8600.0,8850.0,8590.0,9200.0,8656.67,8940.08,6.98,2.91,7.1,18500.0,9609.0,0.52
BOAM,2023,True,,2024-05-21,2024-05-16,237.0,24.12,DIVIDEND_HISTORY,80,1070.0,,1050.0,1066.67,1098.38,1066.43,-0.31,,1.59,1565.0,996.0,0.64
BOAM,2024,True,,2025-06-03,2025-05-30,305.0,16.14,DIVIDEND_HISTORY,81,2400.0,2550.0,2600.0,3390.0,2653.08,3189.51,41.25,6.25,30.38,5849.0,8562.0,1.46
BOAM,2025,True,,2026-06-03,2026-06-02,305.04,6.5,DIVIDEND,105,4685.0,5000.0,,5755.0,4752.17,4915.33,22.84,6.72,,4380.0,6002.0,1.37
BOAN,2021,True,,2022-05-12,2022-05-10,355.0,11.12,DIVIDEND_HISTORY,81,3978.12,4359.38,4350.0,4000.0,4212.58,3991.8,0.55,9.58,-8.05,1360.0,2832.0,2.08
BOAN,2022,True,,2023-05-25,2023-05-23,381.0,10.53,DIVIDEND_HISTORY,79,3856.25,3496.88,3496.88,3693.75,3777.06,3654.14,-4.21,-9.32,5.63,3150.0,1909.0,0.61
BOAN,2023,True,,2024-05-31,2024-05-29,209.0,6.21,DIVIDEND_HISTORY,81,3806.25,3431.25,3406.25,3284.38,3709.06,3304.27,-13.71,-9.85,-3.58,2798.0,2008.0,0.72
BOAN,2024,True,,2025-06-03,2025-05-30,,,,81,2710.0,2600.0,2590.0,2455.0,2716.54,2568.54,-9.41,-4.06,-5.21,3364.0,7923.0,2.36
BOAS,2021,True,,2022-06-01,2022-05-30,125.0,7.98,DIVIDEND_HISTORY,80,1666.67,1566.67,1646.67,1600.0,1602.98,1609.43,-4.0,-6.0,-2.83,2295.0,2356.0,1.03
BOAS,2022,True,,2023-06-01,2023-05-30,200.0,12.24,DIVIDEND_HISTORY,79,1466.67,1716.67,1716.67,1923.33,1643.06,1838.86,31.14,17.05,12.04,2668.0,2958.0,1.11
BOAS,2023,True,,2024-06-27,2024-06-25,350.0,16.41,DIVIDEND_HISTORY,80,2390.0,2546.67,2566.67,3200.0,2607.52,2946.33,33.89,6.56,24.68,1702.0,2409.0,1.41
BOAS,2024,True,,2025-06-02,2025-05-28,450.0,14.29,DIVIDEND_HISTORY,82,3950.0,,3990.0,4445.0,4193.46,4226.19,12.53,,11.4,12049.0,10301.0,0.85
BOAS,2025,True,,2026-06-01,2026-05-29,450.0,6.63,DIVIDEND,107,6850.0,7545.0,7600.0,7700.0,7185.33,7366.3,12.41,10.15,1.32,5992.0,8670.0,1.45
BRVM30,,False,aucun DIVIDEND_PAYMENT trouvé pour ce ticker,,,,,,,,,,,,,,,,,,
BRVMC,,False,aucun DIVIDEND_PAYMENT trouvé pour ce ticker,,,,,,,,,,,,,,,,,,
CABC,2021,True,,2022-08-02,2022-07-29,69.0,6.8,DIVIDEND_HISTORY,83,1020.0,1070.0,1100.0,1085.0,1108.05,1104.88,6.37,4.9,-1.36,1085.0,1126.0,1.04
CABC,2022,True,,2023-08-02,2023-07-31,80.0,6.8,DIVIDEND_HISTORY,81,1005.0,1150.0,1235.0,1165.0,1070.98,1186.54,15.92,14.43,-5.67,443.0,247.0,0.56
CABC,2023,False,seulement 0 jours avec prix sur la fenêtre ±60j,2024-05-31,2024-05-29,113.0,10.16,DIVIDEND_HISTORY,,,,,,,,,,,,,
CABC,2024,False,seulement 0 jours avec prix sur la fenêtre ±60j,2025-06-02,2025-05-28,152.0,14.62,DIVIDEND_HISTORY,,,,,,,,,,,,,
CABC,2025,True,,2026-06-01,2026-05-29,152.02,4.35,DIVIDEND,107,3885.0,3500.0,3500.0,3650.0,3709.17,4013.48,-6.05,-9.91,4.29,2173.0,1628,0.75
CBIBF,2021,True,,2022-07-06,2022-07-04,525.0,5.0,DIVIDEND_HISTORY,81,9600.0,8900.0,8895.0,8690.0,9331.38,8891.25,-9.48,-7.29,-2.3,476.0,745.0,1.57
CBIBF,2022,True,,2023-07-06,2023-07-04,790.0,9.42,DIVIDEND_HISTORY,81,8000.0,8280.0,8280.0,8350.0,7972.5,8215.5,4.38,3.5,0.85,663.0,492.0,0.74
CBIBF,2023,True,,2024-07-05,2024-07-03,555.0,5.97,DIVIDEND_HISTORY,81,9495.0,10400.0,10415.0,10000.0,10161.71,10159.23,5.32,9.53,-3.98,1006.0,1182.0,1.18
CBIBF,2024,True,,2025-07-07,2025-07-03,900.0,9.1,DIVIDEND_HISTORY,81,9800.0,,9855.0,9705.0,10147.05,9811.46,-0.97,,-1.52,1520.0,1049.0,0.69
CBIBF,2025,True,,2026-06-19,2026-06-18,900.0,4.05,DIVIDEND,89,16805.0,22400.0,22400.0,28490.0,19277.29,25056.38,69.53,33.29,27.19,1033.0,1183.0,1.15
CFAC,2021,True,,2022-08-02,2022-07-29,29.0,2.41,DIVIDEND_HISTORY,83,800.0,850.0,835.0,850.0,871.34,858.29,6.25,6.25,1.8,3743.0,1733.0,0.46
CFAC,2022,True,,2023-09-15,2023-09-13,16.0,1.71,DIVIDEND_HISTORY,83,845.0,905.0,900.0,790.0,910.0,812.25,-6.51,7.1,-12.22,1354.0,1788.0,1.32
CFAC,2023,True,,2024-08-30,2024-08-28,7.0,0.84,DIVIDEND_HISTORY,84,685.0,685.0,,635.0,675.48,662.74,-7.3,0.0,,1162.0,4566.0,3.93
CFAC,2024,True,,2025-08-19,2025-08-14,55.0,9.24,DIVIDEND_HISTORY,83,665.0,670.0,675.0,1475.0,665.62,1085.24,121.8,0.75,118.52,3171.0,11287.0,3.56
CIEC,2021,True,,2022-07-25,2022-07-21,158.0,8.31,DIVIDEND_HISTORY,83,2295.0,,2230.0,2245.0,2341.0,2209.76,-2.18,,0.67,2088.0,1971.0,0.94
CIEC,2022,True,,2023-07-31,2023-07-27,171.0,8.59,DIVIDEND_HISTORY,83,2045.0,,2200.0,2000.0,2131.83,2054.15,-2.2,,-9.09,2237.0,5910.0,2.64
CIEC,2023,True,,2024-07-30,2024-07-26,158.0,9.32,DIVIDEND_HISTORY,82,1880.0,1920.0,1930.0,2195.0,1969.15,2068.12,16.76,2.13,13.73,7381.0,5618.0,0.76
CIEC,2024,True,,2025-07-31,2025-07-29,374.0,10.52,DIVIDEND_HISTORY,81,2395.0,2250.0,2300.0,2295.0,2455.61,2249.87,-4.18,-6.05,-0.22,3114.0,4302.0,1.38
CIEC,2025,True,,2026-07-01,2026-06-30,234.0,4.38,DIVIDEND,77,3250.0,5300.0,5315.0,5195.0,4254.49,5291.47,59.85,63.08,-2.26,6422.0,4020.0,0.63
ECOC,2021,True,,2022-04-29,2022-04-26,549.0,11.47,DIVIDEND_HISTORY,82,4500.0,,4695.0,4500.0,4880.6,4441.92,0.0,,-4.15,3245.0,19039.0,5.87
ECOC,2022,True,,2023-05-30,2023-05-25,594.0,12.01,DIVIDEND_HISTORY,79,4950.0,,5280.0,5780.0,5347.78,5438.1,16.77,,9.47,4714.0,3720.0,0.79
ECOC,2023,True,,2024-05-30,2024-05-28,708.0,10.41,DIVIDEND_HISTORY,80,6895.0,7300.0,7300.0,7300.0,6933.68,7033.9,5.87,5.87,0.0,2422.0,1665.0,0.69
ECOC,2024,True,,2025-05-30,2025-05-27,781.0,8.88,DIVIDEND_HISTORY,81,9860.0,,11150.0,11600.0,10351.38,11409.25,17.65,,4.04,897.0,1492.0,1.66
ECOC,2025,True,,2026-05-22,2026-05-21,888.0,5.45,DIVIDEND,116,16300.0,16300.0,16300.0,16000.0,16243.56,16591.52,-1.84,0.0,-1.84,1652.0,3226.0,1.95
ETIT,2021,True,,2022-06-20,2022-06-16,,,,81,17.0,,16.0,18.0,16.26,17.21,5.88,,12.5,568618.0,498019.0,0.88
ETIT,2022,True,,2023-06-08,2023-06-06,,,,78,17.0,18.0,18.0,18.0,17.89,17.9,5.88,5.88,0.0,352843.0,207900.0,0.59
FTSC,2023,True,,2024-09-30,2024-09-26,1727.0,93.83,DIVIDEND_HISTORY,82,843.02,,837.21,1046.51,856.14,861.37,24.14,,25.0,1647.0,4847.0,2.94
FTSC,2024,True,,2025-09-30,2025-09-26,,,,82,2877.91,2345.0,2520.0,2240.0,2721.92,2607.38,-22.17,-18.52,-11.11,11798.0,10699.0,0.91
LNBB,,False,aucun DIVIDEND_PAYMENT trouvé pour ce ticker,,,,,,,,,,,,,,,,,,
NEIC,2022,True,,2023-09-22,2023-09-20,,,,82,690.0,650.0,650.0,595.0,662.86,618.85,-13.77,-5.8,-8.46,266.0,240.0,0.9
NEIC,2023,True,,2024-06-25,2024-06-21,,,,80,745.0,840.0,815.0,765.0,796.05,778.17,2.68,12.75,-6.13,1783.0,458.0,0.26
NSBC,2022,True,,2023-07-07,2023-07-05,455.0,7.62,DIVIDEND_HISTORY,82,5305.0,5480.0,5480.0,5900.0,5215.98,5656.25,11.22,3.3,7.66,669.0,976.0,1.46
NSBC,2023,True,,2024-07-08,2024-07-04,671.0,11.18,DIVIDEND_HISTORY,81,5715.0,,6150.0,6490.0,6059.49,6135.61,13.56,,5.53,1048.0,1195.0,1.14
NSBC,2024,True,,2025-07-09,2025-07-07,676.0,9.53,DIVIDEND_HISTORY,79,8690.0,9405.0,9650.0,10000.0,9199.87,9692.69,15.07,8.23,3.63,2912.0,2005.0,0.69
NTLC,2021,True,,2022-08-02,2022-07-29,728.0,15.81,DIVIDEND_HISTORY,83,7000.0,6890.0,6795.0,7100.0,7120.61,6715.98,1.43,-1.57,4.49,1923.0,5461.0,2.84
NTLC,2022,True,,2023-08-08,2023-08-03,675.0,8.19,DIVIDEND_HISTORY,82,7700.0,,8600.0,7895.0,8067.12,8418.9,2.53,,-8.2,2211.0,1384.0,0.63
NTLC,2023,True,,2024-08-20,2024-08-16,722.0,9.78,DIVIDEND_HISTORY,83,7495.0,7180.0,7175.0,7125.0,7540.62,7022.98,-4.94,-4.2,-0.7,4106.0,6508.0,1.58
NTLC,2024,True,,2025-08-18,2025-08-13,370.0,4.64,DIVIDEND_HISTORY,84,11100.0,,12200.0,13400.0,11660.88,12897.79,20.72,,9.84,2337.0,1798.0,0.77
ONTBF,2021,True,,2022-06-15,2022-06-13,288.0,7.3,DIVIDEND_HISTORY,79,1590.0,1470.0,1460.5,1480.0,1529.73,1460.27,-6.92,-7.55,1.34,13767.0,7249.0,0.53
ONTBF,2022,True,,2023-06-26,2023-06-22,266.0,8.33,DIVIDEND_HISTORY,81,1599.0,,1530.0,1631.0,1534.21,1613.51,2.0,,6.6,10399.0,8647.0,0.83
ONTBF,2023,True,,2024-07-31,2024-07-29,195.0,8.55,DIVIDEND_HISTORY,81,1920.0,2069.0,2070.0,2399.5,1964.93,2269.47,24.97,7.76,15.92,10049.0,9200.0,0.92
ONTBF,2024,True,,2025-07-21,2025-07-17,145.0,6.33,DIVIDEND_HISTORY,81,2520.0,,2535.0,2592.5,2528.01,2519.17,2.88,,2.27,11073.0,7794.0,0.7
ONTBF,2025,True,,2026-06-15,2026-06-12,145.32,5.36,DIVIDEND,93,2795.0,2815.0,2815.0,2675.0,2809.75,2779.09,-4.29,0.72,-4.97,2447.0,3928.0,1.61
ORAC,2022,True,,2023-06-15,2023-06-13,780.0,7.64,DIVIDEND_HISTORY,79,9050.0,9450.0,9305.0,9900.0,9428.42,9798.75,9.39,4.42,6.39,5923.0,5502.0,0.93
ORAC,2023,True,,2024-06-03,2024-05-30,660.0,6.06,DIVIDEND_HISTORY,82,10900.0,,11485.0,13385.0,11116.32,12104.65,22.8,,16.54,1824.0,1795.0,0.98
ORAC,2024,True,,2025-06-11,2025-06-05,704.0,4.02,DIVIDEND_HISTORY,79,14605.0,15750.0,15750.0,14100.0,15203.65,14677.2,-3.46,7.84,-10.48,1366.0,3292.0,2.41
ORAC,2025,True,,2026-06-08,2026-06-05,800.0,5.14,DIVIDEND,100,15000.0,16605.0,16275.0,16160.0,15308.73,16302.62,7.73,10.7,-0.71,1353.0,2844.0,2.1
ORGT,,False,aucun DIVIDEND_PAYMENT trouvé pour ce ticker,,,,,,,,,,,,,,,,,,
PALC,2021,True,,2022-08-31,2022-08-29,,,,83,12500.0,11200.0,11110.0,10895.0,12115.38,10502.02,-12.84,-10.4,-1.94,7198.0,11284.0,1.57
PALC,2022,True,,2023-07-19,2023-07-17,,,,81,9850.0,8890.0,8875.0,7695.0,9875.88,8042.62,-21.88,-9.75,-13.3,4913.0,2938,0.6
PALC,2023,True,,2024-07-26,2024-07-24,,,,83,6000.0,5750.0,5895.0,4800.0,6028.02,5051.54,-20.0,-4.17,-18.58,3485.0,5070.0,1.45
PALC,2024,True,,2025-09-10,2025-09-08,,,,82,8250.0,8500.0,8600.0,8060.0,8695.64,8955.83,-2.3,3.03,-6.28,3850.0,6992.0,1.82
PALC,2025,True,,2026-06-29,2026-06-26,,,,79,7900.0,8800.0,8675.0,8690.0,8073.98,8756.58,10.0,11.39,0.17,3435.0,6837.0,1.99
PRSC,2021,True,,2022-08-30,2022-08-26,224.0,5.34,DIVIDEND_HISTORY,84,3750.0,3650.0,3700.0,3600.0,3698.12,3554.42,-4.0,-2.67,-2.7,380.0,162.0,0.43
PRSC,2022,True,,2023-09-13,2023-09-11,183.0,5.73,DIVIDEND_HISTORY,81,3095.0,3335.0,3300.0,2035.0,3151.62,2691.75,-34.25,7.75,-38.33,408.0,260.0,0.64
PRSC,2023,False,seulement 0 jours avec prix sur la fenêtre ±60j,2024-09-24,2024-09-20,182.0,9.59,DIVIDEND_HISTORY,,,,,,,,,,,,,
PRSC,2024,False,seulement 0 jours avec prix sur la fenêtre ±60j,2025-09-30,2025-09-26,184.0,8.36,DIVIDEND_HISTORY,,,,,,,,,,,,,
SAFC,,False,aucun DIVIDEND_PAYMENT trouvé pour ce ticker,,,,,,,,,,,,,,,,,,
SCRC,,False,aucun DIVIDEND_PAYMENT trouvé pour ce ticker,,,,,,,,,,,,,,,,,,
SDCC,,False,aucun DIVIDEND_PAYMENT trouvé pour ce ticker,,,,,,,,,,,,,,,,,,
SDSC,2021,True,,2022-06-23,2022-06-21,,,,80,1100.0,1325.0,1325.0,1297.5,1248.53,1297.88,17.95,20.45,-2.08,1330.0,721.0,0.54
SDSC,2022,True,,2023-11-20,2023-11-16,,,,82,1200.0,,1125.0,1097.5,1165.42,1156.99,-8.54,,-2.44,2028.0,600.0,0.3
SDSC,2023,True,,2024-12-12,2024-12-10,,,,82,1356.25,1398.75,1443.75,1496.25,1366.86,1428.47,10.32,3.13,3.64,3906.0,1082.0,0.28
SDSC,2024,True,,2025-08-29,2025-08-27,,,,84,1500.0,1506.25,1525.0,1545.0,1500.77,1525.58,3.0,0.42,1.31,695.0,1140.0,1.64
SEMC,,False,aucun DIVIDEND_PAYMENT trouvé pour ce ticker,,,,,,,,,,,,,,,,,,
SGBC,,False,aucun DIVIDEND_PAYMENT trouvé pour ce ticker,,,,,,,,,,,,,,,,,,
SHEC,2021,True,,2022-10-28,2022-10-26,53.0,6.16,DIVIDEND_HISTORY,84,850.0,865.0,875.0,790.0,867.73,779.36,-7.06,1.76,-9.71,974.0,1770.0,1.82
SHEC,2022,True,,2023-12-28,2023-12-26,57.0,7.6,DIVIDEND_HISTORY,81,805.0,760.0,745.0,780.0,813.12,778.88,-3.11,-5.59,4.7,1360.0,1198.0,0.88
SHEC,2023,False,seulement 0 jours avec prix sur la fenêtre ±60j,2024-09-27,2024-09-25,75.0,9.49,DIVIDEND_HISTORY,,,,,,,,,,,,,
SHEC,2024,False,seulement 0 jours avec prix sur la fenêtre ±60j,2025-10-22,2025-10-20,85.0,9.67,DIVIDEND_HISTORY,,,,,,,,,,,,,
SIBC,2021,True,,2022-06-30,2022-06-28,,,,81,2210.0,2107.5,2100.0,2272.5,2278.81,2206.0,2.83,-4.64,8.21,3804.0,7125.0,1.87
SIBC,2022,True,,2023-08-11,2023-08-09,,,,83,2500.0,2600.0,2617.5,2670.0,2611.13,2637.0,6.8,4.0,2.01,4636.0,4606.0,0.99
SIBC,2023,True,,2024-07-31,2024-07-29,,,,81,2975.0,3152.5,3300.0,3300.0,3244.45,3183.59,10.92,5.97,0.0,2657.0,3133.0,1.18
SIBC,2024,True,,2025-07-31,2025-07-29,,,,81,4900.0,4950.0,4800.0,5505.0,4881.46,5122.05,12.35,1.02,14.69,13110.0,6891.0,0.53
SIBC,2025,True,,2026-07-31,2026-07-30,,,,47,8475.0,,,8760.0,8852.55,,3.36,,,7168.0,,
SICC,,False,aucun DIVIDEND_PAYMENT trouvé pour ce ticker,,,,,,,,,,,,,,,,,,
SIVC,,False,aucun DIVIDEND_PAYMENT trouvé pour ce ticker,,,,,,,,,,,,,,,,,,
SLBC,2021,True,,2022-08-12,2022-08-10,,,,85,14500.0,13500.0,13500.0,10500.0,14686.31,11360.32,-27.59,-6.9,-22.22,45.0,12.0,0.26
SLBC,2023,True,,2024-08-14,2024-09-12,1074.0,12.34,DIVIDEND_HISTORY,81,8325.0,8325.0,8325.0,18200.0,8325.0,10054.98,118.62,0.0,118.62,0,752.0,
SLBC,2024,True,,2025-07-29,2025-07-25,1872.0,14.45,DIVIDEND_HISTORY,81,16900.0,18500.0,19000.0,18450.0,17736.25,18466.75,9.17,9.47,-2.89,1305.0,368.0,0.28
SMBC,2021,True,,2022-08-24,2022-08-22,720.0,10.43,DIVIDEND_HISTORY,83,7260.0,6050.0,5930.0,6900.0,7088.25,6486.19,-4.96,-16.67,16.36,579.0,834.0,1.44
SMBC,2022,True,,2023-08-31,2023-08-29,1080.0,15.88,DIVIDEND_HISTORY,83,7800.0,9095.0,9100.0,9890.0,8884.15,9356.83,26.79,16.6,8.68,1905.0,1059.0,0.56
SMBC,2023,True,,2024-09-30,2024-09-26,616.0,5.85,DIVIDEND_HISTORY,82,12700.0,,13540.0,9515.0,13819.23,11662.5,-25.08,,-29.73,879.0,1605.0,1.83
SMBC,2024,True,,2025-09-15,2025-09-11,704.0,8.18,DIVIDEND_HISTORY,84,8800.0,,9200.0,9845.0,9483.72,9658.64,11.88,,7.01,575.0,798.0,1.39
SMBC,2025,False,seulement 2 jours avec prix sur la fenêtre ±60j,2026-09-15,2026-09-14,,,,,,,,,,,,,,,,
SNTS,2021,True,,2022-05-18,2022-05-16,1500.0,10.73,DIVIDEND_HISTORY,80,15500.0,15000.0,14725.0,14490.0,15834.1,14551.62,-6.52,-3.23,-1.6,7166.0,7330.0,1.02
SNTS,2022,True,,2023-05-17,2023-05-15,1575.0,10.36,DIVIDEND_HISTORY,78,15895.0,15000.0,15000.0,15675.0,15850.26,15222.69,-1.38,-5.63,4.5,2849.0,5066.0,1.78
SNTS,2023,False,seulement 0 jours avec prix sur la fenêtre ±60j,2024-05-17,2024-05-15,1655.0,9.2,DIVIDEND_HISTORY,,,,,,,,,,,,,
SNTS,2024,False,seulement 0 jours avec prix sur la fenêtre ±60j,2025-05-22,2025-05-20,1740.0,7.25,DIVIDEND_HISTORY,,,,,,,,,,,,,
SNTS,2025,True,,2026-05-25,2026-05-22,1740.0,6.11,DIVIDEND,114,28425.0,28500.0,28500.0,32000.0,28695.25,29178.96,12.58,0.26,12.28,8455.0,5507.0,0.65
SOGC,2021,True,,2022-07-21,2022-07-19,554.0,11.09,DIVIDEND_HISTORY,82,6600.0,6300.0,6270.0,5990.0,6517.93,5916.62,-9.24,-4.55,-4.47,1092.0,1057.0,0.97
SOGC,2022,True,,2023-07-17,2023-07-13,207.0,3.65,DIVIDEND_HISTORY,82,4700.0,,4245.0,3700.0,4825.64,3870.36,-21.28,,-12.84,4431.0,1926.0,0.43
SOGC,2023,True,,2024-08-06,2024-08-02,528.0,16.15,DIVIDEND_HISTORY,82,3395.0,3930.0,3900.0,3800.0,3737.44,3910.25,11.93,15.76,-2.56,1732.0,1620.0,0.94
SOGC,2024,True,,2025-07-15,2025-07-11,502.0,10.88,DIVIDEND_HISTORY,80,6850.0,7400.0,7175.0,7800.0,7599.49,7518.12,13.87,8.03,8.71,5322.0,7537.0,1.42
SOGC,2025,False,seulement 0 jours avec prix sur la fenêtre ±60j,2026-09-30,2026-09-29,,,,,,,,,,,,,,,,
SPHC,2021,True,,2022-08-04,2022-08-02,294.0,5.67,DIVIDEND_HISTORY,83,5800.0,6235.0,5995.0,5800.0,6184.76,5740.88,0.0,7.5,-3.25,2158.0,2599.0,1.2
SPHC,2022,True,,2023-09-29,2023-09-26,65.0,1.3,DIVIDEND_HISTORY,82,3200.0,2890.0,2700.0,2000.0,3143.54,2437.12,-37.5,-9.69,-25.93,2593.0,1537.0,0.59
SPHC,2023,True,,2024-08-12,2024-08-08,324.0,13.79,DIVIDEND_HISTORY,83,2505.0,,2995.0,4250.0,2853.75,3381.07,69.66,,41.9,1861,1590.0,0.85
SPHC,2024,True,,2025-07-17,2025-07-15,430.0,10.39,DIVIDEND_HISTORY,80,6150.0,6200.0,6200.0,6990.0,6544.38,6631.41,13.66,0.81,12.74,7754.0,3955.0,0.51
STAC,2021,True,,2022-07-18,2022-07-14,,,,83,1200.0,,1190.0,1159.0,1226.5,1101.55,-3.42,,-2.61,1391.0,3626.0,2.61
STBC,2021,True,,2022-07-21,2022-07-19,540.0,8.74,DIVIDEND_HISTORY,82,6000.0,6000.0,6000.0,5700.0,6123.41,5480.38,-5.0,0.0,-5.0,1387.0,3804.0,2.74
STBC,2022,True,,2023-07-27,2023-07-25,675.0,9.85,DIVIDEND_HISTORY,82,6445.0,6800.0,6800.0,6200.0,6475.0,6151.12,-3.8,5.51,-8.82,1332.0,913.0,0.69
STBC,2023,True,,2024-07-29,2024-07-25,2090.0,35.16,DIVIDEND_HISTORY,83,7000.0,,6780.0,7245.0,7090.0,6893.78,3.5,,6.86,3253.0,2069.0,0.64
STBC,2024,True,,2025-08-29,2025-08-27,1707.0,23.39,DIVIDEND_HISTORY,84,17950.0,19005.0,18900.0,19780.0,19576.79,19353.05,10.19,5.88,4.66,3605.0,1973.0,0.55
STBC,2025,True,,2026-08-28,2026-08-27,,,,20,24500.0,,,23900.0,24170.0,,-2.45,,,3077.0,,
TTLC,2021,True,,2022-08-25,2022-08-23,176.0,8.36,DIVIDEND_HISTORY,84,2215.0,2200.0,2200.0,2250.0,2258.29,2271.31,1.58,-0.68,2.27,1896.0,2586.0,1.36
TTLC,2022,True,,2023-09-21,2023-09-19,200.0,10.55,DIVIDEND_HISTORY,81,2230.0,2155.0,2155.0,1855.0,2199.88,2012.05,-16.82,-3.36,-13.92,16349.0,3366.0,0.21
TTLC,2023,True,,2024-09-17,2024-09-13,196.0,10.87,DIVIDEND_HISTORY,81,2175.0,2420.0,2385.0,2490.0,2398.85,2381.95,14.48,11.26,4.4,9271.0,4594.0,0.5
TTLC,2024,True,,2025-09-03,2025-09-01,140.0,5.6,DIVIDEND_HISTORY,82,2670.0,2440.0,2440.0,2380.0,2557.0,2407.44,-10.86,-8.61,-2.46,9392.0,12176.0,1.3
TTLC,2025,False,seulement 0 jours avec prix sur la fenêtre ±60j,2026-09-30,2026-09-29,,,,,,,,,,,,,,,,
TTLS,,False,aucun DIVIDEND_PAYMENT trouvé pour ce ticker,,,,,,,,,,,,,,,,,,
UNLC,,False,aucun DIVIDEND_PAYMENT trouvé pour ce ticker,,,,,,,,,,,,,,,,,,
UNXC,,False,aucun DIVIDEND_PAYMENT trouvé pour ce ticker,,,,,,,,,,,,,,,,,,
