ticker,date,signal,score,market_regime,liquidity_tier,confidence,regime_bull,vol_20d,price_signal,cj5,cj10,cj20,cj30,cj60,cj90
SDSC,2026-04-03,EVITER,15,UNKNOWN,liquid,60,0,5702.2,1855.0,0,0,1,1.0,,
SPHC,2026-04-03,EVITER,27,UNKNOWN,liquid,60,0,3703.45,7040.0,0,0,0,1.0,,
BOAN,2026-04-03,EVITER,35,UNKNOWN,liquid,60,0,10140.35,2660.0,0,0,0,0.0,,
SIVC,2026-04-03,ACHAT,72,UNKNOWN,liquid,100,0,8627.05,2930.0,1,1,0,0.0,,
CBIBF,2026-04-03,ACHAT,83,UNKNOWN,liquid,100,0,3008.2,14885.0,1,1,1,1.0,,
PALC,2026-04-03,EVITER,26,UNKNOWN,liquid,60,0,3280.0,8150.0,0,0,1,1.0,,
NTLC,2026-04-03,EVITER,39,UNKNOWN,liquid,60,0,3140.65,12450.0,1,1,1,1.0,,
SCRC,2026-04-03,EVITER,27,UNKNOWN,liquid,60,0,3024.9,1810.0,0,0,0,0.0,,
BOABF,2026-04-03,ACHAT,73,UNKNOWN,liquid,87,0,8099.25,5600.0,1,1,0,1.0,,
TTLS,2026-04-03,ACHAT,65,UNKNOWN,liquid,87,0,2436.1,3350.0,1,0,0,0.0,,
SOGC,2026-04-03,EVITER,34,UNKNOWN,liquid,60,0,3011.95,7690.0,0,0,0,1.0,,
ORGT,2026-04-03,EVITER,5,UNKNOWN,liquid,60,0,5305.85,3660.0,1,1,1,1.0,,
SEMC,2026-04-06,EVITER,39,UNKNOWN,illiquid,60,0,10631.75,1980.0,1,1,1,1.0,,
NTLC,2026-04-06,EVITER,35,UNKNOWN,prestige,60,0,3060.05,12300.0,1,1,0,1.0,,
ETIT,2026-04-06,ACHAT,80,UNKNOWN,liquid,73,0,1411986.0,32.0,1,0,0,0.0,,
SHEC,2026-04-06,ACHAT,71,UNKNOWN,liquid,87,0,5884.85,2200.0,0,0,0,0.0,,
ORGT,2026-04-06,EVITER,19,UNKNOWN,liquid,73,0,5283.25,3660.0,1,1,1,1.0,,
SNTS,2026-04-06,ACHAT,74,UNKNOWN,prestige,87,0,5942.65,29000.0,0,0,0,0.0,,
SDSC,2026-04-06,EVITER,26,UNKNOWN,liquid,60,0,6022.85,1860.0,0,0,1,1.0,,
ORAC,2026-04-06,EVITER,37,UNKNOWN,prestige,60,0,3454.9,14550.0,0,0,0,0.0,,
SGBC,2026-04-06,EVITER,37,UNKNOWN,prestige,60,0,1722.85,34200.0,1,1,0,1.0,,
PALC,2026-04-06,EVITER,31,UNKNOWN,prestige,60,0,2959.8,8150.0,0,1,1,1.0,,
SOGC,2026-04-06,EVITER,35,UNKNOWN,liquid,60,0,3002.35,7710.0,0,0,1,1.0,,
BOABF,2026-04-06,ACHAT,67,UNKNOWN,liquid,87,0,7344.3,5590.0,1,1,0,0.0,,
SIVC,2026-04-06,ACHAT,70,UNKNOWN,liquid,87,0,6921.6,2940.0,1,0,0,0.0,,
TTLS,2026-04-06,ACHAT,72,UNKNOWN,prestige,100,0,2082.25,3390.0,0,0,0,0.0,,
SPHC,2026-04-06,EVITER,26,UNKNOWN,prestige,60,0,3781.6,7000.0,0,0,0,1.0,,
TTLS,2026-04-07,ACHAT,83,BULL,prestige,87,1,1995.4,3370.0,0,0,0,0.0,,
TTLC,2026-04-07,EVITER,38,BULL,prestige,60,1,19976.3,2650.0,0,0,0,0.0,,
BOAN,2026-04-07,ACHAT,77,BULL,liquid,100,1,6995.7,2810.0,1,1,1,1.0,,
CIEC,2026-04-07,ACHAT,66,BULL,liquid,87,1,7772.3,3350.0,0,0,0,0.0,,
CBIBF,2026-04-07,ACHAT,77,BULL,liquid,100,1,2856.75,15000.0,1,1,1,1.0,,
SHEC,2026-04-07,ACHAT,74,BULL,liquid,73,1,5273.0,2190.0,0,0,0,0.0,,
PALC,2026-04-07,EVITER,37,BULL,prestige,60,1,2926.6,8200.0,0,1,1,1.0,,
ETIT,2026-04-07,ACHAT,74,BULL,liquid,87,1,1411986.0,34.0,0,0,0,0.0,,
BOABF,2026-04-07,ACHAT,81,BULL,liquid,87,1,6049.9,5650.0,1,0,0,0.0,,
SDSC,2026-04-07,EVITER,37,BULL,liquid,60,1,6067.85,1900.0,1,1,1,1.0,,
SMBC,2026-04-07,EVITER,38,BULL,prestige,53,1,818.45,11900.0,1,1,1,1.0,,
SIVC,2026-04-07,ACHAT,75,BULL,liquid,87,1,6649.2,2935.0,1,0,0,0.0,,
NTLC,2026-04-07,EVITER,36,BULL,prestige,60,1,2976.45,12300.0,1,1,0,1.0,,
NEIC,2026-04-07,ACHAT,68,BULL,liquid,73,1,2209.0,1380.0,0,0,1,1.0,,
ORGT,2026-04-07,EVITER,23,BULL,liquid,73,1,5264.3,3650.0,0,1,1,1.0,,
BOAC,2026-04-07,ACHAT,66,BULL,liquid,60,1,17651.2,8395.0,1,1,1,1.0,,
STAC,2026-04-07,ACHAT,94,BULL,liquid,100,1,5831.85,3625.0,0,0,0,0.0,,
SNTS,2026-04-07,ACHAT,78,BULL,prestige,87,1,5334.75,29000.0,0,0,0,0.0,,
SEMC,2026-04-07,EVITER,29,BULL,liquid,60,1,10631.75,1920.0,0,1,1,1.0,,
ETIT,2026-04-08,ACHAT,74,BULL,liquid,87,1,1373262.15,34.0,0,0,0,0.0,,
BOAS,2026-04-08,ACHAT,66,BULL,liquid,87,1,9199.45,6800.0,0,0,1,1.0,,
BOABF,2026-04-08,ACHAT,81,BULL,liquid,87,1,5483.4,5650.0,1,0,0,0.0,,
CBIBF,2026-04-08,ACHAT,76,BULL,liquid,100,1,2904.6,15000.0,1,1,1,1.0,,
STAC,2026-04-08,ACHAT,93,BULL,liquid,100,1,6351.4,3625.0,0,0,0,0.0,,
ORGT,2026-04-08,EVITER,24,BULL,liquid,73,1,5386.75,3650.0,1,1,1,1.0,,
BOAN,2026-04-08,ACHAT,75,BULL,liquid,100,1,7169.45,2810.0,1,1,1,1.0,,
BOAC,2026-04-08,ACHAT,66,BULL,liquid,60,1,21409.35,8395.0,1,1,1,1.0,,
TTLC,2026-04-08,EVITER,36,BULL,prestige,60,1,17183.4,2650.0,0,0,0,0.0,,
SIVC,2026-04-08,ACHAT,74,BULL,liquid,87,1,6586.7,2935.0,1,0,0,0.0,,
SHEC,2026-04-08,ACHAT,74,BULL,liquid,60,1,3979.35,2190.0,0,0,0,0.0,,
SNTS,2026-04-08,ACHAT,79,BULL,prestige,87,1,4569.2,29000.0,0,0,0,0.0,,
NTLC,2026-04-08,EVITER,39,BULL,prestige,60,1,2981.35,12300.0,1,1,0,1.0,,
TTLS,2026-04-08,ACHAT,82,BULL,prestige,87,1,1939.1,3370.0,0,0,0,0.0,,
SDSC,2026-04-08,EVITER,33,BULL,liquid,73,1,6410.85,1900.0,0,1,1,1.0,,
SEMC,2026-04-08,EVITER,32,BULL,liquid,60,1,9788.45,1920.0,0,1,1,1.0,,
SIBC,2026-04-09,ACHAT,61,BULL,prestige,73,1,7845.7,7000.0,0,1,0,1.0,,
SEMC,2026-04-09,EVITER,33,BULL,liquid,60,1,9548.75,1930.0,0,1,1,1.0,,
ETIT,2026-04-09,ACHAT,68,BULL,liquid,87,1,1280480.35,34.0,0,0,0,0.0,,
ORGT,2026-04-09,EVITER,32,BULL,liquid,73,1,5352.45,3600.0,1,1,1,1.0,,
UNXC,2026-04-09,EVITER,39,BULL,liquid,60,1,10848.6,1935.0,0,1,0,1.0,,
SGBC,2026-04-09,EVITER,32,BULL,prestige,60,1,1461.75,33100.0,0,1,0,0.0,,
NTLC,2026-04-09,EVITER,31,BULL,prestige,60,1,2861.2,12200.0,1,1,1,1.0,,
CBIBF,2026-04-09,ACHAT,75,BULL,liquid,100,1,2947.7,15000.0,1,1,1,1.0,,
SDSC,2026-04-09,EVITER,31,BULL,liquid,73,1,6467.15,1920.0,1,1,1,1.0,,
SIVC,2026-04-09,ACHAT,71,BULL,liquid,87,1,6520.1,2935.0,1,0,0,0.0,,
STBC,2026-04-09,ACHAT,67,BULL,liquid,60,1,1955.5,21340.0,0,0,0,1.0,,
BOAN,2026-04-09,ACHAT,82,BULL,liquid,100,1,7386.05,2800.0,1,1,1,1.0,,
SMBC,2026-04-09,EVITER,27,BULL,prestige,52,1,794.55,11850.0,0,1,1,0.0,,
TTLC,2026-04-09,EVITER,31,BULL,prestige,60,1,16847.2,2650.0,0,0,0,0.0,,
STAC,2026-04-09,ACHAT,93,BULL,liquid,100,1,6643.8,3895.0,0,0,0,0.0,,
SHEC,2026-04-09,ACHAT,68,BULL,liquid,60,1,3792.35,2185.0,0,0,0,0.0,,
SPHC,2026-04-09,EVITER,33,BULL,prestige,60,1,16400.35,7050.0,0,0,0,0.0,,
SNTS,2026-04-09,ACHAT,93,BULL,prestige,87,1,4333.4,28800.0,0,0,0,1.0,,
BOABF,2026-04-09,ACHAT,78,BULL,liquid,87,1,5118.75,5675.0,1,0,0,0.0,,
STAC,2026-04-10,ACHAT,91,BULL,liquid,100,1,5624.35,3605.0,0,0,0,0.0,,
SIBC,2026-04-10,ACHAT,62,BULL,prestige,87,1,7998.8,7100.0,0,0,0,0.0,,
BICC,2026-04-10,EVITER,43,BULL,illiquid,60,1,1764.85,23500.0,1,0,0,0.0,,
CBIBF,2026-04-10,ACHAT,75,BULL,liquid,98,1,1967.5,15060.0,1,1,1,1.0,,
NTLC,2026-04-10,EVITER,35,BULL,prestige,60,1,2868.05,12300.0,1,1,0,1.0,,
BOAB,2026-04-10,ACHAT,66,BULL,liquid,87,1,3651.6,7540.0,0,1,1,1.0,,
ETIT,2026-04-10,ACHAT,68,BULL,liquid,87,1,1211609.0,34.0,0,0,0,0.0,,
ORGT,2026-04-10,EVITER,25,BULL,liquid,73,1,5621.55,3650.0,1,1,1,1.0,,
PALC,2026-04-10,ACHAT,70,BULL,prestige,100,1,2555.35,8700.0,0,0,0,0.0,,
SHEC,2026-04-10,ACHAT,72,BULL,liquid,60,1,3588.3,2185.0,0,0,0,0.0,,
SNTS,2026-04-10,ACHAT,79,BULL,prestige,87,1,4124.3,28795.0,0,0,0,1.0,,
SMBC,2026-04-10,EVITER,37,BULL,prestige,52,1,788.15,11750.0,0,1,1,0.0,,
SIVC,2026-04-10,ACHAT,86,BULL,liquid,87,1,6278.3,3005.0,1,0,0,0.0,,
BOAN,2026-04-10,ACHAT,72,BULL,liquid,100,1,8561.45,2800.0,1,1,1,1.0,,
BOABF,2026-04-10,ACHAT,73,BULL,liquid,87,1,5086.7,5685.0,0,0,0,0.0,,
SEMC,2026-04-10,EVITER,34,BULL,liquid,60,1,8703.2,1920.0,1,1,1,1.0,,
SEMC,2026-04-11,EVITER,34,BULL,liquid,60,1,7957.45,1925.0,1,1,1,1.0,,
SIVC,2026-04-11,ACHAT,92,BULL,liquid,87,1,6339.4,3060.0,0,0,0,0.0,,
BOABF,2026-04-11,ACHAT,72,BULL,liquid,87,1,4662.4,5680.0,0,0,0,0.0,,
SMBC,2026-04-11,EVITER,34,BULL,prestige,52,1,756.9,11600.0,0,1,0,0.0,,
TTLC,2026-04-11,ACHAT,66,BULL,prestige,60,1,17098.95,2800.0,0,0,0,0.0,,
UNXC,2026-04-11,EVITER,38,BULL,liquid,60,1,10822.55,1960.0,1,1,1,1.0,,
BOAN,2026-04-11,ACHAT,74,BULL,liquid,100,1,7766.2,2825.0,1,1,1,1.0,,
UNLC,2026-04-11,EVITER,43,BULL,illiquid,54,1,53.35,58000.0,0,1,0,1.0,,
SHEC,2026-04-11,ACHAT,91,BULL,liquid,73,1,3364.95,2190.0,0,0,0,0.0,,
CBIBF,2026-04-11,ACHAT,78,BULL,liquid,95,1,1156.25,15200.0,1,1,1,1.0,,
STAC,2026-04-11,ACHAT,66,BULL,liquid,100,1,5555.75,3450.0,0,0,0,0.0,,
SNTS,2026-04-11,ACHAT,94,BULL,prestige,87,1,4012.9,28800.0,0,0,0,1.0,,
ETIT,2026-04-11,ACHAT,68,BULL,liquid,87,1,1131383.75,34.0,0,0,0,0.0,,
NEIC,2026-04-11,EVITER,36,BULL,liquid,60,1,3030.25,1370.0,0,0,0,0.0,,
NTLC,2026-04-11,EVITER,34,BULL,prestige,60,1,2864.55,12280.0,1,0,0,1.0,,
SDSC,2026-04-11,EVITER,24,BULL,liquid,73,1,8519.95,1895.0,1,1,1,1.0,,
ORGT,2026-04-11,EVITER,30,BULL,liquid,73,1,5653.95,3650.0,1,1,1,1.0,,
BOAB,2026-04-11,ACHAT,74,BULL,liquid,87,1,3502.85,7500.0,1,1,1,1.0,,
BICC,2026-04-11,EVITER,42,BULL,illiquid,60,1,1780.6,23500.0,1,0,0,0.0,,
SHEC,2026-04-12,ACHAT,91,BULL,liquid,73,1,3240.3,2190.0,0,0,0,0.0,,
SMBC,2026-04-12,EVITER,34,BULL,prestige,52,1,770.25,11600.0,1,0,0,0.0,,
SNTS,2026-04-12,ACHAT,94,BULL,prestige,87,1,5811.3,28800.0,0,0,0,1.0,,
STAC,2026-04-12,ACHAT,65,BULL,liquid,100,1,5516.95,3450.0,0,0,0,0.0,,
TTLC,2026-04-12,ACHAT,66,BULL,prestige,73,1,19619.9,2800.0,0,0,0,1.0,,
SIVC,2026-04-12,ACHAT,92,BULL,liquid,87,1,6901.25,3060.0,0,0,0,0.0,,
ETIT,2026-04-12,ACHAT,68,BULL,liquid,87,1,1069644.35,34.0,0,0,0,0.0,,
SDSC,2026-04-12,EVITER,24,BULL,liquid,73,1,8686.0,1895.0,1,1,1,1.0,,
BICC,2026-04-12,EVITER,43,BULL,illiquid,60,1,1776.4,23500.0,0,0,0,0.0,,
UNXC,2026-04-12,EVITER,38,BULL,liquid,60,1,10577.45,1960.0,1,1,1,1.0,,
SEMC,2026-04-12,EVITER,32,BULL,liquid,60,1,7511.6,1925.0,1,1,1,1.0,,
UNLC,2026-04-12,EVITER,43,BULL,illiquid,54,1,46.8,58000.0,1,1,0,0.0,,
BOABF,2026-04-12,ACHAT,71,BULL,liquid,87,1,4641.35,5680.0,0,0,0,0.0,,
ORGT,2026-04-12,EVITER,30,BULL,liquid,73,1,5752.6,3650.0,1,1,1,1.0,,
NTLC,2026-04-12,EVITER,34,BULL,prestige,60,1,2862.55,12280.0,1,1,0,1.0,,
NEIC,2026-04-12,EVITER,36,BULL,liquid,60,1,2982.85,1370.0,0,0,0,0.0,,
CBIBF,2026-04-12,ACHAT,77,BULL,liquid,95,1,940.6,15200.0,1,1,1,1.0,,
BOAN,2026-04-12,ACHAT,73,BULL,liquid,100,1,7130.9,2825.0,1,1,1,1.0,,
BOAB,2026-04-12,ACHAT,73,BULL,liquid,87,1,3622.5,7500.0,1,1,1,1.0,,
ETIT,2026-04-13,ACHAT,68,BULL,liquid,87,1,997522.95,34.0,0,0,0,0.0,,
NEIC,2026-04-13,ACHAT,68,BULL,liquid,73,1,2906.0,1405.0,0,0,1,1.0,,
ORGT,2026-04-13,EVITER,25,BULL,liquid,73,1,5774.65,3555.0,1,1,1,1.0,,
SDSC,2026-04-13,EVITER,29,BULL,liquid,73,1,8843.85,1900.0,1,1,1,1.0,,
SEMC,2026-04-13,EVITER,30,BULL,liquid,60,1,7264.05,1940.0,1,1,1,1.0,,
CBIBF,2026-04-13,ACHAT,79,BULL,liquid,95,1,943.4,15215.0,1,1,1,1.0,,
BOAN,2026-04-13,ACHAT,80,BULL,liquid,100,1,6950.55,2895.0,1,1,1,1.0,,
BOABF,2026-04-13,ACHAT,74,BULL,liquid,87,1,4613.1,5680.0,0,0,0,0.0,,
SNTS,2026-04-13,ACHAT,73,BULL,prestige,87,1,8165.15,28800.0,0,0,0,1.0,,
UNXC,2026-04-13,EVITER,39,BULL,liquid,60,1,10247.95,1975.0,1,1,1,1.0,,
TTLS,2026-04-13,EVITER,34,BULL,prestige,60,1,1817.7,3000.0,0,0,0,1.0,,
SIVC,2026-04-13,ACHAT,76,BULL,liquid,87,1,6947.25,3215.0,0,0,0,0.0,,
SHEC,2026-04-13,ACHAT,76,BULL,liquid,60,1,3529.85,2150.0,0,0,0,0.0,,
BICC,2026-04-13,EVITER,39,BULL,illiquid,60,1,1690.7,22500.0,0,0,0,0.0,,
ETIT,2026-04-14,ACHAT,68,BULL,liquid,87,1,914190.45,34.0,0,0,0,0.0,,
SNTS,2026-04-14,ACHAT,73,BULL,prestige,87,1,8096.7,28800.0,0,0,0,1.0,,
SDSC,2026-04-14,EVITER,32,BULL,liquid,73,1,8418.7,1900.0,1,1,1,1.0,,
NEIC,2026-04-14,ACHAT,67,BULL,liquid,73,1,3552.25,1405.0,0,1,1,1.0,,
CBIBF,2026-04-14,ACHAT,78,BULL,liquid,96,1,960.35,15215.0,1,1,1,1.0,,
BOABF,2026-04-14,ACHAT,73,BULL,liquid,87,1,4664.5,5680.0,0,0,0,0.0,,
BICC,2026-04-14,EVITER,39,BULL,illiquid,60,1,1743.45,22500.0,0,0,0,0.0,,
SIVC,2026-04-14,ACHAT,77,BULL,liquid,87,1,6885.0,3215.0,0,0,0,0.0,,
TTLS,2026-04-14,EVITER,33,BULL,prestige,60,1,1828.8,3000.0,0,0,0,0.0,,
BOAN,2026-04-14,ACHAT,79,BULL,liquid,100,1,7102.85,2895.0,1,1,1,1.0,,
SEMC,2026-04-14,EVITER,31,BULL,liquid,60,1,6495.95,1940.0,1,1,1,1.0,,
SHEC,2026-04-14,ACHAT,72,BULL,liquid,60,1,3588.7,2150.0,0,0,0,0.0,,
ORGT,2026-04-14,EVITER,25,BULL,liquid,73,1,5378.35,3555.0,1,1,1,1.0,,
BOAN,2026-04-15,ACHAT,67,BULL,liquid,100,1,7397.5,2830.0,1,1,1,1.0,,
BOABF,2026-04-15,ACHAT,67,BULL,liquid,87,1,4513.45,5645.0,0,0,0,0.0,,
BICC,2026-04-15,EVITER,43,BULL,illiquid,60,1,1742.0,23010.0,0,0,0,0.0,,
SIBC,2026-04-15,ACHAT,70,BULL,prestige,73,1,6036.35,7000.0,1,0,1,1.0,,
CBIBF,2026-04-15,ACHAT,71,BULL,liquid,95,1,996.65,15350.0,1,1,1,1.0,,
SNTS,2026-04-15,ACHAT,81,BULL,prestige,60,1,8077.15,28000.0,1,1,1,1.0,,
SIVC,2026-04-15,ACHAT,76,BULL,liquid,87,1,6911.5,3160.0,0,0,0,0.0,,
SEMC,2026-04-15,EVITER,39,BULL,liquid,60,1,6193.1,1905.0,1,1,1,1.0,,
SDSC,2026-04-15,EVITER,30,BULL,liquid,73,1,7702.3,1890.0,1,1,1,1.0,,
PALC,2026-04-15,ACHAT,67,BULL,prestige,100,1,1829.3,8300.0,0,0,0,0.0,,
ORGT,2026-04-15,EVITER,30,BULL,liquid,73,1,4821.85,3435.0,1,1,1,1.0,,
NTLC,2026-04-15,EVITER,39,BULL,prestige,46,1,372.1,12000.0,0,0,1,1.0,,
NEIC,2026-04-15,ACHAT,65,BULL,liquid,60,1,4093.55,1400.0,0,1,1,1.0,,
ETIT,2026-04-15,ACHAT,65,BULL,liquid,60,1,836930.0,32.0,0,0,0,0.0,,
SNTS,2026-04-16,ACHAT,83,BULL,prestige,60,1,10910.45,28500.0,0,0,1,1.0,,
STBC,2026-04-16,EVITER,37,BULL,liquid,60,1,2129.8,20800.0,0,1,1,0.0,,
SCRC,2026-04-16,EVITER,33,BULL,liquid,100,1,23737.05,1995.0,0,0,0,0.0,,
STAC,2026-04-16,EVITER,21,BULL,liquid,73,1,5994.9,3000.0,1,0,1,1.0,,
SPHC,2026-04-16,ACHAT,62,BULL,prestige,87,1,15338.45,7100.0,1,1,0,0.0,,
SMBC,2026-04-16,EVITER,37,BULL,prestige,54,1,886.5,11650.0,1,1,1,0.0,,
SIVC,2026-04-16,ACHAT,74,BULL,liquid,60,1,6905.25,2925.0,0,0,0,0.0,,
SDSC,2026-04-16,EVITER,36,BULL,liquid,87,1,7483.9,1875.0,1,1,1,1.0,,
ORGT,2026-04-16,EVITER,26,BULL,liquid,73,1,4882.0,3435.0,1,1,1,1.0,,
CBIBF,2026-04-16,ACHAT,80,BULL,liquid,95,1,968.4,15700.0,1,1,1,1.0,,
BOAS,2026-04-16,ACHAT,68,BULL,liquid,73,1,5069.8,6750.0,0,1,1,1.0,,
BOAB,2026-04-16,ACHAT,78,BULL,liquid,87,1,3849.75,7650.0,1,1,1,1.0,,
CBIBF,2026-04-17,ACHAT,99,BULL,liquid,97,1,961.05,16500.0,1,0,1,1.0,,
ORGT,2026-04-17,EVITER,22,BULL,liquid,73,1,4859.55,3410.0,1,1,1,1.0,,
SCRC,2026-04-17,EVITER,39,BULL,liquid,100,1,23899.4,2050.0,1,1,0,0.0,,
SIVC,2026-04-17,ACHAT,71,BULL,liquid,60,1,7048.7,2800.0,0,0,1,1.0,,
UNLC,2026-04-17,EVITER,36,BULL,illiquid,40,1,30.6,57500.0,1,0,0,0.0,,
UNXC,2026-04-17,EVITER,34,BULL,liquid,60,1,10341.1,1870.0,0,0,1,1.0,,
STBC,2026-04-17,EVITER,35,BULL,liquid,60,1,2117.85,20050.0,0,0,0,0.0,,
STAC,2026-04-17,EVITER,39,BULL,liquid,60,1,6008.1,2950.0,1,0,1,1.0,,
SPHC,2026-04-17,EVITER,34,BULL,prestige,73,1,17133.4,6975.0,0,0,0,0.0,,
SMBC,2026-04-17,EVITER,34,BULL,prestige,54,1,907.0,11535.0,0,1,1,0.0,,
SIBC,2026-04-17,ACHAT,60,BULL,prestige,73,1,5679.45,7000.0,1,0,1,1.0,,
SEMC,2026-04-17,EVITER,27,BULL,liquid,60,1,5436.8,1750.0,0,1,1,1.0,,
SDSC,2026-04-17,EVITER,34,BULL,liquid,73,1,7324.4,1840.0,1,0,1,1.0,,
NTLC,2026-04-17,EVITER,38,BULL,prestige,46,1,383.3,11800.0,0,0,0,1.0,,
FTSC,2026-04-17,EVITER,36,BULL,liquid,60,1,3093.6,2180.0,0,1,0,0.0,,
CIEC,2026-04-17,EVITER,38,BULL,liquid,60,1,4847.4,3100.0,1,1,0,0.0,,
BOAN,2026-04-17,ACHAT,93,BULL,liquid,100,1,7191.05,3000.0,1,1,1,1.0,,
BOAM,2026-04-17,ACHAT,72,BULL,liquid,87,1,4787.45,4650.0,1,1,1,1.0,,
BOABF,2026-04-17,ACHAT,77,BULL,liquid,87,1,4590.3,5630.0,0,0,0,0.0,,
BOAB,2026-04-17,ACHAT,88,BULL,liquid,100,1,4511.9,7985.0,1,1,1,1.0,,
SDCC,2026-04-18,EVITER,43,BULL,illiquid,55,1,1092.1,7140.0,0,0,0,0.0,,
SMBC,2026-04-18,EVITER,33,BULL,prestige,53,1,883.2,11535.0,0,1,0,0.0,,
SIBC,2026-04-18,ACHAT,61,BULL,prestige,87,1,5783.9,7020.0,0,0,1,1.0,,
UNLC,2026-04-18,EVITER,36,BULL,illiquid,40,1,30.6,57500.0,1,0,0,0.0,,
UNXC,2026-04-18,EVITER,37,BULL,liquid,60,1,10384.1,1875.0,0,0,1,1.0,,
SNTS,2026-04-18,ACHAT,63,BULL,prestige,60,1,11750.25,28495.0,1,1,1,1.0,,
TTLS,2026-04-18,ACHAT,68,BULL,prestige,73,1,2124.6,3280.0,0,0,0,0.0,,
STBC,2026-04-18,EVITER,37,BULL,liquid,60,1,1963.3,20500.0,0,1,0,0.0,,
STAC,2026-04-18,EVITER,24,BULL,liquid,60,1,6152.5,2755.0,0,0,0,1.0,,
SHEC,2026-04-18,EVITER,34,BULL,liquid,60,1,4345.05,1890.0,0,0,0,0.0,,
SDSC,2026-04-18,EVITER,31,BULL,liquid,73,1,7156.7,1785.0,0,0,0,1.0,,
SCRC,2026-04-18,EVITER,36,BULL,liquid,100,1,24474.6,2040.0,1,1,0,0.0,,
ORGT,2026-04-18,EVITER,30,BULL,liquid,73,1,4269.6,3360.0,1,1,1,1.0,,
SEMC,2026-04-18,EVITER,39,BULL,liquid,60,1,5134.95,1625.0,0,1,1,1.0,,
CBIBF,2026-04-18,ACHAT,77,BULL,liquid,97,1,1092.45,16805.0,0,0,0,1.0,,
BOAN,2026-04-18,ACHAT,96,BULL,liquid,100,1,9083.8,3200.0,1,1,1,1.0,,
BOABF,2026-04-18,ACHAT,65,BULL,liquid,87,1,4454.55,5630.0,0,0,0,0.0,,
BOAB,2026-04-18,ACHAT,69,BULL,liquid,100,1,5580.8,7985.0,1,1,1,1.0,,
ORGT,2026-04-19,EVITER,32,BULL,liquid,73,1,3816.0,3360.0,1,1,1,1.0,,
UNXC,2026-04-19,EVITER,38,BULL,liquid,60,1,10423.55,1875.0,0,0,1,1.0,,
TTLS,2026-04-19,ACHAT,67,BULL,prestige,73,1,2200.5,3280.0,0,0,0,0.0,,
UNLC,2026-04-19,EVITER,36,BULL,illiquid,41,1,31.4,57500.0,1,0,1,1.0,,
STAC,2026-04-19,EVITER,24,BULL,liquid,60,1,5989.05,2755.0,0,0,1,1.0,,
STBC,2026-04-19,EVITER,38,BULL,liquid,60,1,1752.3,20500.0,0,1,0,0.0,,
SNTS,2026-04-19,ACHAT,61,BULL,prestige,60,1,11419.2,28495.0,1,0,1,1.0,,
SMBC,2026-04-19,EVITER,34,BULL,prestige,53,1,848.35,11535.0,0,0,0,0.0,,
SIBC,2026-04-19,ACHAT,61,BULL,prestige,87,1,5912.15,7020.0,0,0,1,1.0,,
SHEC,2026-04-19,EVITER,34,BULL,liquid,60,1,4332.85,1890.0,0,0,0,0.0,,
SEMC,2026-04-19,EVITER,39,BULL,liquid,60,1,5080.4,1625.0,1,1,1,1.0,,
SDSC,2026-04-19,EVITER,31,BULL,liquid,73,1,6992.75,1785.0,0,0,1,1.0,,
SDCC,2026-04-19,EVITER,44,BULL,illiquid,54,1,938.3,7140.0,0,0,0,0.0,,
SCRC,2026-04-19,EVITER,35,BULL,liquid,100,1,25019.0,2040.0,1,1,0,0.0,,
BOAN,2026-04-19,ACHAT,96,BULL,liquid,100,1,10332.3,3200.0,1,1,1,1.0,,
BOABF,2026-04-19,ACHAT,66,BULL,liquid,73,1,4081.75,5630.0,0,0,0,0.0,,
BOAB,2026-04-19,ACHAT,68,BULL,liquid,100,1,5499.2,7985.0,1,1,1,1.0,,
BICB,2026-04-19,ACHAT,65,BULL,liquid,60,1,2431.65,5110.0,1,1,1,0.0,,
CBIBF,2026-04-19,ACHAT,77,BULL,liquid,97,1,1076.75,16805.0,0,0,0,1.0,,
UNXC,2026-04-20,EVITER,38,BULL,liquid,60,1,10463.0,1875.0,0,0,1,1.0,,
STBC,2026-04-20,EVITER,38,BULL,liquid,60,1,1541.3,20500.0,0,1,0,0.0,,
TTLS,2026-04-20,ACHAT,65,BULL,prestige,87,1,2276.4,3280.0,0,0,0,0.0,,
STAC,2026-04-20,EVITER,24,BULL,liquid,60,1,5825.6,2755.0,0,0,1,0.0,,
UNLC,2026-04-20,EVITER,36,BULL,illiquid,40,1,32.2,57500.0,0,0,1,0.0,,
SMBC,2026-04-20,EVITER,35,BULL,prestige,52,1,813.5,11535.0,1,1,0,0.0,,
SIBC,2026-04-20,ACHAT,61,BULL,prestige,87,1,6040.4,7020.0,0,1,1,1.0,,
SEMC,2026-04-20,EVITER,39,BULL,liquid,60,1,5451.5,1625.0,1,1,1,1.0,,
SDSC,2026-04-20,EVITER,31,BULL,liquid,73,1,6828.8,1785.0,0,1,1,1.0,,
SDCC,2026-04-20,EVITER,44,BULL,illiquid,53,1,914.95,7140.0,0,0,0,,,
SCRC,2026-04-20,EVITER,34,BULL,liquid,100,1,25563.4,2040.0,1,1,0,0.0,,
ORGT,2026-04-20,EVITER,35,BULL,liquid,73,1,3362.4,3360.0,1,1,1,1.0,,
CBIBF,2026-04-20,ACHAT,77,BULL,liquid,96,1,1061.05,16805.0,0,0,0,1.0,,
BOABF,2026-04-20,ACHAT,65,BULL,liquid,73,1,3708.95,5630.0,0,0,0,0.0,,
BICB,2026-04-20,ACHAT,65,BULL,liquid,60,1,2655.7,5110.0,1,1,1,1.0,,
BOAN,2026-04-20,ACHAT,96,BULL,liquid,100,1,11580.8,3200.0,1,1,1,1.0,,
SHEC,2026-04-20,EVITER,34,BULL,liquid,60,1,4320.65,1890.0,0,0,0,0.0,,
BOAB,2026-04-20,ACHAT,67,BULL,liquid,100,1,5417.6,7985.0,1,1,1,1.0,,
TTLS,2026-04-21,ACHAT,68,BULL,prestige,73,1,2383.0,3250.0,0,0,0,0.0,,
UNXC,2026-04-21,EVITER,39,BULL,liquid,60,1,10375.9,1875.0,0,0,1,1.0,,
STAC,2026-04-21,EVITER,26,BULL,liquid,60,1,5767.8,2760.0,0,0,1,0.0,,
SHEC,2026-04-21,EVITER,36,BULL,liquid,60,1,4217.25,1895.0,0,0,0,0.0,,
SEMC,2026-04-21,EVITER,27,BULL,liquid,60,1,5817.85,1745.0,1,1,1,1.0,,
SDSC,2026-04-21,EVITER,36,BULL,liquid,73,1,7001.05,1775.0,0,0,1,1.0,,
SCRC,2026-04-21,EVITER,34,BULL,liquid,100,1,26084.95,2040.0,1,1,0,0.0,,
ORGT,2026-04-21,EVITER,38,BULL,liquid,73,1,2899.6,3205.0,0,0,1,1.0,,
NTLC,2026-04-21,ACHAT,73,BULL,prestige,100,1,387.7,12480.0,0,0,0,0.0,,
FTSC,2026-04-21,EVITER,38,BULL,liquid,60,1,2457.7,2195.0,1,0,0,0.0,,
ETIT,2026-04-21,EVITER,38,BULL,liquid,60,1,1363711.45,27.0,0,0,0,0.0,,
CIEC,2026-04-21,EVITER,36,BULL,liquid,60,1,4109.6,3050.0,1,0,0,0.0,,
CBIBF,2026-04-21,ACHAT,82,BULL,liquid,97,1,1050.25,16800.0,0,0,0,1.0,,
BOAS,2026-04-21,ACHAT,65,BULL,liquid,60,1,4483.2,6750.0,1,1,1,1.0,,
BOAN,2026-04-21,ACHAT,95,BULL,liquid,100,1,12952.5,3305.0,1,1,1,1.0,,
BOAM,2026-04-21,ACHAT,65,BULL,liquid,100,1,3963.05,4700.0,0,0,0,1.0,,
BOABF,2026-04-21,ACHAT,75,BULL,liquid,73,1,3739.85,5645.0,0,1,0,0.0,,
BOAB,2026-04-21,ACHAT,74,BULL,liquid,100,1,5479.6,8000.0,1,1,1,1.0,,
NEIC,2026-04-21,ACHAT,67,BULL,liquid,60,1,3647.15,1380.0,1,1,1,1.0,,
BOAC,2026-04-21,ACHAT,81,BULL,liquid,100,1,23584.35,8695.0,0,1,1,1.0,,
UNLC,2026-04-21,EVITER,41,BULL,illiquid,40,1,31.15,57500.0,0,0,1,0.0,,
SEMC,2026-04-22,EVITER,31,BULL,liquid,60,1,5335.8,1800.0,1,1,1,1.0,,
ETIT,2026-04-22,EVITER,29,BULL,liquid,60,1,1430504.25,29.0,0,0,0,0.0,,
CABC,2026-04-22,EVITER,41,BULL,illiquid,60,1,3664.25,3515.0,0,0,1,1.0,,
BOAN,2026-04-22,ACHAT,87,BULL,liquid,100,1,14132.75,3360.0,1,1,1,1.0,,
BOABF,2026-04-22,ACHAT,73,BULL,liquid,60,1,3864.1,5630.0,0,1,0,0.0,,
BOAB,2026-04-22,ACHAT,69,BULL,liquid,100,1,5525.9,8000.0,1,1,1,1.0,,
UNLC,2026-04-22,EVITER,40,BULL,illiquid,40,1,31.45,57200.0,0,0,0,0.0,,
UNXC,2026-04-22,EVITER,36,BULL,liquid,60,1,9974.65,1875.0,0,0,1,1.0,,
STAC,2026-04-22,EVITER,18,BULL,liquid,60,1,5739.65,2850.0,0,0,1,1.0,,
SNTS,2026-04-22,ACHAT,63,BULL,prestige,60,1,10873.6,28500.0,0,1,1,1.0,,
SCRC,2026-04-22,EVITER,31,BULL,liquid,100,1,25915.0,2010.0,1,1,0,0.0,,
BOAM,2026-04-22,ACHAT,73,BULL,liquid,100,1,3691.55,4695.0,0,0,0,1.0,,
CBIBF,2026-04-22,ACHAT,82,BULL,liquid,96,1,1072.75,16845.0,0,0,0,1.0,,
TTLS,2026-04-23,EVITER,29,BULL,prestige,60,1,2438.1,3005.0,0,0,1,0.0,,
UNLC,2026-04-23,EVITER,39,BULL,illiquid,40,1,30.65,55500.0,0,0,0,0.0,,
SNTS,2026-04-23,ACHAT,67,BULL,prestige,60,1,11217.75,28500.0,0,1,1,0.0,,
STAC,2026-04-23,EVITER,31,BULL,liquid,60,1,5466.5,2990.0,0,0,1,1.0,,
SIBC,2026-04-23,ACHAT,64,BULL,prestige,60,1,5104.35,6900.0,0,1,1,1.0,,
TTLC,2026-04-23,EVITER,38,BULL,prestige,60,1,14063.65,2650.0,0,0,0,0.0,,
SCRC,2026-04-23,EVITER,31,BULL,liquid,100,1,25618.4,2035.0,1,1,0,0.0,,
BOAN,2026-04-23,ACHAT,95,BULL,liquid,100,1,15105.2,3500.0,0,1,0,1.0,,
BOAS,2026-04-23,ACHAT,71,BULL,liquid,73,1,4325.3,6735.0,1,1,1,1.0,,
BOAB,2026-04-23,ACHAT,90,BULL,liquid,100,1,5283.4,8200.0,1,1,1,1.0,,
CABC,2026-04-23,EVITER,31,BULL,illiquid,60,1,3672.1,3350.0,0,0,0,0.0,,
SDSC,2026-04-23,EVITER,25,BULL,liquid,73,1,8165.35,1810.0,1,1,1,1.0,,
SEMC,2026-04-23,EVITER,39,BULL,liquid,60,1,5222.15,1665.0,1,1,1,1.0,,
SGBC,2026-04-23,ACHAT,66,BULL,prestige,100,1,7750.45,35000.0,0,0,0,1.0,,
BOAB,2026-04-24,ACHAT,77,BULL,liquid,100,1,5717.55,8130.0,1,1,1,1.0,,
UNLC,2026-04-24,EVITER,39,BULL,illiquid,40,1,29.05,55500.0,0,0,0,0.0,,
SHEC,2026-04-24,EVITER,33,BULL,liquid,60,1,4958.95,1940.0,0,0,0,1.0,,
SCRC,2026-04-24,EVITER,30,BULL,liquid,73,1,25239.15,2000.0,1,1,0,0.0,,
SEMC,2026-04-24,EVITER,33,BULL,liquid,60,1,5555.35,1585.0,1,0,1,1.0,,
SGBC,2026-04-24,ACHAT,63,BULL,prestige,100,1,8113.6,34980.0,0,0,1,1.0,,
NEIC,2026-04-24,ACHAT,85,BULL,liquid,100,1,4346.5,1470.0,1,1,1,1.0,,
ORGT,2026-04-24,EVITER,38,BULL,liquid,73,1,3882.25,3250.0,0,0,1,1.0,,
CBIBF,2026-04-24,ACHAT,77,BULL,liquid,81,1,917.65,16490.0,0,0,1,1.0,,
ECOC,2026-04-24,ACHAT,64,BULL,prestige,73,1,1176.4,16000.0,1,1,1,1.0,,
CABC,2026-04-24,EVITER,43,BULL,illiquid,60,1,3733.75,3600.0,0,0,1,1.0,,
PALC,2026-04-24,EVITER,34,BULL,prestige,58,1,1105.35,7990.0,1,1,1,1.0,,
BOAN,2026-04-24,ACHAT,83,BULL,liquid,100,1,16721.45,3760.0,0,0,0,0.0,,
UNXC,2026-04-25,ACHAT,83,BULL,liquid,100,1,8773.15,2085.0,0,0,0,0.0,,
BOAB,2026-04-25,ACHAT,68,BULL,liquid,100,1,5955.85,8210.0,1,1,1,1.0,,
BICB,2026-04-25,ACHAT,69,BULL,liquid,100,1,2624.3,5200.0,1,1,1,1.0,,
STAC,2026-04-25,EVITER,36,BULL,liquid,60,1,5558.65,3000.0,0,1,1,1.0,,
SHEC,2026-04-25,EVITER,36,BULL,liquid,60,1,4984.5,1940.0,0,1,0,1.0,,
SGBC,2026-04-25,ACHAT,67,BULL,prestige,100,1,8476.75,34980.0,0,0,1,1.0,,
SEMC,2026-04-25,EVITER,22,BULL,liquid,60,1,5743.4,1600.0,0,1,1,1.0,,
SCRC,2026-04-25,EVITER,28,BULL,liquid,73,1,24106.85,1995.0,0,0,0,0.0,,
FTSC,2026-04-25,EVITER,38,BULL,liquid,60,1,2641.0,2105.0,0,0,0,0.0,,
ETIT,2026-04-25,EVITER,34,BULL,liquid,60,1,1456424.0,29.0,0,0,0,0.0,,
NEIC,2026-04-25,ACHAT,77,BULL,liquid,100,1,10608.9,1580.0,1,1,1,1.0,,
BOAN,2026-04-25,ACHAT,73,BULL,liquid,100,1,17394.5,3615.0,0,0,0,1.0,,
BOAM,2026-04-25,ACHAT,72,BULL,liquid,100,1,3884.9,4670.0,0,1,1,1.0,,
CABC,2026-04-25,EVITER,44,BULL,illiquid,60,1,3725.6,3600.0,0,1,1,1.0,,
CBIBF,2026-04-25,ACHAT,68,BULL,liquid,80,1,908.5,16490.0,0,1,1,1.0,,
TTLC,2026-04-25,EVITER,38,BULL,prestige,60,1,11846.25,2700.0,0,0,0,0.0,,
BICB,2026-04-26,ACHAT,68,BULL,liquid,100,1,2794.05,5200.0,1,0,0,0.0,,
BOAB,2026-04-26,ACHAT,67,BULL,liquid,100,1,5931.25,8210.0,1,1,1,0.0,,
SCRC,2026-04-26,EVITER,29,BULL,liquid,73,1,22422.8,1995.0,1,0,0,0.0,,
NEIC,2026-04-26,ACHAT,76,BULL,liquid,100,1,10877.3,1580.0,1,1,1,0.0,,
FTSC,2026-04-26,EVITER,38,BULL,liquid,60,1,2707.35,2105.0,0,0,0,0.0,,
ETIT,2026-04-26,EVITER,34,BULL,liquid,60,1,1478205.15,29.0,0,0,0,0.0,,
SHEC,2026-04-26,EVITER,36,BULL,liquid,60,1,5070.45,1940.0,0,1,0,0.0,,
SGBC,2026-04-26,ACHAT,66,BULL,prestige,100,1,9014.75,34980.0,0,0,1,0.0,,
SEMC,2026-04-26,EVITER,22,BULL,liquid,60,1,5732.75,1600.0,0,1,1,0.0,,
BOAB,2026-04-26,ACHAT,67,BULL,liquid,100,1,5931.25,8210.0,1,1,1,0.0,,
BOAM,2026-04-26,ACHAT,71,BULL,liquid,100,1,4317.4,4670.0,0,1,1,0.0,,
ETIT,2026-04-26,EVITER,34,BULL,liquid,60,1,1478205.15,29.0,0,0,0,0.0,,
BOAN,2026-04-26,ACHAT,73,BULL,liquid,100,1,17552.3,3615.0,1,0,0,0.0,,
CABC,2026-04-26,EVITER,43,BULL,illiquid,60,1,3865.75,3600.0,0,1,1,0.0,,
CBIBF,2026-04-26,ACHAT,68,BULL,liquid,80,1,870.7,16490.0,0,1,1,0.0,,
BICB,2026-04-26,ACHAT,68,BULL,liquid,100,1,2794.05,5200.0,1,0,0,0.0,,
NEIC,2026-04-27,ACHAT,76,BULL,liquid,100,1,11145.7,1580.0,1,1,1,0.0,,
SCRC,2026-04-27,EVITER,32,BULL,liquid,73,1,20738.75,1995.0,1,0,0,0.0,,
SEMC,2026-04-27,EVITER,22,BULL,liquid,60,1,5635.1,1600.0,0,1,1,0.0,,
SGBC,2026-04-27,ACHAT,66,BULL,prestige,100,1,9552.75,34980.0,0,0,1,0.0,,
SHEC,2026-04-27,EVITER,36,BULL,liquid,60,1,5156.4,1940.0,0,1,0,0.0,,
TTLC,2026-04-27,EVITER,38,BULL,prestige,60,1,9669.25,2700.0,0,0,0,0.0,,
UNXC,2026-04-27,ACHAT,82,BULL,liquid,100,1,11061.15,2085.0,0,0,0,0.0,,
BOAB,2026-04-27,ACHAT,67,BULL,liquid,100,1,5906.65,8210.0,1,1,1,0.0,,
BOAM,2026-04-27,ACHAT,74,BULL,liquid,100,1,4749.9,4670.0,0,1,1,0.0,,
BOAN,2026-04-27,ACHAT,73,BULL,liquid,100,1,17710.1,3615.0,1,0,0,0.0,,
FTSC,2026-04-27,EVITER,38,BULL,liquid,60,1,2773.7,2105.0,0,0,0,0.0,,
CBIBF,2026-04-27,ACHAT,67,BULL,liquid,79,1,832.9,16490.0,0,1,1,0.0,,
ETIT,2026-04-27,EVITER,35,BULL,liquid,60,1,1405707.85,29.0,0,0,0,0.0,,
BICB,2026-04-27,ACHAT,70,BULL,liquid,100,1,2940.5,5200.0,1,0,0,0.0,,
ETIT,2026-04-28,EVITER,30,BULL,liquid,60,1,1416301.1,29.0,0,0,0,0.0,,
UNXC,2026-04-28,ACHAT,72,BULL,liquid,100,1,12142.05,2090.0,0,0,0,0.0,,
STAC,2026-04-28,EVITER,38,BULL,liquid,73,1,5285.85,2990.0,0,1,1,0.0,,
SEMC,2026-04-28,EVITER,29,BULL,liquid,60,1,5460.9,1580.0,0,1,1,0.0,,
SDSC,2026-04-28,EVITER,26,BULL,liquid,73,1,11496.4,1800.0,1,0,1,0.0,,
SCRC,2026-04-28,EVITER,34,BULL,liquid,73,1,19262.35,1995.0,1,0,0,0.0,,
ORGT,2026-04-28,EVITER,27,BULL,liquid,73,1,6049.4,3340.0,1,1,1,0.0,,
NEIC,2026-04-28,ACHAT,95,BULL,liquid,100,1,11107.45,1695.0,1,1,1,0.0,,
BOAB,2026-04-28,ACHAT,92,BULL,liquid,100,1,5838.1,8500.0,1,1,1,0.0,,
BOAM,2026-04-28,ACHAT,75,BULL,liquid,87,1,4903.75,4670.0,0,1,1,0.0,,
BOAN,2026-04-28,ACHAT,67,BULL,liquid,100,1,17530.0,3415.0,1,1,1,0.0,,
BOAS,2026-04-28,ACHAT,66,BULL,liquid,100,1,4687.6,6950.0,1,1,1,0.0,,
SEMC,2026-04-29,EVITER,26,BULL,liquid,60,1,5444.25,1575.0,0,1,1,0.0,,
BOAB,2026-04-29,ACHAT,76,BULL,liquid,100,1,6218.95,8600.0,1,1,1,0.0,,
BOAM,2026-04-29,ACHAT,71,BULL,liquid,87,1,5120.3,4670.0,0,1,1,0.0,,
BOAN,2026-04-29,ACHAT,73,BULL,liquid,100,1,17187.8,3500.0,1,0,0,0.0,,
ETIT,2026-04-29,EVITER,35,BULL,liquid,60,1,1393815.35,29.0,0,0,0,0.0,,
NEIC,2026-04-29,ACHAT,95,BULL,liquid,100,1,12531.05,1820.0,1,0,1,0.0,,
NTLC,2026-04-29,EVITER,30,BULL,prestige,60,1,3048.65,11500.0,0,0,0,0.0,,
PALC,2026-04-29,EVITER,38,BULL,prestige,60,1,1468.75,7800.0,1,0,1,0.0,,
SCRC,2026-04-29,EVITER,30,BULL,liquid,73,1,17784.2,1990.0,0,0,0,0.0,,
SDSC,2026-04-29,EVITER,22,BULL,liquid,73,1,11395.0,1790.0,1,1,1,0.0,,
TTLC,2026-04-29,EVITER,37,BULL,prestige,60,1,9166.15,2700.0,0,0,0,0.0,,
SIBC,2026-04-29,ACHAT,69,BULL,prestige,73,1,6579.7,7000.0,1,1,1,0.0,,
BICB,2026-04-30,ACHAT,81,BULL,liquid,100,1,2911.9,5490.0,0,0,0,0.0,,
BOAB,2026-04-30,ACHAT,81,BULL,liquid,100,1,6241.6,8905.0,1,1,1,0.0,,
BOAC,2026-04-30,ACHAT,75,BULL,liquid,100,1,14687.55,9195.0,0,0,0,0.0,,
BOAN,2026-04-30,ACHAT,68,BULL,liquid,100,1,16252.55,3545.0,0,0,1,0.0,,
BOAS,2026-04-30,ACHAT,81,BULL,liquid,100,1,4417.95,7000.0,1,1,1,0.0,,
CBIBF,2026-04-30,ACHAT,73,BULL,liquid,67,1,714.5,16000.0,1,1,1,0.0,,
CIEC,2026-04-30,ACHAT,68,BULL,liquid,100,1,3607.8,3250.0,0,1,1,0.0,,
ECOC,2026-04-30,ACHAT,69,BULL,prestige,100,1,1225.35,16050.0,0,1,1,0.0,,
ETIT,2026-04-30,EVITER,36,BULL,liquid,73,1,1411837.5,29.0,0,0,0,0.0,,
NEIC,2026-04-30,ACHAT,96,BULL,liquid,100,1,14194.0,1890.0,0,0,1,0.0,,
ORGT,2026-04-30,EVITER,32,BULL,liquid,73,1,6194.05,3280.0,1,1,1,0.0,,
SCRC,2026-04-30,EVITER,33,BULL,liquid,73,1,16549.9,1995.0,0,0,0,0.0,,
SDSC,2026-04-30,EVITER,23,BULL,liquid,73,1,11212.9,1775.0,1,1,1,0.0,,
SEMC,2026-04-30,EVITER,31,BULL,liquid,60,1,5521.05,1600.0,1,1,1,0.0,,
SHEC,2026-04-30,EVITER,36,BULL,liquid,60,1,5403.7,1950.0,1,1,1,0.0,,
SIBC,2026-04-30,ACHAT,65,BULL,prestige,100,1,6891.1,7100.0,0,0,1,0.0,,
NEIC,2026-05-01,ACHAT,74,BULL,liquid,100,1,15221.85,1900.0,0,0,0,0.0,,
ORGT,2026-05-01,EVITER,23,BULL,liquid,73,1,6418.1,3250.0,1,1,1,0.0,,
PRSC,2026-05-01,EVITER,41,BULL,illiquid,49,1,599.35,4600.0,1,1,1,0.0,,
BOAB,2026-05-01,ACHAT,76,BULL,liquid,100,1,6290.4,8850.0,1,1,1,0.0,,
BOAC,2026-05-01,ACHAT,70,BULL,liquid,100,1,15004.35,9190.0,0,0,0,0.0,,
BOAN,2026-05-01,ACHAT,72,BULL,liquid,100,1,15896.05,3660.0,0,0,1,0.0,,
BOAS,2026-05-01,ACHAT,73,BULL,liquid,100,1,5165.2,7045.0,1,1,1,0.0,,
ECOC,2026-05-01,ACHAT,73,BULL,prestige,100,1,1672.4,16300.0,0,1,0,0.0,,
CABC,2026-05-01,EVITER,43,BULL,illiquid,60,1,2631.75,3600.0,1,1,1,0.0,,
SCRC,2026-05-01,EVITER,28,BULL,liquid,73,1,16258.8,1990.0,0,0,0,0.0,,
SDSC,2026-05-01,EVITER,27,BULL,liquid,73,1,9300.0,1775.0,1,1,1,0.0,,
SEMC,2026-05-01,EVITER,21,BULL,liquid,60,1,5686.95,1600.0,1,1,1,0.0,,
SHEC,2026-05-01,EVITER,39,BULL,liquid,60,1,5340.15,1970.0,1,1,1,0.0,,
SLBC,2026-05-01,EVITER,39,BULL,illiquid,43,1,181.45,35540.0,0,0,0,0.0,,
SNTS,2026-05-01,ACHAT,60,BULL,prestige,87,1,12768.65,28700.0,1,1,1,0.0,,
SOGC,2026-05-01,EVITER,37,BULL,illiquid,60,1,5160.1,7100.0,0,0,0,0.0,,
BOAB,2026-05-02,ACHAT,76,BULL,liquid,100,1,6080.3,8850.0,1,1,1,0.0,,
BOAC,2026-05-02,ACHAT,69,BULL,liquid,100,1,15017.65,9190.0,0,0,0,0.0,,
BOAN,2026-05-02,ACHAT,72,BULL,liquid,100,1,15932.8,3660.0,0,0,1,0.0,,
BOAS,2026-05-02,ACHAT,72,BULL,liquid,100,1,5342.65,7045.0,1,1,1,0.0,,
SCRC,2026-05-02,EVITER,30,BULL,liquid,73,1,14545.55,1990.0,0,0,0,0.0,,
PRSC,2026-05-02,EVITER,43,BULL,illiquid,49,1,602.45,4600.0,1,1,1,0.0,,
ORGT,2026-05-02,EVITER,24,BULL,liquid,73,1,6363.1,3250.0,1,1,1,0.0,,
NEIC,2026-05-02,ACHAT,74,BULL,liquid,100,1,15331.8,1900.0,0,0,1,0.0,,
ECOC,2026-05-02,ACHAT,71,BULL,prestige,100,1,1854.6,16300.0,0,0,0,0.0,,
SPHC,2026-05-02,EVITER,39,BULL,prestige,60,1,3292.1,6800.0,0,0,0,0.0,,
SOGC,2026-05-02,EVITER,37,BULL,illiquid,60,1,5466.3,7100.0,0,0,0,0.0,,
SLBC,2026-05-02,EVITER,40,BULL,illiquid,43,1,177.15,35540.0,0,0,0,0.0,,
SEMC,2026-05-02,EVITER,24,BULL,liquid,73,1,5525.45,1600.0,1,1,1,0.0,,
SDSC,2026-05-02,EVITER,30,BULL,liquid,73,1,9368.4,1775.0,1,1,1,0.0,,
BOAN,2026-05-03,ACHAT,72,BULL,liquid,100,1,15969.55,3660.0,0,0,1,0.0,,
BOAS,2026-05-03,ACHAT,71,BULL,liquid,100,1,5520.1,7045.0,1,1,1,0.0,,
ECOC,2026-05-03,ACHAT,71,BULL,prestige,100,1,2036.8,16300.0,0,0,0,0.0,,
PRSC,2026-05-03,EVITER,43,BULL,illiquid,49,1,605.55,4600.0,1,1,1,0.0,,
NEIC,2026-05-03,ACHAT,74,BULL,liquid,100,1,15441.75,1900.0,0,0,1,0.0,,
ORGT,2026-05-03,EVITER,24,BULL,liquid,73,1,6308.1,3250.0,1,1,1,0.0,,
SCRC,2026-05-03,EVITER,32,BULL,liquid,73,1,12832.3,1990.0,0,0,0,0.0,,
SDSC,2026-05-03,EVITER,30,BULL,liquid,73,1,9436.8,1775.0,0,1,1,0.0,,
SEMC,2026-05-03,EVITER,24,BULL,liquid,73,1,5363.95,1600.0,1,1,1,0.0,,
BOAB,2026-05-03,ACHAT,76,BULL,liquid,100,1,5870.2,8850.0,1,1,1,0.0,,
BOAC,2026-05-03,ACHAT,68,BULL,liquid,100,1,15030.95,9190.0,0,0,0,0.0,,
SLBC,2026-05-03,EVITER,40,BULL,illiquid,42,1,172.85,35540.0,0,0,0,0.0,,
SOGC,2026-05-03,EVITER,38,BULL,illiquid,60,1,5772.5,7100.0,0,0,0,0.0,,
SPHC,2026-05-03,EVITER,39,BULL,prestige,60,1,3384.45,6800.0,0,0,0,0.0,,
BOAS,2026-05-04,ACHAT,70,BULL,liquid,100,1,5764.6,7045.0,1,1,1,0.0,,
BOAN,2026-05-04,ACHAT,72,BULL,liquid,100,1,15944.35,3660.0,0,0,1,0.0,,
BOAC,2026-05-04,ACHAT,68,BULL,liquid,100,1,14758.5,9190.0,0,0,0,0.0,,
SLBC,2026-05-04,EVITER,41,BULL,illiquid,42,1,158.3,35540.0,0,0,0,0.0,,
SEMC,2026-05-04,EVITER,25,BULL,liquid,73,1,5353.65,1600.0,1,1,1,0.0,,
SDSC,2026-05-04,EVITER,30,BULL,liquid,73,1,9360.55,1775.0,1,0,1,0.0,,
SOGC,2026-05-04,EVITER,38,BULL,illiquid,60,1,6046.35,7100.0,0,0,0,0.0,,
BOAB,2026-05-04,ACHAT,75,BULL,liquid,100,1,5869.9,8850.0,1,1,1,0.0,,
ECOC,2026-05-04,ACHAT,70,BULL,prestige,100,1,2132.0,16300.0,1,0,0,0.0,,
NEIC,2026-05-04,ACHAT,74,BULL,liquid,100,1,14866.6,1900.0,0,1,1,0.0,,
ORGT,2026-05-04,EVITER,24,BULL,liquid,73,1,6268.3,3250.0,1,1,1,0.0,,
PRSC,2026-05-04,EVITER,44,BULL,illiquid,49,1,593.0,4600.0,1,1,1,0.0,,
SCRC,2026-05-04,EVITER,33,BULL,liquid,73,1,11589.7,1990.0,0,0,0,0.0,,
NTLC,2026-05-05,EVITER,36,BEAR,prestige,60,0,2978.6,11900.0,1,1,0,0.0,,
ORGT,2026-05-05,EVITER,29,BEAR,liquid,87,0,6228.5,3215.0,1,1,1,0.0,,
SEMC,2026-05-05,EVITER,28,BEAR,liquid,73,0,5343.35,1500.0,0,0,1,0.0,,
SHEC,2026-05-05,EVITER,39,BEAR,liquid,60,0,4267.65,1850.0,0,0,0,0.0,,
BNBC,2026-05-05,EVITER,40,BEAR,illiquid,54,0,841.4,1345.0,1,0,0,0.0,,
PRSC,2026-05-05,EVITER,36,BEAR,illiquid,50,0,580.45,3940.0,1,1,0,0.0,,
ABJC,2026-05-05,EVITER,42,BEAR,illiquid,60,0,3486.4,3095.0,1,1,1,0.0,,
TTLS,2026-05-05,EVITER,34,BEAR,prestige,60,0,2010.2,3000.0,1,0,0,0.0,,
SPHC,2026-05-05,EVITER,33,BEAR,prestige,60,0,3414.65,6720.0,0,0,0,0.0,,
NTLC,2026-05-06,EVITER,36,BEAR,prestige,60,0,2990.55,11700.0,1,0,0,0.0,,
ORGT,2026-05-06,EVITER,35,BEAR,liquid,73,0,6106.75,2975.0,1,1,0,0.0,,
PALC,2026-05-06,EVITER,26,BEAR,prestige,60,0,1827.95,6995.0,0,0,0,0.0,,
PRSC,2026-05-06,EVITER,31,BEAR,illiquid,51,0,650.5,3660.0,0,0,0,0.0,,
SDSC,2026-05-06,EVITER,22,BEAR,liquid,73,0,10267.25,1700.0,0,0,0,0.0,,
SEMC,2026-05-06,EVITER,23,BEAR,liquid,73,0,5297.95,1495.0,0,0,0,0.0,,
SGBC,2026-05-06,EVITER,35,BEAR,prestige,60,0,14258.6,33100.0,0,0,0,0.0,,
SHEC,2026-05-06,EVITER,34,BEAR,liquid,60,0,4235.85,1845.0,0,0,0,0.0,,
SPHC,2026-05-06,EVITER,34,BEAR,prestige,60,0,3530.9,6800.0,0,0,0,0.0,,
TTLS,2026-05-06,EVITER,29,BEAR,prestige,60,0,1847.05,3005.0,1,0,0,0.0,,
UNXC,2026-05-06,EVITER,39,BEAR,liquid,60,0,10884.7,1875.0,1,1,0,0.0,,
CABC,2026-05-06,EVITER,44,BEAR,illiquid,60,0,2035.45,3410.0,0,0,0,0.0,,
ABJC,2026-05-06,EVITER,43,BEAR,illiquid,60,0,3718.15,3015.0,1,1,0,0.0,,
BNBC,2026-05-06,EVITER,35,BEAR,illiquid,54,0,912.25,1280.0,0,0,0,0.0,,
PRSC,2026-05-07,EVITER,34,BEAR,illiquid,51,0,673.9,3700.0,1,1,0,0.0,,
ABJC,2026-05-07,EVITER,43,BEAR,illiquid,60,0,4062.4,3015.0,1,1,0,0.0,,
BNBC,2026-05-07,EVITER,38,BEAR,illiquid,56,0,921.75,1350.0,0,0,0,0.0,,
ETIT,2026-05-07,EVITER,35,BEAR,liquid,87,0,1303871.15,29.0,0,0,0,0.0,,
NTLC,2026-05-07,EVITER,39,BEAR,prestige,60,0,3015.95,11900.0,1,1,0,0.0,,
ORGT,2026-05-07,EVITER,39,BEAR,liquid,73,0,6398.85,2975.0,1,1,0,0.0,,
SDSC,2026-05-07,EVITER,22,BEAR,liquid,73,0,10091.0,1685.0,0,0,0,0.0,,
SEMC,2026-05-07,EVITER,37,BEAR,liquid,60,0,5177.5,1450.0,0,0,0,0.0,,
SGBC,2026-05-07,EVITER,38,BEAR,prestige,60,0,14262.8,33400.0,0,0,0,0.0,,
TTLS,2026-05-07,EVITER,34,BEAR,prestige,60,0,1710.95,3005.0,1,0,0,0.0,,
NTLC,2026-05-08,EVITER,33,BEAR,prestige,60,0,3052.6,11700.0,0,0,0,0.0,,
ORGT,2026-05-08,EVITER,27,BEAR,liquid,73,0,6872.25,2755.0,1,1,0,0.0,,
PRSC,2026-05-08,EVITER,33,BEAR,illiquid,51,0,691.05,3695.0,1,0,0,0.0,,
SDSC,2026-05-08,EVITER,39,BEAR,liquid,87,0,9945.6,1800.0,1,1,0,0.0,,
SEMC,2026-05-08,EVITER,39,BEAR,liquid,73,0,5387.35,1525.0,1,1,0,0.0,,
UNXC,2026-05-08,EVITER,34,BEAR,liquid,60,0,10532.3,1815.0,0,0,0,0.0,,
ABJC,2026-05-08,EVITER,34,BEAR,illiquid,60,0,4475.65,3020.0,1,1,0,0.0,,
BNBC,2026-05-08,EVITER,36,BEAR,illiquid,56,0,998.6,1335.0,0,0,0,0.0,,
CABC,2026-05-08,EVITER,43,BEAR,illiquid,60,0,1896.05,3400.0,0,0,0,0.0,,
BNBC,2026-05-09,EVITER,38,BEAR,illiquid,60,0,1050.2,1300.0,0,0,0,0.0,,
PRSC,2026-05-09,EVITER,31,BEAR,illiquid,51,0,709.75,3695.0,0,1,0,0.0,,
ORGT,2026-05-09,EVITER,38,BEAR,liquid,73,0,6975.5,2550.0,0,1,0,0.0,,
NTLC,2026-05-09,EVITER,34,BEAR,prestige,60,0,3048.5,11650.0,1,0,0,0.0,,
SEMC,2026-05-09,EVITER,33,BEAR,liquid,73,0,5177.05,1525.0,0,1,0,0.0,,
ABJC,2026-05-09,EVITER,30,BEAR,illiquid,60,0,4399.05,2975.0,1,1,0,0.0,,
UNXC,2026-05-09,EVITER,29,BEAR,liquid,60,0,10541.65,1805.0,0,0,0,0.0,,
STAC,2026-05-09,EVITER,32,BEAR,liquid,60,0,2624.05,2660.0,0,0,0,0.0,,
ABJC,2026-05-10,EVITER,30,BEAR,illiquid,60,0,4365.8,2975.0,1,1,0,0.0,,
BNBC,2026-05-10,EVITER,38,BEAR,illiquid,60,0,1475.15,1300.0,0,0,0,0.0,,
NTLC,2026-05-10,EVITER,34,BEAR,prestige,60,0,3061.7,11650.0,1,0,0,0.0,,
ORGT,2026-05-10,EVITER,38,BEAR,liquid,73,0,7641.4,2550.0,0,1,0,0.0,,
PRSC,2026-05-10,EVITER,31,BEAR,illiquid,51,0,712.85,3695.0,0,0,0,0.0,,
SEMC,2026-05-10,EVITER,35,BEAR,liquid,73,0,4819.2,1525.0,0,1,0,0.0,,
STAC,2026-05-10,EVITER,33,BEAR,liquid,60,0,2570.3,2660.0,0,0,0,0.0,,
UNXC,2026-05-10,EVITER,29,BEAR,liquid,60,0,10605.95,1805.0,0,1,0,0.0,,
ABJC,2026-05-11,EVITER,30,BEAR,illiquid,60,0,4332.55,2975.0,1,1,0,0.0,,
BNBC,2026-05-11,EVITER,38,BEAR,illiquid,60,0,1900.1,1300.0,0,0,0,0.0,,
ORGT,2026-05-11,EVITER,37,BEAR,liquid,73,0,8307.3,2550.0,1,1,0,0.0,,
PRSC,2026-05-11,EVITER,30,BEAR,illiquid,52,0,715.95,3695.0,0,0,0,0.0,,
SEMC,2026-05-11,EVITER,36,BEAR,liquid,73,0,4461.35,1525.0,1,1,0,0.0,,
STAC,2026-05-11,EVITER,34,BEAR,liquid,60,0,2516.55,2660.0,0,0,0,0.0,,
UNXC,2026-05-11,EVITER,29,BEAR,liquid,60,0,10670.25,1805.0,0,1,0,0.0,,
ABJC,2026-05-12,EVITER,34,BEAR,illiquid,60,0,4423.6,2985.0,1,1,0,0.0,,
BNBC,2026-05-12,EVITER,38,BEAR,illiquid,60,0,2334.4,1395.0,0,0,0,0.0,,
PRSC,2026-05-12,EVITER,34,BEAR,illiquid,51,0,741.65,3650.0,0,0,0,0.0,,
SDSC,2026-05-12,EVITER,36,BEAR,liquid,73,0,25509.65,1700.0,0,1,0,0.0,,
SEMC,2026-05-12,EVITER,35,BEAR,liquid,73,0,4492.25,1505.0,0,1,0,0.0,,
UNXC,2026-05-12,EVITER,36,BEAR,liquid,60,0,10636.8,1835.0,0,1,0,0.0,,
ORGT,2026-05-13,EVITER,29,BEAR,liquid,73,0,9488.6,2740.0,1,1,0,0.0,,
ABJC,2026-05-13,EVITER,36,BEAR,illiquid,60,0,4786.7,2980.0,1,1,0,0.0,,
CABC,2026-05-13,EVITER,42,BEAR,illiquid,60,0,1738.55,3400.0,0,0,0,0.0,,
PRSC,2026-05-13,EVITER,31,BEAR,illiquid,52,0,717.85,3690.0,0,0,0,0.0,,
SEMC,2026-05-13,EVITER,36,BEAR,liquid,73,0,4579.3,1500.0,0,1,0,0.0,,
STAC,2026-05-13,EVITER,29,BEAR,liquid,60,0,2591.1,2600.0,0,0,0,0.0,,
TTLS,2026-05-13,EVITER,36,BEAR,prestige,60,0,1348.85,2845.0,0,0,0,0.0,,
UNXC,2026-05-13,EVITER,37,BEAR,liquid,60,0,10882.4,1825.0,0,1,0,0.0,,
ABJC,2026-05-14,EVITER,31,BULL,illiquid,60,1,4967.7,2850.0,1,0,0,0.0,,
BOAB,2026-05-14,ACHAT,74,BULL,liquid,87,1,5932.55,9410.0,0,0,0,0.0,,
BOAS,2026-05-14,ACHAT,91,BULL,liquid,100,1,5751.95,7555.0,1,1,0,0.0,,
CBIBF,2026-05-14,ACHAT,98,BULL,liquid,99,1,877.7,18700.0,1,1,0,0.0,,
ETIT,2026-05-14,ACHAT,67,BULL,liquid,87,1,652280.4,30.0,0,0,0,0.0,,
FTSC,2026-05-14,ACHAT,67,BULL,liquid,100,1,1609.5,2250.0,1,1,0,0.0,,
NEIC,2026-05-14,ACHAT,77,BULL,liquid,100,1,15845.05,1990.0,0,0,0,0.0,,
ORAC,2026-05-14,ACHAT,71,BULL,prestige,62,1,553.95,15000.0,1,1,0,0.0,,
ORGT,2026-05-14,EVITER,28,BULL,liquid,73,1,9470.6,2575.0,1,0,0,0.0,,
PRSC,2026-05-14,EVITER,31,BULL,illiquid,52,1,751.2,3695.0,1,0,0,0.0,,
SCRC,2026-05-14,ACHAT,92,BULL,liquid,100,1,10236.7,2455.0,0,1,0,0.0,,
SIBC,2026-05-14,ACHAT,67,BULL,prestige,100,1,5316.9,7300.0,1,1,0,0.0,,
SMBC,2026-05-14,ACHAT,78,BULL,prestige,91,1,660.15,12295.0,1,1,0,0.0,,
SNTS,2026-05-14,ACHAT,62,BULL,prestige,87,1,6796.45,28950.0,0,0,0,0.0,,
TTLC,2026-05-14,ACHAT,89,BULL,prestige,100,1,4779.75,2995.0,0,0,0,0.0,,
ABJC,2026-05-15,EVITER,31,BULL,illiquid,60,1,5070.05,2850.0,0,0,0,0.0,,
BOAB,2026-05-15,ACHAT,74,BULL,liquid,87,1,5728.0,9410.0,0,0,0,0.0,,
BOABF,2026-05-15,EVITER,39,BULL,liquid,60,1,4629.7,5405.0,0,0,0,0.0,,
BOAS,2026-05-15,ACHAT,89,BULL,liquid,100,1,6167.7,7555.0,1,1,0,0.0,,
CBIBF,2026-05-15,ACHAT,98,BULL,liquid,100,1,1216.3,18700.0,1,1,0,0.0,,
ETIT,2026-05-15,ACHAT,67,BULL,liquid,87,1,612008.55,30.0,0,0,0,0.0,,
FTSC,2026-05-15,ACHAT,68,BULL,liquid,100,1,1640.45,2250.0,1,1,0,0.0,,
NEIC,2026-05-15,ACHAT,77,BULL,liquid,100,1,10137.05,1990.0,0,0,0,0.0,,
ORAC,2026-05-15,ACHAT,67,BULL,prestige,50,1,566.0,15000.0,1,1,0,0.0,,
ORGT,2026-05-15,EVITER,29,BULL,liquid,73,1,9674.45,2575.0,1,0,0,0.0,,
PRSC,2026-05-15,EVITER,32,BULL,illiquid,53,1,775.45,3695.0,0,0,0,0.0,,
SCRC,2026-05-15,ACHAT,91,BULL,liquid,100,1,10175.05,2455.0,0,1,0,0.0,,
SIBC,2026-05-15,ACHAT,68,BULL,prestige,100,1,5182.5,7300.0,1,1,0,0.0,,
SMBC,2026-05-15,ACHAT,76,BULL,prestige,92,1,701.95,12295.0,1,1,0,0.0,,
SNTS,2026-05-15,ACHAT,62,BULL,prestige,87,1,6838.45,28950.0,1,0,0,0.0,,
TTLC,2026-05-15,ACHAT,88,BULL,prestige,100,1,5208.0,2995.0,0,0,0,0.0,,
ABJC,2026-05-16,EVITER,30,BULL,illiquid,60,1,5056.7,2850.0,0,0,0,0.0,,
BOAB,2026-05-16,ACHAT,72,BULL,liquid,87,1,5786.35,9400.0,1,0,0,0.0,,
BOABF,2026-05-16,EVITER,37,BULL,liquid,60,1,4472.3,5400.0,0,0,0,0.0,,
BOAM,2026-05-16,ACHAT,72,BULL,liquid,87,1,4546.05,4690.0,1,0,0,0.0,,
BOAS,2026-05-16,ACHAT,85,BULL,liquid,100,1,6608.15,7595.0,1,0,0,0.0,,
CBIBF,2026-05-16,ACHAT,87,BULL,liquid,100,1,1583.55,19905.0,1,0,0,0.0,,
FTSC,2026-05-16,ACHAT,72,BULL,liquid,100,1,1590.5,2250.0,1,0,0,0.0,,
ORGT,2026-05-16,EVITER,38,BULL,liquid,73,1,9506.15,2435.0,0,0,0,0.0,,
PRSC,2026-05-16,EVITER,33,BULL,illiquid,53,1,806.7,3695.0,0,0,0,0.0,,
SCRC,2026-05-16,ACHAT,82,BULL,liquid,100,1,10665.15,2550.0,0,0,0,0.0,,
SEMC,2026-05-16,EVITER,32,BULL,liquid,73,1,4615.95,1505.0,1,0,0,0.0,,
SGBC,2026-05-16,ACHAT,62,BULL,prestige,100,1,6470.25,35985.0,1,0,0,0.0,,
SIBC,2026-05-16,ACHAT,74,BULL,prestige,100,1,5148.2,7500.0,1,0,0,0.0,,
SMBC,2026-05-16,ACHAT,73,BULL,prestige,91,1,737.85,12895.0,0,0,0,0.0,,
SNTS,2026-05-16,ACHAT,75,BULL,prestige,87,1,6983.15,28900.0,0,0,0,0.0,,
STAC,2026-05-16,EVITER,30,BULL,liquid,60,1,2321.15,2660.0,0,0,0,0.0,,
TTLC,2026-05-16,ACHAT,65,BULL,prestige,100,1,5653.4,2910.0,0,0,0,0.0,,
UNXC,2026-05-16,EVITER,39,BULL,liquid,60,1,10475.05,1835.0,1,0,0,0.0,,
ABJC,2026-05-17,EVITER,30,BULL,illiquid,60,1,4995.9,2850.0,0,0,0,0.0,,
BOAB,2026-05-17,ACHAT,71,BULL,liquid,87,1,5844.0,9400.0,1,0,0,0.0,,
BOABF,2026-05-17,EVITER,37,BULL,liquid,60,1,4278.45,5400.0,0,0,0,0.0,,
BOAM,2026-05-17,ACHAT,72,BULL,liquid,87,1,4592.25,4690.0,1,0,0,0.0,,
BOAS,2026-05-17,ACHAT,83,BULL,liquid,100,1,6965.9,7595.0,1,0,0,0.0,,
CBIBF,2026-05-17,ACHAT,87,BULL,liquid,100,1,1659.9,19905.0,1,0,0,0.0,,
FTSC,2026-05-17,ACHAT,72,BULL,liquid,100,1,1571.6,2250.0,1,0,0,0.0,,
ORGT,2026-05-17,EVITER,38,BULL,liquid,73,1,10014.5,2435.0,0,0,0,0.0,,
PRSC,2026-05-17,EVITER,32,BULL,illiquid,54,1,842.7,3695.0,0,0,0,0.0,,
SCRC,2026-05-17,ACHAT,82,BULL,liquid,100,1,10778.95,2550.0,0,0,0,0.0,,
SEMC,2026-05-17,EVITER,33,BULL,liquid,73,1,4597.25,1505.0,1,0,0,0.0,,
SGBC,2026-05-17,ACHAT,62,BULL,prestige,100,1,6002.6,35985.0,1,0,0,0.0,,
SIBC,2026-05-17,ACHAT,73,BULL,prestige,100,1,5101.35,7500.0,1,0,0,0.0,,
SMBC,2026-05-17,ACHAT,72,BULL,prestige,91,1,733.45,12895.0,0,0,0,0.0,,
SNTS,2026-05-17,ACHAT,75,BULL,prestige,87,1,7853.55,28900.0,0,0,0,0.0,,
STAC,2026-05-17,EVITER,31,BULL,liquid,60,1,2235.95,2660.0,0,0,0,0.0,,
TTLC,2026-05-17,ACHAT,64,BULL,prestige,100,1,5793.45,2910.0,0,0,0,0.0,,
ABJC,2026-05-18,EVITER,30,BULL,illiquid,60,1,4935.1,2850.0,0,0,0,0.0,,
BOABF,2026-05-18,EVITER,32,BULL,liquid,60,1,4084.6,5400.0,0,0,0,0.0,,
BOAC,2026-05-18,EVITER,36,BULL,liquid,60,1,10328.45,8630.0,0,0,0,0.0,,
BOAS,2026-05-18,ACHAT,65,BULL,liquid,100,1,7323.65,7595.0,1,0,0,0.0,,
CBIBF,2026-05-18,ACHAT,72,BULL,liquid,100,1,1736.25,19905.0,1,0,0,0.0,,
ETIT,2026-05-18,EVITER,39,BULL,liquid,60,1,518247.65,29.0,0,0,0,0.0,,
NTLC,2026-05-18,EVITER,37,BULL,prestige,62,1,576.9,11750.0,0,0,0,0.0,,
ORGT,2026-05-18,EVITER,13,BULL,liquid,73,1,10522.85,2435.0,0,0,0,0.0,,
PRSC,2026-05-18,EVITER,26,BULL,illiquid,67,1,878.7,3695.0,0,0,0,0.0,,
SCRC,2026-05-18,ACHAT,68,BULL,liquid,100,1,10892.75,2550.0,1,0,0,0.0,,
SDSC,2026-05-18,EVITER,38,BULL,liquid,73,1,22427.85,1750.0,1,0,0,0.0,,
SEMC,2026-05-18,EVITER,27,BULL,liquid,73,1,4578.55,1505.0,1,0,0,0.0,,
SIBC,2026-05-18,ACHAT,60,BULL,prestige,100,1,5054.5,7500.0,1,0,0,0.0,,
SMBC,2026-05-18,ACHAT,63,BULL,prestige,91,1,729.05,12895.0,0,0,0,0.0,,
STAC,2026-05-18,EVITER,21,BULL,liquid,60,1,2150.75,2660.0,0,0,0,0.0,,
TTLS,2026-05-18,EVITER,33,BULL,prestige,73,1,1650.0,3005.0,0,0,0,0.0,,
UNXC,2026-05-18,EVITER,35,BULL,liquid,73,1,7295.45,1835.0,1,0,0,0.0,,
ABJC,2026-05-19,EVITER,34,BULL,illiquid,60,1,4683.05,2845.0,0,0,0,0.0,,
BOAB,2026-05-19,ACHAT,70,BULL,liquid,87,1,5368.4,9400.0,0,0,0,0.0,,
BOAM,2026-05-19,ACHAT,67,BULL,liquid,73,1,4122.35,4690.0,1,0,0,0.0,,
BOAS,2026-05-19,ACHAT,92,BULL,liquid,100,1,7108.1,7700.0,1,0,0,0.0,,
CBIBF,2026-05-19,ACHAT,78,BULL,liquid,100,1,1725.25,20500.0,1,0,0,0.0,,
CIEC,2026-05-19,ACHAT,75,BULL,liquid,100,1,5727.6,3330.0,1,0,0,0.0,,
ETIT,2026-05-19,ACHAT,71,BULL,liquid,100,1,500402.5,30.0,0,0,0,0.0,,
FTSC,2026-05-19,ACHAT,86,BULL,liquid,100,1,1451.7,2360.0,0,0,0,0.0,,
NEIC,2026-05-19,ACHAT,67,BULL,liquid,87,1,8348.45,1940.0,1,0,0,0.0,,
ORAC,2026-05-19,ACHAT,81,BULL,prestige,92,1,598.15,15600.0,0,0,0,0.0,,
ORGT,2026-05-19,EVITER,30,BULL,liquid,73,1,10341.85,2495.0,0,0,0,0.0,,
PRSC,2026-05-19,EVITER,38,BULL,illiquid,67,1,867.95,3620.0,0,0,0,0.0,,
SCRC,2026-05-19,ACHAT,78,BULL,liquid,100,1,10416.75,2380.0,1,0,0,0.0,,
SDSC,2026-05-19,EVITER,37,BULL,liquid,73,1,22158.35,1695.0,0,0,0,0.0,,
SEMC,2026-05-19,EVITER,37,BULL,liquid,73,1,4273.4,1500.0,1,0,0,0.0,,
SIBC,2026-05-19,ACHAT,84,BULL,prestige,100,1,4638.95,7500.0,1,0,0,0.0,,
SMBC,2026-05-19,ACHAT,83,BULL,prestige,92,1,708.45,12800.0,1,0,0,0.0,,
SNTS,2026-05-19,ACHAT,63,BULL,prestige,60,1,8387.7,28800.0,0,0,0,0.0,,
STAC,2026-05-19,EVITER,28,BULL,liquid,73,1,2103.55,2680.0,0,0,0,0.0,,
ABJC,2026-05-20,EVITER,36,BULL,illiquid,60,1,4688.35,2855.0,0,0,0,0.0,,
BOAB,2026-05-20,ACHAT,68,BULL,liquid,87,1,5488.15,9410.0,0,0,0,0.0,,
BOAM,2026-05-20,ACHAT,75,BULL,liquid,100,1,4049.3,4900.0,1,0,0,0.0,,
BOAN,2026-05-20,ACHAT,77,BULL,liquid,73,1,7316.55,3550.0,1,0,0,0.0,,
BOAS,2026-05-20,ACHAT,78,BULL,liquid,100,1,7889.9,8000.0,0,0,0,0.0,,
CBIBF,2026-05-20,ACHAT,78,BULL,liquid,100,1,1719.7,20480.0,1,0,0,0.0,,
CIEC,2026-05-20,ACHAT,71,BULL,liquid,100,1,6020.3,3500.0,1,0,0,0.0,,
NEIC,2026-05-20,ACHAT,65,BULL,liquid,87,1,6674.75,1920.0,1,0,0,0.0,,
NTLC,2026-05-20,ACHAT,64,BULL,prestige,63,1,580.55,11700.0,1,0,0,0.0,,
ORAC,2026-05-20,ACHAT,86,BULL,prestige,93,1,736.55,16000.0,0,0,0,0.0,,
ORGT,2026-05-20,EVITER,22,BULL,liquid,73,1,10551.1,2500.0,0,0,0,0.0,,
SCRC,2026-05-20,ACHAT,65,BULL,liquid,100,1,10935.8,2310.0,1,0,0,0.0,,
SEMC,2026-05-20,EVITER,35,BULL,liquid,73,1,4144.35,1495.0,1,0,0,0.0,,
SIBC,2026-05-20,ACHAT,76,BULL,prestige,100,1,4391.9,7800.0,1,0,0,0.0,,
SNTS,2026-05-20,ACHAT,60,BULL,prestige,87,1,8808.5,29000.0,0,0,0,0.0,,
STAC,2026-05-20,ACHAT,68,BULL,liquid,100,1,2088.15,2980.0,0,0,0,0.0,,
ABJC,2026-05-21,EVITER,37,BULL,illiquid,60,1,4354.7,2855.0,0,0,0,0.0,,
BOAM,2026-05-21,ACHAT,76,BULL,liquid,100,1,4139.9,4900.0,0,0,0,0.0,,
BOAN,2026-05-21,ACHAT,90,BULL,liquid,87,1,8557.2,3690.0,0,0,0,0.0,,
BOAS,2026-05-21,ACHAT,78,BULL,liquid,100,1,7137.75,8050.0,0,0,0,0.0,,
CBIBF,2026-05-21,ACHAT,79,BULL,liquid,100,1,1602.7,20500.0,0,0,0,0.0,,
CIEC,2026-05-21,ACHAT,71,BULL,liquid,100,1,5967.2,3500.0,0,0,0,0.0,,
NEIC,2026-05-21,ACHAT,67,BULL,liquid,87,1,5255.1,1900.0,0,0,0,0.0,,
NTLC,2026-05-21,ACHAT,67,BULL,prestige,78,1,631.65,11850.0,0,0,0,0.0,,
ORAC,2026-05-21,ACHAT,75,BULL,prestige,95,1,808.7,15505.0,0,0,0,0.0,,
ORGT,2026-05-21,EVITER,23,BULL,liquid,73,1,10503.55,2500.0,0,0,0,0.0,,
SDSC,2026-05-21,EVITER,35,BULL,liquid,73,1,22741.9,1650.0,0,0,0,0.0,,
SEMC,2026-05-21,EVITER,38,BULL,liquid,87,1,3878.45,1480.0,0,0,0,0.0,,
SIBC,2026-05-21,ACHAT,78,BULL,prestige,100,1,4048.7,7795.0,0,0,0,0.0,,
SMBC,2026-05-21,ACHAT,61,BULL,prestige,92,1,759.95,12500.0,0,0,0,0.0,,
SPHC,2026-05-21,EVITER,38,BULL,prestige,60,1,2323.45,6850.0,0,0,0,0.0,,
STAC,2026-05-21,ACHAT,71,BULL,liquid,100,1,2231.75,2980.0,0,0,0,0.0,,
ABJC,2026-05-22,EVITER,39,BULL,illiquid,73,1,4015.85,2860.0,0,0,0,0.0,,
BOAB,2026-05-22,ACHAT,74,BULL,liquid,87,1,5400.05,9420.0,0,0,0,0.0,,
BOABF,2026-05-22,ACHAT,71,BULL,liquid,87,1,2448.95,5415.0,0,0,0,0.0,,
BOAM,2026-05-22,ACHAT,69,BULL,liquid,100,1,4238.6,4940.0,0,0,0,0.0,,
BOAN,2026-05-22,ACHAT,80,BULL,liquid,100,1,9605.2,3700.0,0,0,0,0.0,,
BOAS,2026-05-22,ACHAT,78,BULL,liquid,100,1,6949.35,8000.0,0,0,0,0.0,,
CBIBF,2026-05-22,ACHAT,77,BULL,liquid,100,1,1636.95,20700.0,0,0,0,0.0,,
CIEC,2026-05-22,ACHAT,91,BULL,liquid,100,1,6031.1,3760.0,0,0,0,0.0,,
ECOC,2026-05-22,ACHAT,69,BULL,prestige,60,1,1706.45,16300.0,0,0,0,0.0,,
NEIC,2026-05-22,ACHAT,74,BULL,liquid,87,1,5198.35,1935.0,0,0,0,0.0,,
NTLC,2026-05-22,ACHAT,81,BULL,prestige,92,1,707.75,12490.0,0,0,0,0.0,,
ORAC,2026-05-22,ACHAT,79,BULL,prestige,98,1,946.55,15650.0,0,0,0,0.0,,
ORGT,2026-05-22,EVITER,25,BULL,liquid,73,1,10729.4,2590.0,0,0,0,0.0,,
SCRC,2026-05-22,ACHAT,83,BULL,liquid,100,1,11701.4,2465.0,0,0,0,0.0,,
SIBC,2026-05-22,ACHAT,77,BULL,prestige,100,1,4094.3,7845.0,0,0,0,0.0,,
SMBC,2026-05-22,ACHAT,84,BULL,prestige,94,1,761.15,12895.0,0,0,0,0.0,,
TTLS,2026-05-22,ACHAT,66,BULL,prestige,100,1,1598.55,3240.0,0,0,0,0.0,,
ABJC,2026-05-23,EVITER,43,BULL,illiquid,73,1,3723.95,2875.0,0,0,0,0.0,,
BOABF,2026-05-23,ACHAT,76,BULL,liquid,100,1,2607.7,5440.0,0,0,0,0.0,,
BOAM,2026-05-23,ACHAT,75,BULL,liquid,100,1,4193.35,4990.0,0,0,0,0.0,,
BOAN,2026-05-23,ACHAT,75,BULL,liquid,100,1,9772.5,3730.0,0,0,0,0.0,,
BOAS,2026-05-23,ACHAT,77,BULL,liquid,100,1,6808.6,7990.0,0,0,0,0.0,,
CBIBF,2026-05-23,ACHAT,78,BULL,liquid,100,1,1658.85,20700.0,0,0,0,0.0,,
CIEC,2026-05-23,ACHAT,95,BULL,liquid,100,1,6495.55,4040.0,0,0,0,0.0,,
NEIC,2026-05-23,ACHAT,78,BULL,liquid,87,1,5203.8,1990.0,0,0,0,0.0,,
NTLC,2026-05-23,ACHAT,77,BULL,prestige,93,1,781.7,13005.0,0,0,0,0.0,,
ORAC,2026-05-23,ACHAT,77,BULL,prestige,100,1,1117.85,15550.0,0,0,0,0.0,,
SCRC,2026-05-23,ACHAT,88,BULL,liquid,100,1,12581.5,2645.0,0,0,0,0.0,,
SDSC,2026-05-23,EVITER,36,BULL,liquid,73,1,25913.45,1700.0,0,0,0,0.0,,
SEMC,2026-05-23,EVITER,36,BULL,liquid,73,1,4023.65,1485.0,0,0,0,0.0,,
SGBC,2026-05-23,ACHAT,84,BULL,prestige,100,1,3241.85,36000.0,0,0,0,0.0,,
SIBC,2026-05-23,ACHAT,81,BULL,prestige,100,1,4114.4,8160.0,0,0,0,0.0,,
SMBC,2026-05-23,ACHAT,83,BULL,prestige,95,1,862.35,12895.0,0,0,0,0.0,,
SPHC,2026-05-23,ACHAT,64,BULL,prestige,73,1,2030.5,6945.0,0,0,0,0.0,,
TTLS,2026-05-23,ACHAT,72,BULL,prestige,100,1,1601.5,3195.0,0,0,0,0.0,,
ABJC,2026-05-24,EVITER,43,BULL,illiquid,73,1,3375.95,2875.0,0,0,0,0.0,,
BOABF,2026-05-24,ACHAT,76,BULL,liquid,100,1,3102.0,5440.0,0,0,0,0.0,,
BOAM,2026-05-24,ACHAT,75,BULL,liquid,100,1,4221.85,4990.0,0,0,0,0.0,,
BOAN,2026-05-24,ACHAT,74,BULL,liquid,100,1,9672.85,3730.0,0,0,0,0.0,,
BOAS,2026-05-24,ACHAT,76,BULL,liquid,100,1,6672.25,7990.0,0,0,0,0.0,,
CBIBF,2026-05-24,ACHAT,78,BULL,liquid,100,1,1687.35,20700.0,0,0,0,0.0,,
CIEC,2026-05-24,ACHAT,95,BULL,liquid,100,1,7826.45,4040.0,0,0,0,0.0,,
NEIC,2026-05-24,ACHAT,78,BULL,liquid,87,1,5264.15,1990.0,0,0,0,0.0,,
NTLC,2026-05-24,ACHAT,76,BULL,prestige,93,1,811.25,13005.0,0,0,0,0.0,,
ORAC,2026-05-24,ACHAT,77,BULL,prestige,100,1,1394.3,15550.0,0,0,0,0.0,,
SCRC,2026-05-24,ACHAT,88,BULL,liquid,100,1,14670.8,2645.0,0,0,0,0.0,,
SDSC,2026-05-24,EVITER,37,BULL,liquid,73,1,25819.4,1700.0,0,0,0,0.0,,
SEMC,2026-05-24,EVITER,37,BULL,liquid,73,1,4060.15,1485.0,0,0,0,0.0,,
SGBC,2026-05-24,ACHAT,84,BULL,prestige,100,1,2843.5,36000.0,0,0,0,0.0,,
SIBC,2026-05-24,ACHAT,81,BULL,prestige,100,1,4124.35,8160.0,0,0,0,0.0,,
SMBC,2026-05-24,ACHAT,83,BULL,prestige,97,1,984.25,12895.0,0,0,0,0.0,,
SPHC,2026-05-24,ACHAT,64,BULL,prestige,73,1,5132.35,6945.0,0,0,0,0.0,,
TTLS,2026-05-24,ACHAT,72,BULL,prestige,100,1,1661.6,3195.0,0,0,0,0.0,,
ABJC,2026-05-25,EVITER,44,BULL,illiquid,73,1,3027.95,2875.0,0,0,0,0.0,,
BOABF,2026-05-25,ACHAT,76,BULL,liquid,100,1,3596.3,5440.0,0,0,0,0.0,,
BOAM,2026-05-25,ACHAT,74,BULL,liquid,100,1,4250.35,4990.0,0,0,0,0.0,,
BOAN,2026-05-25,ACHAT,73,BULL,liquid,100,1,9573.2,3730.0,0,0,0,0.0,,
BOAS,2026-05-25,ACHAT,76,BULL,liquid,100,1,6535.9,7990.0,0,0,0,0.0,,
CBIBF,2026-05-25,ACHAT,78,BULL,liquid,100,1,1715.85,20700.0,0,0,0,0.0,,
CIEC,2026-05-25,ACHAT,95,BULL,liquid,100,1,9157.35,4040.0,0,0,0,0.0,,
NEIC,2026-05-25,ACHAT,78,BULL,liquid,87,1,5324.5,1990.0,0,0,0,0.0,,
NTLC,2026-05-25,ACHAT,75,BULL,prestige,93,1,840.8,13005.0,0,0,0,0.0,,
ORAC,2026-05-25,ACHAT,77,BULL,prestige,100,1,1670.75,15550.0,0,0,0,0.0,,
SCRC,2026-05-25,ACHAT,88,BULL,liquid,100,1,16760.1,2645.0,0,0,0,0.0,,
SDSC,2026-05-25,EVITER,37,BULL,liquid,73,1,25725.35,1700.0,0,0,0,0.0,,
SEMC,2026-05-25,EVITER,38,BULL,liquid,73,1,4096.65,1485.0,0,0,0,0.0,,
SGBC,2026-05-25,ACHAT,84,BULL,prestige,100,1,2445.15,36000.0,0,0,0,0.0,,
SIBC,2026-05-25,ACHAT,81,BULL,prestige,100,1,4134.3,8160.0,0,0,0,0.0,,
SMBC,2026-05-25,ACHAT,82,BULL,prestige,99,1,1106.15,12895.0,0,0,0,0.0,,
SPHC,2026-05-25,ACHAT,64,BULL,prestige,73,1,8234.2,6945.0,0,0,0,0.0,,
TTLS,2026-05-25,ACHAT,71,BULL,prestige,100,1,1721.7,3195.0,0,0,0,0.0,,
