ticker,fiscal_year,date_annonce,date_ex,date_paiement,duree_jours,dividende,yield_pct,rendement_cycle,benchmark_cycle,alpha_cycle,chute_ex_pct,statut_cotation_ex,n_benchmark,delai_ag_ex_jours,volume_moyen_avant_annonce
BOAB,2021,2022-04-13,2022-05-23,2022-05-25,42,273.0,10.3,-2.4811,-3.5227,1.0416,0.0,COTE_AVEC_VARIATION,43,40,741.0
BOAB,2022,2023-04-14,2023-05-23,2023-05-25,41,353.0,11.87,5.0202,-2.1947,7.2148,75.8,COTE_AVEC_VARIATION,46,39,344.0
BOAB,2023,2024-04-12,2024-05-23,2024-05-27,45,468.0,14.72,14.4126,3.6905,10.7221,31.5,COTE_AVEC_VARIATION,40,41,3076.0
BOAB,2024,2025-04-02,2025-05-30,2025-06-03,62,585.0,15.88,3.7155,9.1773,-5.4618,0.0,COTE_AVEC_VARIATION,41,58,8293
BOAB,2025,2026-04-30,2026-05-14,2026-05-15,15,585.0,6.22,12.2403,0.1819,12.0584,1.7,COTE_AVEC_VARIATION,48,14,6143.0
BOABF,2021,2022-03-29,2022-04-29,2022-05-04,36,224.0,7.23,3.2459,-0.9919,4.2378,0.0,COTE_AVEC_VARIATION,43,31,298.0
BOABF,2022,2023-03-30,2023-05-03,2023-05-05,36,352.0,13.54,10.8883,-1.0186,11.9069,28.4,COTE_AVEC_VARIATION,46,34,1063.0
BOABF,2023,2024-03-28,2024-05-02,2024-05-06,39,428.0,12.26,4.2098,0.5972,3.6126,0.0,COTE_AVEC_VARIATION,40,35,1556.0
BOABF,2024,2025-03-17,2025-04-17,2025-04-22,36,397.0,13.08,-0.4176,0.3951,-0.8128,73.0,COTE_AVEC_VARIATION,41,31,9921.0
BOABF,2025,2026-03-23,2026-04-22,2026-04-23,31,397.0,7.05,7.8221,0.489,7.3331,3.8,COTE_AVEC_VARIATION,48,30,9204.0
BOAC,2021,2022-03-31,2022-04-26,2022-04-28,28,270.0,4.61,8.1557,0.6459,7.5098,13.9,COTE_AVEC_VARIATION,43,26,4379.0
BOAC,2022,2023-03-29,2023-04-26,2023-04-28,30,342.0,9.24,11.3418,-1.68,13.0218,73.8,COTE_AVEC_VARIATION,46,28,5732.0
BOAC,2023,2024-03-28,2024-04-25,2024-04-29,32,459.0,13.31,6.7125,0.9988,5.7138,27.8,COTE_AVEC_VARIATION,40,28,2134.0
BOAC,2024,2025-04-16,2025-05-16,2025-05-20,34,595.0,11.9,9.75,7.7242,2.0258,22.7,COTE_AVEC_VARIATION,41,30,5157.0
BOAC,2025,2026-04-15,2026-05-05,2026-05-06,21,594.53,7.0,8.0533,-2.511,10.5643,57.2,COTE_AVEC_VARIATION,48,20,27222.0
BOAM,2023,2024-04-23,2024-05-16,2024-05-21,28,237.0,24.12,19.5352,0.7859,18.7493,35.2,COTE_AVEC_VARIATION,40,23,831.0
BOAM,2024,2025-04-10,2025-05-30,2025-06-03,54,305.0,16.14,16.2,9.8429,6.3571,0.0,COTE_AVEC_VARIATION,41,50,9039.0
BOAM,2025,2026-04-14,2026-06-02,2026-06-03,50,305.04,6.5,15.8306,4.5311,11.2995,82.0,COTE_AVEC_VARIATION,48,49,5396.0
BOAN,2021,2022-03-30,2022-05-10,2022-05-12,43,355.0,11.12,14.1469,-2.5355,16.6825,16.7,COTE_AVEC_VARIATION,43,41,1338.0
BOAN,2022,2023-03-30,2023-05-23,2023-05-25,56,381.0,10.53,1.7149,-2.2882,4.0031,74.6,COTE_AVEC_VARIATION,46,54,1428.0
BOAN,2023,2024-04-04,2024-05-29,2024-05-31,57,209.0,6.21,-3.5933,2.7794,-6.3727,121.1,COTE_AVEC_VARIATION,40,55,2373
BOAS,2021,2022-04-15,2022-05-30,2022-06-01,47,125.0,7.98,8.4698,-1.7115,10.1813,0.0,COTE_AVEC_VARIATION,43,45,2564.0
BOAS,2022,2023-03-31,2023-05-30,2023-06-01,62,200.0,12.24,30.98,-3.4028,34.3828,0.0,COTE_AVEC_VARIATION,46,60,2997.0
BOAS,2023,2024-04-18,2024-06-25,2024-06-27,70,350.0,16.41,22.3779,5.6065,16.7714,55.2,COTE_AVEC_VARIATION,40,68,3136.0
BOAS,2024,2025-04-08,2025-05-28,2025-06-02,55,450.0,14.29,3.7383,9.4719,-5.7336,24.4,COTE_AVEC_VARIATION,41,50,6147.0
BOAS,2025,2026-04-30,2026-05-29,2026-06-01,32,450.0,6.63,15.0,5.0742,9.9258,10.0,COTE_AVEC_VARIATION,48,29,5046.0
CABC,2021,2022-04-07,2022-07-29,2022-08-02,117,69.0,6.8,6.2727,-1.1826,7.4553,65.2,COTE_AVEC_VARIATION,43,113,1340.0
CABC,2025,2026-04-27,2026-05-29,2026-06-01,35,152.02,4.35,1.445,6.5554,-5.1104,-32.9,COTE_AVEC_VARIATION,48,32,4055
CBIBF,2021,2022-04-07,2022-07-04,2022-07-06,90,525.0,5.0,-3.8285,1.3439,-5.1724,0.0,COTE_AVEC_VARIATION,43,88,368.0
CBIBF,2022,2023-04-17,2023-07-04,2023-07-06,80,790.0,9.42,13.5169,-0.2865,13.8034,0.6,COTE_AVEC_VARIATION,46,78,507.0
CBIBF,2023,2024-04-12,2024-07-03,2024-07-05,84,555.0,5.97,21.2155,5.922,15.2935,81.1,COTE_AVEC_VARIATION,40,82,2297.0
CBIBF,2024,2025-04-29,2025-07-03,2025-07-07,69,900.0,9.1,9.7449,12.7197,-2.9748,43.9,COTE_AVEC_VARIATION,42,65,1218.0
CBIBF,2025,2026-04-16,2026-06-18,2026-06-19,64,900.0,4.05,48.4076,12.4946,35.9131,-35.0,COTE_AVEC_VARIATION,48,63,951.0
CFAC,2021,2022-06-21,2022-07-29,2022-08-02,42,29.0,2.41,-0.1156,0.0289,-0.1445,69.0,COTE_AVEC_VARIATION,43,38,5684.0
CFAC,2022,2023-06-27,2023-09-13,2023-09-15,80,16.0,1.71,13.7888,4.1383,9.6505,156.2,COTE_AVEC_VARIATION,46,78,1547.0
CFAC,2023,2024-06-27,2024-08-28,2024-08-30,64,7.0,0.84,3.2836,8.3732,-5.0896,-357.1,COTE_AVEC_VARIATION,40,62,1536.0
CIEC,2021,2022-06-20,2022-07-21,2022-07-25,35,158.0,8.31,1.617,0.4556,1.1614,-3.2,COTE_AVEC_VARIATION,43,31,2390.0
CIEC,2022,2023-06-20,2023-07-27,2023-07-31,41,171.0,8.59,13.9904,4.7057,9.2847,11.7,COTE_AVEC_VARIATION,46,37,881.0
CIEC,2023,2024-06-26,2024-07-26,2024-07-30,34,158.0,9.32,2.8571,2.7206,0.1366,63.3,COTE_AVEC_VARIATION,40,30,4422.0
CIEC,2025,2026-06-24,2026-06-30,2026-07-01,7,234.0,4.38,11.0911,2.4494,8.6417,-38.5,COTE_AVEC_VARIATION,48,6,4622.0
ECOC,2021,2022-04-05,2022-04-26,2022-04-29,24,549.0,11.47,4.88,1.8267,3.0533,51.0,COTE_AVEC_VARIATION,43,21,4964.0
ECOC,2022,2023-04-26,2023-05-25,2023-05-30,34,594.0,12.01,9.1822,-1.523,10.7052,33.7,COTE_AVEC_VARIATION,46,29,6340.0
ECOC,2023,2024-04-25,2024-05-28,2024-05-30,35,708.0,10.41,16.058,1.8272,14.2307,15.5,COTE_AVEC_VARIATION,40,33,2879.0
ECOC,2024,2025-04-29,2025-05-27,2025-05-30,31,781.0,8.88,20.637,7.0123,13.6247,103.1,COTE_AVEC_VARIATION,42,28,778
ECOC,2025,2026-04-24,2026-05-21,2026-05-22,28,888.0,5.45,7.425,4.2199,3.2051,0.0,COTE_SANS_VARIATION,46,27,1235.0
FTSC,2023,2024-06-20,2024-09-26,2024-09-30,102,1727.0,93.83,232.863,12.2549,220.608,2.7,COTE_AVEC_VARIATION,40,98,3547.0
NSBC,2022,2023-05-19,2023-07-05,2023-07-07,49,455.0,7.62,16.3725,1.3841,14.9884,2.2,COTE_AVEC_VARIATION,46,47,377.0
NSBC,2023,2024-05-23,2024-07-04,2024-07-08,46,671.0,11.18,17.6034,3.8454,13.758,2.2,COTE_AVEC_VARIATION,40,42,665.0
NSBC,2024,2025-05-26,2025-07-07,2025-07-09,44,676.0,9.53,20.2796,4.1334,16.1461,0.0,COTE_AVEC_VARIATION,42,42,2344.0
NTLC,2021,2022-05-20,2022-07-29,2022-08-02,74,728.0,15.81,7.4714,1.6865,5.785,88.6,COTE_AVEC_VARIATION,43,70,597.0
NTLC,2022,2023-05-12,2023-08-03,2023-08-08,88,675.0,8.19,17.6284,2.9649,14.6635,29.6,COTE_AVEC_VARIATION,46,83,2064.0
NTLC,2023,2024-06-11,2024-08-16,2024-08-20,70,722.0,9.78,5.3636,5.5181,-0.1545,0.0,COTE_AVEC_VARIATION,40,66,4295.0
NTLC,2024,2025-06-12,2025-08-13,2025-08-18,67,370.0,4.64,10.2632,9.759,0.5041,110.8,COTE_AVEC_VARIATION,42,62,1912.0
ONTBF,2021,2022-05-12,2022-06-13,2022-06-15,34,288.0,7.3,9.418,1.0428,8.3752,0.0,COTE_AVEC_VARIATION,43,32,11110.0
ONTBF,2022,2023-05-09,2023-06-22,2023-06-26,48,266.0,8.33,12.3202,-0.9249,13.2451,-3.2,COTE_AVEC_VARIATION,46,44,9749.0
ONTBF,2023,2024-06-24,2024-07-29,2024-07-31,37,195.0,8.55,16.5723,2.6901,13.8822,0.0,COTE_AVEC_VARIATION,40,35,10416.0
ONTBF,2024,2025-05-28,2025-07-17,2025-07-21,54,145.0,6.33,7.6305,6.1021,1.5284,20.7,COTE_AVEC_VARIATION,42,50,10934
ONTBF,2025,2026-04-29,2026-06-12,2026-06-15,47,145.32,5.36,9.6415,11.1785,-1.5371,0.0,COTE_SANS_VARIATION,48,44,2770.0
ORAC,2022,2023-04-13,2023-06-13,2023-06-15,63,780.0,7.64,9.6196,-2.4638,12.0834,50.0,COTE_AVEC_VARIATION,46,61,2530.0
ORAC,2023,2024-04-16,2024-05-30,2024-06-03,48,660.0,6.06,11.9355,4.4056,7.5299,105.3,COTE_AVEC_VARIATION,40,44,1603.0
ORAC,2024,2025-04-10,2025-06-05,2025-06-11,62,704.0,4.02,8.25,11.884,-3.634,0.7,COTE_AVEC_VARIATION,41,56,3981.0
ORAC,2025,2026-05-18,2026-06-05,2026-06-08,21,800.0,5.14,12.7063,7.5529,5.1533,0.0,COTE_SANS_VARIATION,48,18,639.0
PRSC,2021,2022-06-30,2022-08-26,2022-08-30,61,224.0,5.34,10.6911,-1.8755,12.5667,-8.9,COTE_AVEC_VARIATION,43,57,1124.0
PRSC,2022,2023-06-26,2023-09-11,2023-09-13,79,183.0,5.73,20.519,4.8866,15.6325,0.0,COTE_SANS_VARIATION,46,77,319.0
SHEC,2021,2022-09-22,2022-10-26,2022-10-28,36,53.0,6.16,4.8588,-0.9001,5.7589,0.0,COTE_SANS_VARIATION,43,34,937.0
SHEC,2022,2023-11-21,2023-12-26,2023-12-28,37,57.0,7.6,-3.9521,1.8635,-5.8156,0.0,COTE_AVEC_VARIATION,46,35,1948.0
SLBC,2023,2024-05-31,2024-09-12,2025-07-29,424,1074.0,12.34,141.1291,61.9112,79.2179,-31.1,COTE_AVEC_VARIATION,40,104,0
SLBC,2024,2025-05-21,2025-07-25,2025-07-29,69,1872.0,14.45,21.3488,10.4936,10.8553,38.5,COTE_AVEC_VARIATION,42,65,385.0
SMBC,2021,2022-06-21,2022-08-22,2022-08-24,64,720.0,10.43,-6.993,-1.9186,-5.0744,0.0,COTE_AVEC_VARIATION,43,62,739.0
SMBC,2023,2024-06-14,2024-09-26,2024-09-30,108,616.0,5.85,19.9661,12.6388,7.3273,172.1,COTE_AVEC_VARIATION,40,104,300.0
SNTS,2021,2022-04-28,2022-05-16,2022-05-18,20,1500.0,10.73,1.9478,-3.774,5.7218,0.0,COTE_AVEC_VARIATION,43,18,8954.0
SNTS,2022,2023-04-18,2023-05-15,2023-05-17,29,1575.0,10.36,4.9051,-1.9369,6.842,0.0,COTE_AVEC_VARIATION,46,27,1029.0
SNTS,2025,2026-04-16,2026-05-22,2026-05-25,39,1740.0,6.11,6.1053,4.8684,1.2369,-2.9,COTE_AVEC_VARIATION,48,36,11333.0
SOGC,2021,2022-06-15,2022-07-19,2022-07-21,36,554.0,11.09,4.9846,1.0168,3.9678,36.1,COTE_AVEC_VARIATION,43,34,1610.0
SOGC,2022,2023-06-13,2023-07-13,2023-07-17,34,207.0,3.65,-8.2062,4.6692,-12.8754,132.9,COTE_AVEC_VARIATION,46,30,5224.0
SOGC,2023,2024-05-24,2024-08-02,2024-08-06,74,528.0,16.15,40.7949,5.2139,35.581,26.5,COTE_AVEC_VARIATION,40,70,1701.0
SOGC,2024,2025-05-20,2025-07-11,2025-07-15,56,502.0,10.88,9.9069,5.6052,4.3017,96.6,COTE_AVEC_VARIATION,42,52,6460.0
SPHC,2021,2022-06-13,2022-08-02,2022-08-04,52,294.0,5.67,4.8167,0.0717,4.745,3.4,COTE_AVEC_VARIATION,43,50,517.0
SPHC,2022,2023-06-12,2023-09-26,2023-09-29,109,65.0,1.3,-14.9231,5.3564,-20.2795,300.0,COTE_AVEC_VARIATION,46,106,1760.0
SPHC,2023,2024-06-04,2024-08-08,2024-08-12,69,324.0,13.79,39.7474,5.8759,33.8715,0.0,COTE_AVEC_VARIATION,40,65,809.0
SPHC,2024,2025-04-08,2025-07-15,2025-07-17,100,430.0,10.39,48.1564,14.7242,33.4322,27.9,COTE_AVEC_VARIATION,41,98,3961.0
STBC,2021,2022-06-28,2022-07-19,2022-07-21,23,540.0,8.74,10.8475,0.7322,10.1152,25.9,COTE_AVEC_VARIATION,43,21,288.0
STBC,2022,2023-06-30,2023-07-25,2023-07-27,27,675.0,9.85,18.0885,1.3398,16.7486,23.7,COTE_AVEC_VARIATION,46,25,1268.0
STBC,2023,2024-06-21,2024-07-25,2024-07-29,38,2090.0,35.16,26.7143,2.5122,24.2021,10.0,COTE_AVEC_VARIATION,40,34,4038.0
STBC,2024,2025-07-30,2025-08-27,2025-08-29,30,1707.0,23.39,5.6769,6.2255,-0.5485,108.4,COTE_AVEC_VARIATION,42,28,4450.0
TTLC,2021,2022-06-16,2022-08-23,2022-08-25,70,176.0,8.36,0.2532,-1.9387,2.1918,2.8,COTE_AVEC_VARIATION,43,68,3648.0
TTLC,2022,2023-06-15,2023-09-19,2023-09-21,98,200.0,10.55,9.7902,5.5691,4.2211,72.5,COTE_AVEC_VARIATION,46,96,2333.0
TTLC,2023,2024-06-21,2024-09-13,2024-09-17,88,196.0,10.87,23.1981,10.9036,12.2945,102.0,COTE_AVEC_VARIATION,40,84,2386.0
TTLC,2024,2025-06-19,2025-09-01,2025-09-03,76,140.0,5.6,0.1942,10.7716,-10.5774,0.0,COTE_AVEC_VARIATION,42,74,13440.0
