ticker,fiscal_year,entree_offset,sortie_offset,date_entree,date_sortie,rendement_cycle,benchmark_cycle,alpha_cycle
BOAB,2021,-5,-5,2022-04-08,2022-05-20,-0.1513,-2.1162,1.9649
BOAB,2022,-5,-5,2023-04-09,2023-05-20,1.5323,-1.2324,2.7646
BOAB,2023,-5,-5,2024-04-07,2024-05-22,4.3665,1.9734,2.3931
BOAB,2024,-5,-5,2025-03-28,2025-05-29,4.1489,7.7255,-3.5765
BOAB,2025,-5,-5,2026-04-25,2026-05-10,14.4945,-1.2294,15.7239
BOABF,2021,-5,-5,2022-03-24,2022-04-29,2.3871,2.8012,-0.4141
BOABF,2022,-5,-5,2023-03-25,2023-04-30,1.7544,-2.7178,4.4722
BOABF,2023,-5,-5,2024-03-23,2024-05-01,0.1372,3.1306,-2.9934
BOABF,2024,-5,-5,2025-03-12,2025-04-17,2.3638,1.1097,1.2541
BOABF,2025,-5,-5,2026-03-18,2026-04-18,3.8745,-0.0761,3.9507
BOAC,2021,-5,-5,2022-03-26,2022-04-23,-1.2821,1.7568,-3.0388
BOAC,2022,-5,-5,2023-03-24,2023-04-23,-0.9615,-2.1754,1.2139
BOAC,2023,-5,-5,2024-03-23,2024-04-24,-0.6849,1.2812,-1.9662
BOAC,2024,-5,-5,2025-04-11,2025-05-15,2.9412,7.2478,-4.3066
BOAC,2025,-5,-5,2026-04-10,2026-05-01,8.3726,-1.4876,9.8602
BOAM,2023,-5,-5,2024-04-18,2024-05-16,20.6559,1.6556,19.0002
BOAM,2024,-5,-5,2025-04-05,2025-05-29,20.625,8.4001,12.2249
BOAM,2025,-5,-5,2026-04-09,2026-05-29,9.4624,3.0521,6.4103
BOAN,2021,-5,-5,2022-03-25,2022-05-07,8.0558,-0.4348,8.4905
BOAN,2022,-5,-5,2023-03-25,2023-05-20,-2.3407,-3.1772,0.8364
BOAN,2023,-5,-5,2024-03-30,2024-05-26,-3.2018,3.1455,-6.3474
BOAS,2021,-5,-5,2022-04-10,2022-05-27,-1.1952,-3.1424,1.9472
BOAS,2022,-5,-5,2023-03-26,2023-05-27,23.6779,-4.5929,28.2709
BOAS,2023,-5,-5,2024-04-13,2024-06-22,25.3733,6.1799,19.1934
BOAS,2024,-5,-5,2025-04-03,2025-05-28,14.9367,8.8257,6.111
BOAS,2025,-5,-5,2026-04-25,2026-05-27,12.2464,4.2359,8.0105
CABC,2021,-5,-5,2022-04-02,2022-07-28,8.1448,-1.5505,9.6953
CABC,2025,-5,-5,2026-04-22,2026-05-27,5.2632,4.6388,0.6243
CBIBF,2021,-5,-5,2022-04-02,2022-07-01,-9.6939,-0.2245,-9.4694
CBIBF,2022,-5,-5,2023-04-12,2023-07-01,3.75,-0.2837,4.0337
CBIBF,2023,-5,-5,2024-04-07,2024-06-30,14.1304,6.5666,7.5638
CBIBF,2024,-5,-5,2025-04-24,2025-07-02,-4.7418,11.8873,-16.629
CBIBF,2025,-5,-5,2026-04-11,2026-06-14,43.4211,8.7298,34.6913
CFAC,2021,-5,-5,2022-06-16,2022-07-28,-4.3956,0.7872,-5.1828
CFAC,2022,-5,-5,2023-06-22,2023-09-10,14.9068,3.146,11.7609
CFAC,2023,-5,-5,2024-06-22,2024-08-25,-3.6496,5.3919,-9.0415
CIEC,2021,-5,-5,2022-06-15,2022-07-20,-0.2174,1.4012,-1.6186
CIEC,2022,-5,-5,2023-06-15,2023-07-26,7.9327,3.9247,4.008
CIEC,2023,-5,-5,2024-06-21,2024-07-25,5.0633,1.8369,3.2264
CIEC,2025,-5,-5,2026-06-19,2026-06-26,3.9039,0.9478,2.9561
ECOC,2021,-5,-5,2022-03-31,2022-04-24,-0.9901,0.7933,-1.7834
ECOC,2022,-5,-5,2023-04-21,2023-05-25,13.5645,-1.722,15.2865
ECOC,2023,-5,-5,2024-04-20,2024-05-25,11.5187,3.3775,8.1412
ECOC,2024,-5,-5,2025-04-24,2025-05-25,21.3239,6.2153,15.1086
ECOC,2025,-5,-5,2026-04-19,2026-05-17,0.3077,2.9801,-2.6724
FTSC,2023,-5,-5,2024-06-15,2024-09-25,12.088,11.385,0.703
NSBC,2022,-5,-5,2023-05-14,2023-07-02,2.7424,1.1568,1.5856
NSBC,2023,-5,-5,2024-05-18,2024-07-03,8.6207,3.7031,4.9176
NSBC,2024,-5,-5,2025-05-21,2025-07-04,18.6047,5.9888,12.6158
NTLC,2021,-5,-5,2022-05-15,2022-07-28,5.3472,0.7336,4.6136
NTLC,2022,-5,-5,2023-05-07,2023-08-03,22.3418,2.5967,19.745
NTLC,2023,-5,-5,2024-06-06,2024-08-15,0.0667,6.3712,-6.3045
NTLC,2024,-5,-5,2025-06-07,2025-08-13,16.8916,10.9254,5.9662
ONTBF,2021,-5,-5,2022-05-07,2022-06-10,-7.8125,-0.9923,-6.8202
ONTBF,2022,-5,-5,2023-05-04,2023-06-21,-4.9703,0.1467,-5.117
ONTBF,2023,-5,-5,2024-06-19,2024-07-26,5.6701,2.9484,2.7217
ONTBF,2024,-5,-5,2025-05-23,2025-07-16,1.6139,5.4041,-3.7903
ONTBF,2025,-5,-5,2026-04-24,2026-06-10,8.4559,9.9291,-1.4733
ORAC,2022,-5,-5,2023-04-08,2023-06-10,5.8511,-2.226,8.0771
ORAC,2023,-5,-5,2024-04-11,2024-05-29,9.6819,2.3753,7.3066
ORAC,2024,-5,-5,2025-04-05,2025-06-06,7.2871,10.2858,-2.9986
ORAC,2025,-5,-5,2026-05-13,2026-06-03,6.3123,5.8854,0.4268
PRSC,2021,-5,-5,2022-06-25,2022-08-25,8.8456,-1.8552,10.7008
PRSC,2022,-5,-5,2023-06-21,2023-09-08,17.5439,3.9265,13.6173
SHEC,2021,-5,-5,2022-09-17,2022-10-23,-2.2599,-2.5774,0.3176
SHEC,2022,-5,-5,2023-11-16,2023-12-23,-1.2346,1.8966,-3.1311
SLBC,2023,-5,-5,2024-05-26,2025-07-24,144.973,60.7737,84.1993
SLBC,2024,-5,-5,2025-05-16,2025-07-24,28.8,9.7801,19.0199
SMBC,2021,-5,-5,2022-06-16,2022-08-19,-7.483,-1.6516,-5.8314
SMBC,2023,-5,-5,2024-06-09,2024-09-25,23.7288,12.1097,11.6191
SNTS,2021,-5,-5,2022-04-23,2022-05-13,2.7196,-2.0923,4.8119
SNTS,2022,-5,-5,2023-04-13,2023-05-12,4.9968,-0.8977,5.8945
SNTS,2025,-5,-5,2026-04-11,2026-05-20,0.6944,1.447,-0.7526
SOGC,2021,-5,-5,2022-06-10,2022-07-16,-0.7692,3.0319,-3.8011
SOGC,2022,-5,-5,2023-06-08,2023-07-12,-12.9129,3.3954,-16.3083
SOGC,2023,-5,-5,2024-05-19,2024-08-01,24.6875,6.4655,18.222
SOGC,2024,-5,-5,2025-05-15,2025-07-10,13.2691,5.5887,7.6804
SPHC,2021,-5,-5,2022-06-08,2022-07-30,7.6724,1.5121,6.1604
SPHC,2022,-5,-5,2023-06-07,2023-09-24,-3.8226,5.3096,-9.1322
SPHC,2023,-5,-5,2024-05-30,2024-08-07,25.4167,6.0301,19.3866
SPHC,2024,-5,-5,2025-04-03,2025-07-12,39.0374,12.9555,26.082
STBC,2021,-5,-5,2022-06-23,2022-07-16,-3.4091,1.2037,-4.6128
STBC,2022,-5,-5,2023-06-25,2023-07-22,10.4183,1.2286,9.1897
STBC,2023,-5,-5,2024-06-16,2024-07-24,-4.7619,2.6068,-7.3687
STBC,2024,-5,-5,2025-07-25,2025-08-24,7.2768,4.745,2.5318
TTLC,2021,-5,-5,2022-06-11,2022-08-20,2.2573,-0.499,2.7564
TTLC,2022,-5,-5,2023-06-10,2023-09-16,9.5238,6.1362,3.3876
TTLC,2023,-5,-5,2024-06-16,2024-09-12,30.9002,12.4078,18.4924
TTLC,2024,-5,-5,2025-06-14,2025-08-29,-4.6904,13.4126,-18.1031
BOAB,2021,-5,0,2022-04-08,2022-05-25,-2.4811,-3.5121,1.031
BOAB,2022,-5,0,2023-04-09,2023-05-25,4.9355,-1.6293,6.5647
BOAB,2023,-5,0,2024-04-07,2024-05-27,14.3307,3.6303,10.7004
BOAB,2024,-5,0,2025-03-28,2025-06-03,3.9362,8.0779,-4.1418
BOAB,2025,-5,0,2026-04-25,2026-05-15,21.7418,1.1555,20.5863
BOABF,2021,-5,0,2022-03-24,2022-05-04,1.5806,0.2082,1.3725
BOABF,2022,-5,0,2023-03-25,2023-05-05,10.5965,-2.377,12.9734
BOABF,2023,-5,0,2024-03-23,2024-05-06,2.2085,2.3308,-0.1223
BOABF,2024,-5,0,2025-03-12,2025-04-22,-0.533,1.3464,-1.8794
BOABF,2025,-5,0,2026-03-18,2026-04-23,7.3247,0.4121,6.9126
BOAC,2021,-5,0,2022-03-26,2022-04-28,6.8681,1.6089,5.2592
BOAC,2022,-5,0,2023-03-24,2023-04-28,9.3077,-2.596,11.9037
BOAC,2023,-5,0,2024-03-23,2024-04-29,6.274,2.6831,3.5908
BOAC,2024,-5,0,2025-04-11,2025-05-20,10.6723,7.9237,2.7486
BOAC,2025,-5,0,2026-04-10,2026-05-06,8.3081,-3.4739,11.782
BOAM,2023,-5,0,2024-04-18,2024-05-21,20.6559,1.3076,19.3483
BOAM,2024,-5,0,2025-04-05,2025-06-03,21.0417,8.7668,12.2748
BOAM,2025,-5,0,2026-04-09,2026-06-03,14.0869,4.1239,9.963
BOAN,2021,-5,0,2022-03-25,2022-05-12,16.6226,-1.1813,17.8039
BOAN,2022,-5,0,2023-03-25,2023-05-25,0.155,-3.6133,3.7683
BOAN,2023,-5,0,2024-03-30,2024-05-31,-5.0181,3.3114,-8.3295
BOAS,2021,-5,0,2022-04-10,2022-06-01,5.8769,-1.2767,7.1536
BOAS,2022,-5,0,2023-03-26,2023-06-01,32.1841,-4.9275,37.1117
BOAS,2023,-5,0,2024-04-13,2024-06-27,30.5974,5.727,24.8704
BOAS,2024,-5,0,2025-04-03,2025-06-02,12.4051,8.6805,3.7246
BOAS,2025,-5,0,2026-04-25,2026-06-01,16.6667,6.3069,10.3598
CABC,2021,-5,0,2022-04-02,2022-08-02,5.7919,-1.6933,7.4852
CABC,2025,-5,0,2026-04-22,2026-06-01,3.8982,6.7851,-2.8869
CBIBF,2021,-5,0,2022-04-02,2022-07-06,-3.8776,1.051,-4.9285
CBIBF,2022,-5,0,2023-04-12,2023-07-06,13.375,-0.2338,13.6088
CBIBF,2023,-5,0,2024-04-07,2024-07-05,19.2391,5.8638,13.3753
CBIBF,2024,-5,0,2025-04-24,2025-07-07,0.9859,13.0933,-12.1074
CBIBF,2025,-5,0,2026-04-11,2026-06-19,53.2895,10.2229,43.0666
CFAC,2021,-5,0,2022-06-16,2022-08-02,-5.0549,0.4205,-5.4755
CFAC,2022,-5,0,2023-06-22,2023-09-15,13.7888,4.0457,9.7431
CFAC,2023,-5,0,2024-06-22,2024-08-30,1.0219,8.1513,-7.1294
CIEC,2021,-5,0,2022-06-15,2022-07-25,3.8261,1.1886,2.6375
CIEC,2022,-5,0,2023-06-15,2023-07-31,13.9904,5.7087,8.2817
CIEC,2023,-5,0,2024-06-21,2024-07-30,5.7215,2.7808,2.9407
CIEC,2025,-5,0,2026-06-19,2026-07-01,11.0911,3.0236,8.0675
ECOC,2021,-5,0,2022-03-31,2022-04-29,3.8416,1.3867,2.4549
ECOC,2022,-5,0,2023-04-21,2023-05-30,13.1792,-1.8614,15.0406
ECOC,2023,-5,0,2024-04-20,2024-05-30,17.5055,2.7869,14.7186
ECOC,2024,-5,0,2025-04-24,2025-05-30,20.576,6.9999,13.5762
ECOC,2025,-5,0,2026-04-19,2026-05-22,5.7723,5.4176,0.3547
FTSC,2023,-5,0,2024-06-15,2024-09-30,223.1111,12.8701,210.2411
NSBC,2022,-5,0,2023-05-14,2023-07-07,16.2586,1.2058,15.0528
NSBC,2023,-5,0,2024-05-18,2024-07-08,17.6034,4.0485,13.555
NSBC,2024,-5,0,2025-05-21,2025-07-09,20.0698,4.5915,15.4782
NTLC,2021,-5,0,2022-05-15,2022-08-02,4.4861,0.5879,3.8982
NTLC,2022,-5,0,2023-05-07,2023-08-08,17.4051,2.4785,14.9266
NTLC,2023,-5,0,2024-06-06,2024-08-20,5.3636,6.0857,-0.7222
NTLC,2024,-5,0,2025-06-07,2025-08-18,16.9846,11.6301,5.3546
ONTBF,2021,-5,0,2022-05-07,2022-06-15,9.2812,0.2231,9.0582
ONTBF,2022,-5,0,2023-05-04,2023-06-26,12.2851,0.2022,12.0829
ONTBF,2023,-5,0,2024-06-19,2024-07-31,16.7526,3.7208,13.0318
ONTBF,2024,-5,0,2025-05-23,2025-07-21,6.7942,6.825,-0.0308
ONTBF,2025,-5,0,2026-04-24,2026-06-15,8.8353,11.991,-3.1557
ORAC,2022,-5,0,2023-04-08,2023-06-15,7.2872,-2.4793,9.7665
ORAC,2023,-5,0,2024-04-11,2024-06-03,11.9871,2.7432,9.2439
ORAC,2024,-5,0,2025-04-05,2025-06-11,8.6073,10.9455,-2.3383
ORAC,2025,-5,0,2026-05-13,2026-06-08,13.4551,9.3231,4.1321
PRSC,2021,-5,0,2022-06-25,2022-08-30,17.6612,-1.7704,19.4315
PRSC,2022,-5,0,2023-06-21,2023-09-13,22.2105,5.0045,17.206
SHEC,2021,-5,0,2022-09-17,2022-10-28,4.8588,-1.4325,6.2913
SHEC,2022,-5,0,2023-11-16,2023-12-28,-0.9877,2.2618,-3.2495
SLBC,2023,-5,0,2024-05-26,2025-07-29,141.1291,62.6879,78.4412
SLBC,2024,-5,0,2025-05-16,2025-07-29,39.1467,10.9374,28.2093
SMBC,2021,-5,0,2022-06-16,2022-08-24,-9.5238,-1.5841,-7.9397
SMBC,2023,-5,0,2024-06-09,2024-09-30,19.9661,13.6245,6.3416
SNTS,2021,-5,0,2022-04-23,2022-05-18,1.4379,-3.7966,5.2346
SNTS,2022,-5,0,2023-04-13,2023-05-17,5.506,-1.4299,6.9359
SNTS,2025,-5,0,2026-04-11,2026-05-25,5.0,2.9577,2.0423
SOGC,2021,-5,0,2022-06-10,2022-07-21,4.9846,2.1175,2.8671
SOGC,2022,-5,0,2023-06-08,2023-07-17,-10.8709,4.2187,-15.0896
SOGC,2023,-5,0,2024-05-19,2024-08-06,38.375,6.743,31.632
SOGC,2024,-5,0,2025-05-15,2025-07-15,13.8176,6.2879,7.5297
SPHC,2021,-5,0,2022-06-08,2022-08-04,8.431,0.9283,7.5027
SPHC,2022,-5,0,2023-06-07,2023-09-29,-15.4434,4.7676,-20.2111
SPHC,2023,-5,0,2024-05-30,2024-08-12,38.2917,7.3037,30.988
SPHC,2024,-5,0,2025-04-03,2025-07-17,41.8182,14.2517,27.5665
STBC,2021,-5,0,2022-06-23,2022-07-21,6.1688,0.3349,5.8339
STBC,2022,-5,0,2023-06-25,2023-07-27,17.9953,2.4218,15.5734
STBC,2023,-5,0,2024-06-16,2024-07-29,20.6803,2.9903,17.69
STBC,2024,-5,0,2025-07-25,2025-08-29,3.0608,6.7424,-3.6816
TTLC,2021,-5,0,2022-06-11,2022-08-25,7.2686,-0.8062,8.0749
TTLC,2022,-5,0,2023-06-10,2023-09-21,12.1429,5.1984,6.9445
TTLC,2023,-5,0,2024-06-16,2024-09-17,25.5961,11.3089,14.2873
TTLC,2024,-5,0,2025-06-14,2025-09-03,-3.1895,12.8318,-16.0213
BOAB,2021,-5,5,2022-04-08,2022-05-30,-3.9939,-1.8642,-2.1297
BOAB,2022,-5,5,2023-04-09,2023-05-30,4.129,-1.7529,5.8819
BOAB,2023,-5,5,2024-04-07,2024-06-01,12.1117,3.5633,8.5483
BOAB,2024,-5,5,2025-03-28,2025-06-08,7.766,9.3485,-1.5826
BOAB,2025,-5,5,2026-04-25,2026-05-20,21.7418,2.826,18.9158
BOABF,2021,-5,5,2022-03-24,2022-05-09,-2.4516,0.4902,-2.9418
BOABF,2022,-5,5,2023-03-25,2023-05-10,5.2456,-2.7258,7.9715
BOABF,2023,-5,5,2024-03-23,2024-05-11,0.9053,2.0478,-1.1424
BOABF,2024,-5,5,2025-03-12,2025-04-27,-6.4426,2.4601,-8.9028
BOABF,2025,-5,5,2026-03-18,2026-04-28,7.8782,1.6718,6.2064
BOAC,2021,-5,5,2022-03-26,2022-05-03,5.4029,0.7144,4.6885
BOAC,2022,-5,5,2023-03-24,2023-05-03,6.1346,-3.5686,9.7032
BOAC,2023,-5,5,2024-03-23,2024-05-04,5.0411,2.4277,2.6134
BOAC,2024,-5,5,2025-04-11,2025-05-25,10.0,9.0858,0.9142
BOAC,2025,-5,5,2026-04-10,2026-05-11,9.6643,-2.5815,12.2458
BOAM,2023,-5,5,2024-04-18,2024-05-26,24.0937,3.3045,20.7892
BOAM,2024,-5,5,2025-04-05,2025-06-08,37.7083,9.7404,27.9679
BOAM,2025,-5,5,2026-04-09,2026-06-08,6.7751,7.5083,-0.7333
BOAN,2021,-5,5,2022-03-25,2022-05-17,7.9472,-2.212,10.1592
BOAN,2022,-5,5,2023-03-25,2023-05-30,4.7553,-3.8468,8.6021
BOAN,2023,-5,5,2024-03-30,2024-06-05,-5.1823,4.4701,-9.6523
BOAS,2021,-5,5,2022-04-10,2022-06-06,2.8889,-1.878,4.7669
BOAS,2022,-5,5,2023-03-26,2023-06-06,32.8738,-4.9928,37.8666
BOAS,2023,-5,5,2024-04-13,2024-07-02,30.5974,6.5593,24.038
BOAS,2024,-5,5,2025-04-03,2025-06-07,13.7975,10.3168,3.4806
BOAS,2025,-5,5,2026-04-25,2026-06-06,14.058,9.4074,4.6506
CABC,2021,-5,5,2022-04-02,2022-08-07,4.4344,-2.0698,6.5042
CABC,2025,-5,5,2026-04-22,2026-06-06,17.4117,9.4642,7.9475
CBIBF,2021,-5,5,2022-04-02,2022-07-11,-5.3571,1.2501,-6.6072
CBIBF,2022,-5,5,2023-04-12,2023-07-11,11.75,0.5232,11.2268
CBIBF,2023,-5,5,2024-04-07,2024-07-10,17.9891,6.5048,11.4843
CBIBF,2024,-5,5,2025-04-24,2025-07-12,3.2864,11.5388,-8.2524
CBIBF,2025,-5,5,2026-04-11,2026-06-24,49.2434,10.7672,38.4763
CFAC,2021,-5,5,2022-06-16,2022-08-07,-5.6044,0.0013,-5.6057
CFAC,2022,-5,5,2023-06-22,2023-09-20,12.5466,3.4159,9.1307
CFAC,2023,-5,5,2024-06-22,2024-09-04,0.292,13.0522,-12.7603
CIEC,2021,-5,5,2022-06-15,2022-07-30,6.8696,0.6734,6.1961
CIEC,2022,-5,5,2023-06-15,2023-08-05,11.1058,5.4202,5.6856
CIEC,2023,-5,5,2024-06-21,2024-08-04,4.7089,4.0182,0.6907
CIEC,2025,-5,5,2026-06-19,2026-07-06,10.7908,3.6814,7.1094
ECOC,2021,-5,5,2022-03-31,2022-05-04,0.0792,-1.0395,1.1187
ECOC,2022,-5,5,2023-04-21,2023-06-04,11.1561,-2.624,13.7801
ECOC,2023,-5,5,2024-04-20,2024-06-04,17.5055,4.4302,13.0753
ECOC,2024,-5,5,2025-04-24,2025-06-04,10.7226,8.3522,2.3704
ECOC,2025,-5,5,2026-04-19,2026-05-27,5.7723,5.7158,0.0565
FTSC,2023,-5,5,2024-06-15,2024-10-05,222.379,14.3617,208.0173
NSBC,2022,-5,5,2023-05-14,2023-07-12,20.4701,1.4608,19.0093
NSBC,2023,-5,5,2024-05-18,2024-07-13,14.931,4.5227,10.4084
NSBC,2024,-5,5,2025-05-21,2025-07-14,17.7442,5.365,12.3792
NTLC,2021,-5,5,2022-05-15,2022-08-07,1.6389,0.2139,1.425
NTLC,2022,-5,5,2023-05-07,2023-08-13,16.0759,2.0287,14.0473
NTLC,2023,-5,5,2024-06-06,2024-08-25,5.03,6.7968,-1.7668
NTLC,2024,-5,5,2025-06-07,2025-08-23,17.9153,13.7744,4.1409
ONTBF,2021,-5,5,2022-05-07,2022-06-20,8.625,1.1545,7.4705
ONTBF,2022,-5,5,2023-05-04,2023-07-01,12.9103,1.3571,11.5531
ONTBF,2023,-5,5,2024-06-19,2024-08-05,16.7526,3.9281,12.8245
ONTBF,2024,-5,5,2025-05-23,2025-07-26,9.3445,8.8242,0.5203
ONTBF,2025,-5,5,2026-04-24,2026-06-20,4.6074,13.9271,-9.3198
ORAC,2022,-5,5,2023-04-08,2023-06-20,9.8404,-1.5465,11.3869
ORAC,2023,-5,5,2024-04-11,2024-06-08,11.2033,4.1644,7.0389
ORAC,2024,-5,5,2025-04-05,2025-06-16,6.9571,12.5732,-5.6161
ORAC,2025,-5,5,2026-05-13,2026-06-13,9.3023,11.337,-2.0347
PRSC,2021,-5,5,2022-06-25,2022-09-04,13.1634,-2.2111,15.3745
PRSC,2022,-5,5,2023-06-21,2023-09-18,13.614,4.2725,9.3415
SHEC,2021,-5,5,2022-09-17,2022-11-02,2.0339,-1.3058,3.3397
SHEC,2022,-5,5,2023-11-16,2024-01-02,4.5679,2.1676,2.4003
SLBC,2023,-5,5,2024-05-26,2025-08-03,134.5225,68.1596,66.3629
SLBC,2024,-5,5,2025-05-16,2025-08-03,35.48,13.7957,21.6843
SMBC,2021,-5,5,2022-06-16,2022-08-29,-9.1837,-1.4492,-7.7344
SMBC,2023,-5,5,2024-06-09,2024-10-05,15.3898,15.2233,0.1666
SNTS,2021,-5,5,2022-04-23,2022-05-23,0.0313,-3.6789,3.7101
SNTS,2022,-5,5,2023-04-13,2023-05-22,4.8695,-1.24,6.1095
SNTS,2025,-5,5,2026-04-11,2026-05-30,4.8264,4.0727,0.7537
SOGC,2021,-5,5,2022-06-10,2022-07-26,0.8308,2.0351,-1.2043
SOGC,2022,-5,5,2023-06-08,2023-07-22,-11.8719,3.2943,-15.1661
SOGC,2023,-5,5,2024-05-19,2024-08-11,38.2188,8.0689,30.1499
SOGC,2024,-5,5,2025-05-15,2025-07-20,15.6709,7.3878,8.2831
SPHC,2021,-5,5,2022-06-08,2022-08-09,8.431,0.3153,8.1157
SPHC,2022,-5,5,2023-06-07,2023-10-04,-16.9725,3.4516,-20.4241
SPHC,2023,-5,5,2024-05-30,2024-08-17,38.5,7.4755,31.0245
SPHC,2024,-5,5,2025-04-03,2025-07-22,43.7433,17.5395,26.2039
STBC,2021,-5,5,2022-06-23,2022-07-26,6.1688,0.1811,5.9877
STBC,2022,-5,5,2023-06-25,2023-08-01,8.5241,3.9403,4.5838
STBC,2023,-5,5,2024-06-16,2024-08-03,19.5918,4.5128,15.079
STBC,2024,-5,5,2025-07-25,2025-09-03,3.0608,6.9649,-3.9042
TTLC,2021,-5,5,2022-06-11,2022-08-30,8.3973,-0.7363,9.1335
TTLC,2022,-5,5,2023-06-10,2023-09-26,5.2381,4.2754,0.9627
TTLC,2023,-5,5,2024-06-16,2024-09-22,25.1095,11.4871,13.6224
TTLC,2024,-5,5,2025-06-14,2025-09-08,-3.3771,12.2641,-15.6412
BOAB,2021,0,-5,2022-04-13,2022-05-20,-0.1513,-2.1338,1.9825
BOAB,2022,0,-5,2023-04-14,2023-05-20,1.6142,-1.7825,3.3967
BOAB,2023,0,-5,2024-04-12,2024-05-22,4.4413,2.009,2.4322
BOAB,2024,0,-5,2025-04-02,2025-05-29,3.9278,8.7691,-4.8413
BOAB,2025,0,-5,2026-04-30,2026-05-10,5.5587,-2.0937,7.6523
BOABF,2021,0,-5,2022-03-29,2022-04-29,4.0656,1.5327,2.5329
BOABF,2022,0,-5,2023-03-30,2023-04-30,2.0229,-1.3529,3.3758
BOABF,2023,0,-5,2024-03-28,2024-05-01,2.0979,1.4104,0.6875
BOABF,2024,0,-5,2025-03-17,2025-04-17,2.4826,0.1945,2.2881
BOABF,2025,0,-5,2026-03-23,2026-04-18,4.3559,-0.0078,4.3637
BOAC,2021,0,-5,2022-03-31,2022-04-23,-0.0927,0.7724,-0.8651
BOAC,2022,0,-5,2023-03-29,2023-04-23,0.8815,-1.2706,2.1521
BOAC,2023,0,-5,2024-03-28,2024-04-24,-0.2751,-0.3722,0.0971
BOAC,2024,0,-5,2025-04-16,2025-05-15,2.0833,7.035,-4.9516
BOAC,2025,0,-5,2026-04-15,2026-05-01,8.1176,-0.47,8.5877
BOAM,2023,0,-5,2024-04-23,2024-05-16,19.5352,1.1283,18.4069
BOAM,2024,0,-5,2025-04-10,2025-05-29,15.8,9.5281,6.2719
BOAM,2025,0,-5,2026-04-14,2026-05-29,11.1354,3.4571,7.6783
BOAN,2021,0,-5,2022-03-30,2022-05-07,5.7619,-1.7843,7.5463
BOAN,2022,0,-5,2023-03-30,2023-05-20,-0.8197,-1.8441,1.0244
BOAN,2023,0,-5,2024-04-04,2024-05-26,-1.7499,2.6084,-4.3583
BOAS,2021,0,-5,2022-04-15,2022-05-27,1.2245,-3.581,4.8055
BOAS,2022,0,-5,2023-03-31,2023-05-27,22.5513,-3.0693,25.6206
BOAS,2023,0,-5,2024-04-18,2024-06-22,17.4827,6.053,11.4297
BOAS,2024,0,-5,2025-04-08,2025-05-28,6.0748,9.6016,-3.5269
BOAS,2025,0,-5,2026-04-30,2026-05-27,10.6429,3.0034,7.6395
CABC,2021,0,-5,2022-04-07,2022-07-28,8.6364,-0.9864,9.6228
CABC,2025,0,-5,2026-04-27,2026-05-27,2.7778,4.431,-1.6532
CBIBF,2021,0,-5,2022-04-07,2022-07-01,-9.6478,0.0865,-9.7343
CBIBF,2022,0,-5,2023-04-17,2023-07-01,3.8798,-0.3328,4.2126
CBIBF,2023,0,-5,2024-04-12,2024-06-30,16.0221,6.6549,9.3672
CBIBF,2024,0,-5,2025-04-29,2025-07-02,3.5204,11.5613,-8.0409
CBIBF,2025,0,-5,2026-04-16,2026-06-14,38.8535,10.967,27.8865
CFAC,2021,0,-5,2022-06-21,2022-07-28,0.578,0.4061,0.172
CFAC,2022,0,-5,2023-06-27,2023-09-10,14.9068,3.2359,11.671
CFAC,2023,0,-5,2024-06-27,2024-08-25,-1.4925,5.6738,-7.1663
CIEC,2021,0,-5,2022-06-20,2022-07-20,-2.3404,0.6481,-2.9885
CIEC,2022,0,-5,2023-06-20,2023-07-26,7.9327,2.9297,5.0029
CIEC,2023,0,-5,2024-06-26,2024-07-25,2.2167,1.7397,0.477
CIEC,2025,0,-5,2026-06-24,2026-06-26,3.9039,0.3926,3.5113
ECOC,2021,0,-5,2022-04-05,2022-04-24,0.0,1.2091,-1.2091
ECOC,2022,0,-5,2023-04-26,2023-05-25,9.5539,-1.3896,10.9435
ECOC,2023,0,-5,2024-04-25,2024-05-25,10.1449,2.4631,7.6819
ECOC,2024,0,-5,2025-04-29,2025-05-25,21.3852,6.2407,15.1445
ECOC,2025,0,-5,2026-04-24,2026-05-17,1.875,1.7855,0.0895
FTSC,2023,0,-5,2024-06-20,2024-09-25,15.4709,10.7809,4.69
NSBC,2022,0,-5,2023-05-19,2023-07-02,2.8431,1.3414,1.5018
NSBC,2023,0,-5,2024-05-23,2024-07-03,8.6207,3.5067,5.114
NSBC,2024,0,-5,2025-05-26,2025-07-04,18.8119,5.5415,13.2704
NTLC,2021,0,-5,2022-05-20,2022-07-28,8.3571,1.8913,6.4658
NTLC,2022,0,-5,2023-05-12,2023-08-03,22.5745,3.0903,19.4842
NTLC,2023,0,-5,2024-06-11,2024-08-15,0.0667,5.7946,-5.7278
NTLC,2024,0,-5,2025-06-12,2025-08-13,10.1754,9.0458,1.1296
ONTBF,2021,0,-5,2022-05-12,2022-06-10,-7.6971,-0.1653,-7.5318
ONTBF,2022,0,-5,2023-05-09,2023-06-21,-4.9406,-0.9942,-3.9464
ONTBF,2023,0,-5,2024-06-24,2024-07-26,5.5069,1.9187,3.5882
ONTBF,2024,0,-5,2025-05-28,2025-07-16,2.4096,4.78,-2.3704
ONTBF,2025,0,-5,2026-04-29,2026-06-10,9.2593,9.2091,0.0501
ORAC,2022,0,-5,2023-04-13,2023-06-10,8.1522,-2.2092,10.3614
ORAC,2023,0,-5,2024-04-16,2024-05-29,9.6313,4.0393,5.592
ORAC,2024,0,-5,2025-04-10,2025-06-06,6.9342,11.2281,-4.2939
ORAC,2025,0,-5,2026-05-18,2026-06-03,5.6106,4.1684,1.4422
PRSC,2021,0,-5,2022-06-30,2022-08-25,2.3977,-1.9265,4.3243
PRSC,2022,0,-5,2023-06-26,2023-09-08,15.917,3.805,12.112
SHEC,2021,0,-5,2022-09-22,2022-10-23,-2.2599,-2.0484,-0.2115
SHEC,2022,0,-5,2023-11-21,2023-12-23,-4.1916,1.4989,-5.6905
SLBC,2023,0,-5,2024-05-31,2025-07-24,144.973,60.3431,84.6299
SLBC,2024,0,-5,2025-05-21,2025-07-24,12.3256,9.34,2.9856
SMBC,2021,0,-5,2022-06-21,2022-08-19,-4.8951,-1.9597,-2.9354
SMBC,2023,0,-5,2024-06-14,2024-09-25,23.7288,11.094,12.6349
SNTS,2021,0,-5,2022-04-28,2022-05-13,3.2359,-2.1425,5.3785
SNTS,2022,0,-5,2023-04-18,2023-05-12,4.3987,-1.4089,5.8076
SNTS,2025,0,-5,2026-04-16,2026-05-20,1.7544,3.3421,-1.5877
SOGC,2021,0,-5,2022-06-15,2022-07-16,-0.7692,1.8658,-2.6351
SOGC,2022,0,-5,2023-06-13,2023-07-12,-10.3093,3.8412,-14.1505
SOGC,2023,0,-5,2024-05-24,2024-08-01,26.868,4.9348,21.9332
SOGC,2024,0,-5,2025-05-20,2025-07-10,9.3772,4.9528,4.4244
SPHC,2021,0,-5,2022-06-13,2022-07-30,4.0833,0.6713,3.412
SPHC,2022,0,-5,2023-06-12,2023-09-24,-3.2308,5.8904,-9.1212
SPHC,2023,0,-5,2024-06-04,2024-08-07,26.7368,4.591,22.1459
SPHC,2024,0,-5,2025-04-08,2025-07-12,45.2514,13.4815,31.7699
STBC,2021,0,-5,2022-06-28,2022-07-16,0.8475,1.6003,-0.7528
STBC,2022,0,-5,2023-06-30,2023-07-22,10.5055,0.1397,10.3659
STBC,2023,0,-5,2024-06-21,2024-07-24,0.0,2.1243,-2.1243
STBC,2024,0,-5,2025-07-30,2025-08-24,10.0,4.2017,5.7983
TTLC,2021,0,-5,2022-06-16,2022-08-20,-4.4304,-1.7226,-2.7077
TTLC,2022,0,-5,2023-06-15,2023-09-16,7.2261,6.561,0.6651
TTLC,2023,0,-5,2024-06-21,2024-09-12,28.401,12.0176,16.3834
TTLC,2024,0,-5,2025-06-19,2025-08-29,-1.3592,11.4063,-12.7655
BOAB,2021,0,0,2022-04-13,2022-05-25,-2.4811,-3.5227,1.0416
BOAB,2022,0,0,2023-04-14,2023-05-25,5.0202,-2.1947,7.2148
BOAB,2023,0,0,2024-04-12,2024-05-27,14.4126,3.6905,10.7221
BOAB,2024,0,0,2025-04-02,2025-06-03,3.7155,9.1773,-5.4618
BOAB,2025,0,0,2026-04-30,2026-05-15,12.2403,0.1819,12.0584
BOABF,2021,0,0,2022-03-29,2022-05-04,3.2459,-0.9919,4.2378
BOABF,2022,0,0,2023-03-30,2023-05-05,10.8883,-1.0186,11.9069
BOABF,2023,0,0,2024-03-28,2024-05-06,4.2098,0.5972,3.6126
BOABF,2024,0,0,2025-03-17,2025-04-22,-0.4176,0.3951,-0.8128
BOABF,2025,0,0,2026-03-23,2026-04-23,7.8221,0.489,7.3331
BOAC,2021,0,0,2022-03-31,2022-04-28,8.1557,0.6459,7.5098
BOAC,2022,0,0,2023-03-29,2023-04-28,11.3418,-1.68,13.0218
BOAC,2023,0,0,2024-03-28,2024-04-29,6.7125,0.9988,5.7138
BOAC,2024,0,0,2025-04-16,2025-05-20,9.75,7.7242,2.0258
BOAC,2025,0,0,2026-04-15,2026-05-06,8.0533,-2.511,10.5643
BOAM,2023,0,0,2024-04-23,2024-05-21,19.5352,0.7859,18.7493
BOAM,2024,0,0,2025-04-10,2025-06-03,16.2,9.8429,6.3571
BOAM,2025,0,0,2026-04-14,2026-06-03,15.8306,4.5311,11.2995
BOAN,2021,0,0,2022-03-30,2022-05-12,14.1469,-2.5355,16.6825
BOAN,2022,0,0,2023-03-30,2023-05-25,1.7149,-2.2882,4.0031
BOAN,2023,0,0,2024-04-04,2024-05-31,-3.5933,2.7794,-6.3727
BOAS,2021,0,0,2022-04-15,2022-06-01,8.4698,-1.7115,10.1813
BOAS,2022,0,0,2023-03-31,2023-06-01,30.98,-3.4028,34.3828
BOAS,2023,0,0,2024-04-18,2024-06-27,22.3779,5.6065,16.7714
BOAS,2024,0,0,2025-04-08,2025-06-02,3.7383,9.4719,-5.7336
BOAS,2025,0,0,2026-04-30,2026-06-01,15.0,5.0742,9.9258
CABC,2021,0,0,2022-04-07,2022-08-02,6.2727,-1.1826,7.4553
CABC,2025,0,0,2026-04-27,2026-06-01,1.445,6.5554,-5.1104
CBIBF,2021,0,0,2022-04-07,2022-07-06,-3.8285,1.3439,-5.1724
CBIBF,2022,0,0,2023-04-17,2023-07-06,13.5169,-0.2865,13.8034
CBIBF,2023,0,0,2024-04-12,2024-07-05,21.2155,5.922,15.2935
CBIBF,2024,0,0,2025-04-29,2025-07-07,9.7449,12.7197,-2.9748
CBIBF,2025,0,0,2026-04-16,2026-06-19,48.4076,12.4946,35.9131
CFAC,2021,0,0,2022-06-21,2022-08-02,-0.1156,0.0289,-0.1445
CFAC,2022,0,0,2023-06-27,2023-09-15,13.7888,4.1383,9.6505
CFAC,2023,0,0,2024-06-27,2024-08-30,3.2836,8.3732,-5.0896
CIEC,2021,0,0,2022-06-20,2022-07-25,1.617,0.4556,1.1614
CIEC,2022,0,0,2023-06-20,2023-07-31,13.9904,4.7057,9.2847
CIEC,2023,0,0,2024-06-26,2024-07-30,2.8571,2.7206,0.1366
CIEC,2025,0,0,2026-06-24,2026-07-01,11.0911,2.4494,8.6417
ECOC,2021,0,0,2022-04-05,2022-04-29,4.88,1.8267,3.0533
ECOC,2022,0,0,2023-04-26,2023-05-30,9.1822,-1.523,10.7052
ECOC,2023,0,0,2024-04-25,2024-05-30,16.058,1.8272,14.2307
ECOC,2024,0,0,2025-04-29,2025-05-30,20.637,7.0123,13.6247
ECOC,2025,0,0,2026-04-24,2026-05-22,7.425,4.2199,3.2051
FTSC,2023,0,0,2024-06-20,2024-09-30,232.863,12.2549,220.608
NSBC,2022,0,0,2023-05-19,2023-07-07,16.3725,1.3841,14.9884
NSBC,2023,0,0,2024-05-23,2024-07-08,17.6034,3.8454,13.758
NSBC,2024,0,0,2025-05-26,2025-07-09,20.2796,4.1334,16.1461
NTLC,2021,0,0,2022-05-20,2022-08-02,7.4714,1.6865,5.785
NTLC,2022,0,0,2023-05-12,2023-08-08,17.6284,2.9649,14.6635
NTLC,2023,0,0,2024-06-11,2024-08-20,5.3636,5.5181,-0.1545
NTLC,2024,0,0,2025-06-12,2025-08-18,10.2632,9.759,0.5041
ONTBF,2021,0,0,2022-05-12,2022-06-15,9.418,1.0428,8.3752
ONTBF,2022,0,0,2023-05-09,2023-06-26,12.3202,-0.9249,13.2451
ONTBF,2023,0,0,2024-06-24,2024-07-31,16.5723,2.6901,13.8822
ONTBF,2024,0,0,2025-05-28,2025-07-21,7.6305,6.1021,1.5284
ONTBF,2025,0,0,2026-04-29,2026-06-15,9.6415,11.1785,-1.5371
ORAC,2022,0,0,2023-04-13,2023-06-15,9.6196,-2.4638,12.0834
ORAC,2023,0,0,2024-04-16,2024-06-03,11.9355,4.4056,7.5299
ORAC,2024,0,0,2025-04-10,2025-06-11,8.25,11.884,-3.634
ORAC,2025,0,0,2026-05-18,2026-06-08,12.7063,7.5529,5.1533
PRSC,2021,0,0,2022-06-30,2022-08-30,10.6911,-1.8755,12.5667
PRSC,2022,0,0,2023-06-26,2023-09-13,20.519,4.8866,15.6325
SHEC,2021,0,0,2022-09-22,2022-10-28,4.8588,-0.9001,5.7589
SHEC,2022,0,0,2023-11-21,2023-12-28,-3.9521,1.8635,-5.8156
SLBC,2023,0,0,2024-05-31,2025-07-29,141.1291,61.9112,79.2179
SLBC,2024,0,0,2025-05-21,2025-07-29,21.3488,10.4936,10.8553
SMBC,2021,0,0,2022-06-21,2022-08-24,-6.993,-1.9186,-5.0744
SMBC,2023,0,0,2024-06-14,2024-09-30,19.9661,12.6388,7.3273
SNTS,2021,0,0,2022-04-28,2022-05-18,1.9478,-3.774,5.7218
SNTS,2022,0,0,2023-04-18,2023-05-17,4.9051,-1.9369,6.842
SNTS,2025,0,0,2026-04-16,2026-05-25,6.1053,4.8684,1.2369
SOGC,2021,0,0,2022-06-15,2022-07-21,4.9846,1.0168,3.9678
SOGC,2022,0,0,2023-06-13,2023-07-17,-8.2062,4.6692,-12.8754
SOGC,2023,0,0,2024-05-24,2024-08-06,40.7949,5.2139,35.581
SOGC,2024,0,0,2025-05-20,2025-07-15,9.9069,5.6052,4.3017
SPHC,2021,0,0,2022-06-13,2022-08-04,4.8167,0.0717,4.745
SPHC,2022,0,0,2023-06-12,2023-09-29,-14.9231,5.3564,-20.2795
SPHC,2023,0,0,2024-06-04,2024-08-12,39.7474,5.8759,33.8715
SPHC,2024,0,0,2025-04-08,2025-07-17,48.1564,14.7242,33.4322
STBC,2021,0,0,2022-06-28,2022-07-21,10.8475,0.7322,10.1152
STBC,2022,0,0,2023-06-30,2023-07-27,18.0885,1.3398,16.7486
STBC,2023,0,0,2024-06-21,2024-07-29,26.7143,2.5122,24.2021
STBC,2024,0,0,2025-07-30,2025-08-29,5.6769,6.2255,-0.5485
TTLC,2021,0,0,2022-06-16,2022-08-25,0.2532,-1.9387,2.1918
TTLC,2022,0,0,2023-06-15,2023-09-21,9.7902,5.5691,4.2211
TTLC,2023,0,0,2024-06-21,2024-09-17,23.1981,10.9036,12.2945
TTLC,2024,0,0,2025-06-19,2025-09-03,0.1942,10.7716,-10.5774
BOAB,2021,0,5,2022-04-13,2022-05-30,-3.9939,-1.8916,-2.1023
BOAB,2022,0,5,2023-04-14,2023-05-30,4.2131,-2.3168,6.5299
BOAB,2023,0,5,2024-04-12,2024-06-01,12.192,3.6146,8.5774
BOAB,2024,0,5,2025-04-02,2025-06-08,7.5372,10.4532,-2.916
BOAB,2025,0,5,2026-04-30,2026-05-20,12.2403,1.815,10.4253
BOABF,2021,0,5,2022-03-29,2022-05-09,-0.8525,-0.6564,-0.196
BOABF,2022,0,5,2023-03-30,2023-05-10,5.5233,-1.3622,6.8855
BOABF,2023,0,5,2024-03-28,2024-05-11,2.8811,0.3253,2.5558
BOABF,2024,0,5,2025-03-17,2025-04-27,-6.3341,1.4746,-7.8087
BOABF,2025,0,5,2026-03-23,2026-04-28,8.3781,1.7239,6.6542
BOAC,2021,0,5,2022-03-31,2022-05-03,6.6728,-0.2305,6.9034
BOAC,2022,0,5,2023-03-29,2023-05-03,8.1097,-2.6929,10.8026
BOAC,2023,0,5,2024-03-28,2024-05-04,5.4746,0.7331,4.7414
BOAC,2024,0,5,2025-04-16,2025-05-25,9.0833,8.9164,0.1669
BOAC,2025,0,5,2026-04-15,2026-05-11,9.4062,-1.5826,10.9889
BOAM,2023,0,5,2024-04-23,2024-05-26,22.9411,2.7738,20.1673
BOAM,2024,0,5,2025-04-10,2025-06-08,32.2,10.7965,21.4035
BOAM,2025,0,5,2026-04-14,2026-06-08,8.407,7.9753,0.4317
BOAN,2021,0,5,2022-03-30,2022-05-17,5.6557,-3.568,9.2237
BOAN,2022,0,5,2023-03-30,2023-05-30,6.3869,-2.4885,8.8754
BOAN,2023,0,5,2024-04-04,2024-06-05,-3.76,3.9359,-7.6959
BOAS,2021,0,5,2022-04-15,2022-06-06,5.4086,-2.2787,7.6872
BOAS,2022,0,5,2023-03-31,2023-06-06,31.6634,-3.4429,35.1063
BOAS,2023,0,5,2024-04-18,2024-07-02,22.3779,6.4875,15.8905
BOAS,2024,0,5,2025-04-08,2025-06-07,5.0234,11.0882,-6.0648
BOAS,2025,0,5,2026-04-30,2026-06-06,12.4286,8.0527,4.3759
CABC,2021,0,5,2022-04-07,2022-08-07,4.9091,-1.5844,6.4935
CABC,2025,0,5,2026-04-27,2026-06-06,14.6394,9.3055,5.334
CBIBF,2021,0,5,2022-04-07,2022-07-11,-5.3088,1.5533,-6.8621
CBIBF,2022,0,5,2023-04-17,2023-07-11,11.8899,0.4673,11.4226
CBIBF,2023,0,5,2024-04-12,2024-07-10,19.9448,6.5508,13.394
CBIBF,2024,0,5,2025-04-29,2025-07-12,12.2449,11.3348,0.9101
CBIBF,2025,0,5,2026-04-16,2026-06-24,44.4904,13.0995,31.391
CFAC,2021,0,5,2022-06-21,2022-08-07,-0.6936,-0.3504,-0.3432
CFAC,2022,0,5,2023-06-27,2023-09-20,12.5466,3.5207,9.0259
CFAC,2023,0,5,2024-06-27,2024-09-04,2.5373,13.2258,-10.6885
CIEC,2021,0,5,2022-06-20,2022-07-30,4.5957,-0.039,4.6348
CIEC,2022,0,5,2023-06-20,2023-08-05,11.1058,4.3995,6.7063
CIEC,2023,0,5,2024-06-26,2024-08-04,1.8719,3.9573,-2.0854
CIEC,2025,0,5,2026-06-24,2026-07-06,10.7908,3.1059,7.6849
ECOC,2021,0,5,2022-04-05,2022-05-04,1.08,-0.648,1.728
ECOC,2022,0,5,2023-04-26,2023-06-04,7.2305,-2.3159,9.5463
ECOC,2023,0,5,2024-04-25,2024-06-04,16.058,3.4876,12.5704
ECOC,2024,0,5,2025-04-29,2025-06-04,10.7786,8.3766,2.4019
ECOC,2025,0,5,2026-04-24,2026-05-27,7.425,4.508,2.917
FTSC,2023,0,5,2024-06-20,2024-10-05,232.1088,13.7317,218.3771
NSBC,2022,0,5,2023-05-19,2023-07-12,20.5882,1.6494,18.9389
NSBC,2023,0,5,2024-05-23,2024-07-13,14.931,4.3165,10.6146
NSBC,2024,0,5,2025-05-26,2025-07-14,17.9499,4.9463,13.0037
NTLC,2021,0,5,2022-05-20,2022-08-07,4.5429,1.3365,3.2064
NTLC,2022,0,5,2023-05-12,2023-08-13,16.2968,2.4889,13.8079
NTLC,2023,0,5,2024-06-11,2024-08-25,5.03,6.2146,-1.1846
NTLC,2024,0,5,2025-06-12,2025-08-23,11.1404,11.8923,-0.7519
ONTBF,2021,0,5,2022-05-12,2022-06-20,8.761,1.9904,6.7706
ONTBF,2022,0,5,2023-05-09,2023-07-01,12.9456,0.2471,12.6985
ONTBF,2023,0,5,2024-06-24,2024-08-05,16.5723,2.8783,13.694
ONTBF,2024,0,5,2025-05-28,2025-07-26,10.2008,7.8963,2.3045
ONTBF,2025,0,5,2026-04-29,2026-06-20,5.3822,13.0362,-7.654
ORAC,2022,0,5,2023-04-13,2023-06-20,12.2283,-1.5288,13.7571
ORAC,2023,0,5,2024-04-16,2024-06-08,11.1521,5.9052,5.2469
ORAC,2024,0,5,2025-04-10,2025-06-16,6.6053,13.6113,-7.0061
ORAC,2025,0,5,2026-05-18,2026-06-13,8.5809,9.4925,-0.9117
PRSC,2021,0,5,2022-06-30,2022-09-04,6.4598,-2.2773,8.7371
PRSC,2022,0,5,2023-06-26,2023-09-18,12.0415,4.1569,7.8846
SHEC,2021,0,5,2022-09-22,2022-11-02,2.0339,-0.771,2.8049
SHEC,2022,0,5,2023-11-21,2024-01-02,1.4371,1.8042,-0.3671
SLBC,2023,0,5,2024-05-31,2025-08-03,134.5225,67.0517,67.4708
SLBC,2024,0,5,2025-05-21,2025-08-03,18.1512,13.3556,4.7956
SMBC,2021,0,5,2022-06-21,2022-08-29,-6.6434,-1.7942,-4.8491
SMBC,2023,0,5,2024-06-14,2024-10-05,15.3898,14.2266,1.1633
SNTS,2021,0,5,2022-04-28,2022-05-23,0.5341,-3.5882,4.1223
SNTS,2022,0,5,2023-04-18,2023-05-22,4.2722,-1.7484,6.0205
SNTS,2025,0,5,2026-04-16,2026-05-30,5.9298,5.9909,-0.0611
SOGC,2021,0,5,2022-06-15,2022-07-26,0.8308,0.9152,-0.0844
SOGC,2022,0,5,2023-06-13,2023-07-22,-9.2371,3.7352,-12.9723
SOGC,2023,0,5,2024-05-24,2024-08-11,40.6359,6.513,34.1229
SOGC,2024,0,5,2025-05-20,2025-07-20,11.6965,6.7469,4.9496
SPHC,2021,0,5,2022-06-13,2022-08-09,4.8167,-0.5436,5.3603
SPHC,2022,0,5,2023-06-12,2023-10-04,-16.4615,4.016,-20.4775
SPHC,2023,0,5,2024-06-04,2024-08-17,39.9579,6.0223,33.9356
SPHC,2024,0,5,2025-04-08,2025-07-22,50.1676,18.0208,32.1468
STBC,2021,0,5,2022-06-28,2022-07-26,10.8475,0.5588,10.2887
STBC,2022,0,5,2023-06-30,2023-08-01,8.6098,2.8448,5.765
STBC,2023,0,5,2024-06-21,2024-08-03,25.5714,4.043,21.5284
STBC,2024,0,5,2025-07-30,2025-09-03,5.6769,6.5295,-0.8525
TTLC,2021,0,5,2022-06-16,2022-08-30,1.308,-1.8366,3.1446
TTLC,2022,0,5,2023-06-15,2023-09-26,3.0303,4.6383,-1.608
TTLC,2023,0,5,2024-06-21,2024-09-22,22.7208,11.0907,11.6301
TTLC,2024,0,5,2025-06-19,2025-09-08,0.0,10.1444,-10.1444
BOAB,2021,5,-5,2022-04-18,2022-05-20,0.0,-2.512,2.512
BOAB,2022,5,-5,2023-04-19,2023-05-20,1.6142,-1.4832,3.0974
BOAB,2023,5,-5,2024-04-17,2024-05-22,0.5517,2.0315,-1.4797
BOAB,2024,5,-5,2025-04-07,2025-05-29,4.0383,8.9224,-4.8841
BOAB,2025,5,-5,2026-05-05,2026-05-10,1.6216,0.4175,1.2041
BOABF,2021,5,-5,2022-04-03,2022-04-29,5.8,1.0711,4.7289
BOABF,2022,5,-5,2023-04-04,2023-04-30,3.5714,-0.8697,4.4411
BOABF,2023,5,-5,2024-04-02,2024-05-01,2.8169,1.8338,0.9831
BOABF,2024,5,-5,2025-03-22,2025-04-17,2.7209,-0.3799,3.1009
BOABF,2025,5,-5,2026-03-28,2026-04-18,2.1779,-0.5645,2.7423
BOAC,2021,5,-5,2022-04-05,2022-04-23,-5.4386,1.3356,-6.7742
BOAC,2022,5,-5,2023-04-03,2023-04-23,0.9804,-0.2069,1.1873
BOAC,2023,5,-5,2024-04-02,2024-04-24,0.0,0.0324,-0.0324
BOAC,2024,5,-5,2025-04-21,2025-05-15,2.2538,6.4181,-4.1643
BOAC,2025,5,-5,2026-04-20,2026-05-01,6.8605,1.5485,5.3119
BOAM,2023,5,-5,2024-04-28,2024-05-16,19.1667,0.3504,18.8162
BOAM,2024,5,-5,2025-04-15,2025-05-29,7.8212,9.1585,-1.3373
BOAM,2025,5,-5,2026-04-19,2026-05-29,8.2979,6.1484,2.1495
BOAN,2021,5,-5,2022-04-04,2022-05-07,5.7619,-0.7115,6.4734
BOAN,2022,5,-5,2023-04-04,2023-05-20,-0.7384,-1.3927,0.6543
BOAN,2023,5,-5,2024-04-09,2024-05-26,-2.8829,3.0606,-5.9435
BOAS,2021,5,-5,2022-04-20,2022-05-27,2.2676,-3.8617,6.1293
BOAS,2022,5,-5,2023-04-05,2023-05-27,23.6779,-2.406,26.0839
BOAS,2023,5,-5,2024-04-23,2024-06-22,16.6667,5.4532,11.2134
BOAS,2024,5,-5,2025-04-13,2025-05-28,10.7317,9.9697,0.762
BOAS,2025,5,-5,2026-05-05,2026-05-27,7.1972,5.6431,1.5541
CABC,2021,5,-5,2022-04-12,2022-07-28,3.0172,-0.3973,3.4146
CABC,2025,5,-5,2026-05-02,2026-05-27,2.7778,3.8773,-1.0995
CBIBF,2021,5,-5,2022-04-12,2022-07-01,-9.2308,0.708,-9.9388
CBIBF,2022,5,-5,2023-04-22,2023-07-01,4.0752,0.1778,3.8974
CBIBF,2023,5,-5,2024-04-17,2024-06-30,12.964,6.7058,6.2582
CBIBF,2024,5,-5,2025-05-04,2025-07-02,4.5876,11.7103,-7.1226
CBIBF,2025,5,-5,2026-04-21,2026-06-14,29.7619,11.7845,17.9774
CFAC,2021,5,-5,2022-06-26,2022-07-28,-0.5714,1.2995,-1.8709
CFAC,2022,5,-5,2023-07-02,2023-09-10,14.1975,2.6404,11.5571
CFAC,2023,5,-5,2024-07-02,2024-08-25,-3.6496,4.7856,-8.4353
CIEC,2021,5,-5,2022-06-25,2022-07-20,-0.2174,1.5441,-1.7615
CIEC,2022,5,-5,2023-06-25,2023-07-26,12.25,2.1113,10.1387
CIEC,2023,5,-5,2024-07-01,2024-07-25,4.01,1.9031,2.107
ECOC,2021,5,-5,2022-04-10,2022-04-24,-0.892,1.3027,-2.1946
ECOC,2022,5,-5,2023-05-01,2023-05-25,7.2611,-1.1275,8.3886
ECOC,2023,5,-5,2024-04-30,2024-05-25,10.2248,1.0472,9.1776
ECOC,2024,5,-5,2025-05-04,2025-05-25,21.8782,6.5865,15.2917
ECOC,2025,5,-5,2026-04-29,2026-05-17,0.0,1.2216,-1.2216
FTSC,2023,5,-5,2024-06-25,2024-09-25,13.3332,11.025,2.3083
NSBC,2022,5,-5,2023-05-24,2023-07-02,1.8447,1.6088,0.2358
NSBC,2023,5,-5,2024-05-28,2024-07-03,5.0,2.3363,2.6637
NSBC,2024,5,-5,2025-05-31,2025-07-04,17.9191,4.7376,13.1814
NTLC,2021,5,-5,2022-05-25,2022-07-28,8.3571,3.7859,4.5712
NTLC,2022,5,-5,2023-05-17,2023-08-03,24.7097,3.7393,20.9704
NTLC,2023,5,-5,2024-06-16,2024-08-15,0.0667,5.3908,-5.3241
NTLC,2024,5,-5,2025-06-17,2025-08-13,14.1818,8.3377,5.8441
ONTBF,2021,5,-5,2022-05-17,2022-06-10,-1.6667,1.132,-2.7986
ONTBF,2022,5,-5,2023-05-14,2023-06-21,-7.8509,0.1339,-7.9848
ONTBF,2023,5,-5,2024-06-29,2024-07-26,5.7792,1.6113,4.1678
ONTBF,2024,5,-5,2025-06-02,2025-07-16,2.0,5.3865,-3.3865
ONTBF,2025,5,-5,2026-05-04,2026-06-10,5.5456,9.2852,-3.7396
ORAC,2022,5,-5,2023-04-18,2023-06-10,9.9448,-2.792,12.7368
ORAC,2023,5,-5,2024-04-21,2024-05-29,9.6313,3.104,6.5273
ORAC,2024,5,-5,2025-04-15,2025-06-06,12.0966,10.5423,1.5542
ORAC,2025,5,-5,2026-05-23,2026-06-03,2.8939,1.3773,1.5166
PRSC,2021,5,-5,2022-07-05,2022-08-25,-3.2,-3.4904,0.2904
PRSC,2022,5,-5,2023-07-01,2023-09-08,8.0645,2.7737,5.2908
SHEC,2021,5,-5,2022-09-27,2022-10-23,-0.5747,-0.9435,0.3688
SHEC,2022,5,-5,2023-11-26,2023-12-23,-3.6145,0.8765,-4.491
SLBC,2023,5,-5,2024-06-05,2025-07-24,144.973,58.7253,86.2477
SLBC,2024,5,-5,2025-05-26,2025-07-24,22.6667,8.7032,13.9635
SMBC,2021,5,-5,2022-06-26,2022-08-19,-4.8951,-1.1543,-3.7408
SMBC,2023,5,-5,2024-06-19,2024-09-25,20.6612,11.5614,9.0997
SNTS,2021,5,-5,2022-05-03,2022-05-13,3.0417,-1.2443,4.286
SNTS,2022,5,-5,2023-04-23,2023-05-12,3.7421,-0.819,4.5611
SNTS,2025,5,-5,2026-04-21,2026-05-20,2.1127,3.9017,-1.789
SOGC,2021,5,-5,2022-06-20,2022-07-16,-1.5267,1.0553,-2.5821
SOGC,2022,5,-5,2023-06-18,2023-07-12,-9.9379,2.8453,-12.7832
SOGC,2023,5,-5,2024-05-29,2024-08-01,27.0701,5.3167,21.7534
SOGC,2024,5,-5,2025-05-25,2025-07-10,10.7246,3.8482,6.8765
SPHC,2021,5,-5,2022-06-18,2022-07-30,-1.6535,-0.0163,-1.6373
SPHC,2022,5,-5,2023-06-17,2023-09-24,-0.9449,4.4667,-5.4116
SPHC,2023,5,-5,2024-06-09,2024-08-07,23.8683,4.1499,19.7184
SPHC,2024,5,-5,2025-04-13,2025-07-12,50.9872,13.5483,37.439
STBC,2021,5,-5,2022-07-03,2022-07-16,-4.4177,1.2304,-5.6481
STBC,2022,5,-5,2023-07-05,2023-07-22,10.5055,-0.0061,10.5116
STBC,2023,5,-5,2024-06-26,2024-07-24,-2.7778,2.0256,-4.8034
STBC,2024,5,-5,2025-08-04,2025-08-24,8.0605,4.0563,4.0041
TTLC,2021,5,-5,2022-06-21,2022-08-20,2.2573,-2.1261,4.3834
TTLC,2022,5,-5,2023-06-20,2023-09-16,7.2261,5.4564,1.7697
TTLC,2023,5,-5,2024-06-26,2024-09-12,27.1868,11.7698,15.417
TTLC,2024,5,-5,2025-06-24,2025-08-29,-1.7408,10.537,-12.2778
BOAB,2021,5,0,2022-04-18,2022-05-25,-2.3333,-3.89,1.5567
BOAB,2022,5,0,2023-04-19,2023-05-25,5.0202,-1.902,6.9222
BOAB,2023,5,0,2024-04-17,2024-05-27,10.1517,3.6934,6.4584
BOAB,2024,5,0,2025-04-07,2025-06-03,3.8257,9.3571,-5.5314
BOAB,2025,5,0,2026-05-05,2026-05-15,8.0541,2.8174,5.2367
BOABF,2021,5,0,2022-04-03,2022-05-04,4.9667,-1.4306,6.3972
BOABF,2022,5,0,2023-04-04,2023-05-05,12.5714,-0.561,13.1324
BOABF,2023,5,0,2024-04-02,2024-05-06,4.9437,1.0165,3.9271
BOABF,2024,5,0,2025-03-22,2025-04-22,-0.186,-0.2239,0.0379
BOABF,2025,5,0,2026-03-28,2026-04-23,5.5717,-0.5658,6.1375
BOAC,2021,5,0,2022-04-05,2022-04-28,2.3684,1.2072,1.1612
BOAC,2022,5,0,2023-04-03,2023-04-28,11.451,-0.6207,12.0716
BOAC,2023,5,0,2024-04-02,2024-04-29,7.0069,1.4315,5.5754
BOAC,2024,5,0,2025-04-21,2025-05-20,9.9332,7.1215,2.8118
BOAC,2025,5,0,2026-04-20,2026-05-06,6.7969,-0.6177,7.4145
BOAM,2023,5,0,2024-04-28,2024-05-21,19.1667,0.032,19.1347
BOAM,2024,5,0,2025-04-15,2025-06-03,8.1937,9.4538,-1.2601
BOAM,2025,5,0,2026-04-19,2026-06-03,12.8732,7.2603,5.6128
BOAN,2021,5,0,2022-04-04,2022-05-12,14.1469,-1.4609,15.6079
BOAN,2022,5,0,2023-04-04,2023-05-25,1.7982,-1.7867,3.5849
BOAN,2023,5,0,2024-04-09,2024-05-31,-4.7051,3.1872,-7.8923
BOAS,2021,5,0,2022-04-20,2022-06-01,9.5876,-2.0502,11.6378
BOAS,2022,5,0,2023-04-05,2023-06-01,32.1841,-2.7754,34.9595
BOAS,2023,5,0,2024-04-23,2024-06-27,21.5279,5.0154,16.5125
BOAS,2024,5,0,2025-04-13,2025-06-02,8.2927,9.7677,-1.475
BOAS,2025,5,0,2026-05-05,2026-06-01,11.4187,7.7716,3.6471
CABC,2021,5,0,2022-04-12,2022-08-02,0.7759,-0.5656,1.3415
CABC,2025,5,0,2026-05-02,2026-06-01,1.445,6.0314,-4.5864
CBIBF,2021,5,0,2022-04-12,2022-07-06,-3.3846,2.0079,-5.3925
CBIBF,2022,5,0,2023-04-22,2023-07-06,13.7304,0.2235,13.5069
CBIBF,2023,5,0,2024-04-17,2024-07-05,18.0204,5.9874,12.033
CBIBF,2024,5,0,2025-05-04,2025-07-07,10.8763,12.8808,-2.0045
CBIBF,2025,5,0,2026-04-21,2026-06-19,38.6905,13.3367,25.3538
CFAC,2021,5,0,2022-06-26,2022-08-02,-1.2571,0.9011,-2.1582
CFAC,2022,5,0,2023-07-02,2023-09-15,13.0864,3.5514,9.535
CFAC,2023,5,0,2024-07-02,2024-08-30,1.0219,7.4758,-6.4539
CIEC,2021,5,0,2022-06-25,2022-07-25,3.8261,1.3753,2.4508
CIEC,2022,5,0,2023-06-25,2023-07-31,18.55,3.8579,14.6921
CIEC,2023,5,0,2024-07-01,2024-07-30,4.6617,2.8623,1.7994
CIEC,2025,5,0,2026-06-29,2026-07-01,6.5067,1.3983,5.1085
ECOC,2021,5,0,2022-04-10,2022-04-29,3.9445,1.9503,1.9942
ECOC,2022,5,0,2023-05-01,2023-05-30,6.8972,-1.2495,8.1467
ECOC,2023,5,0,2024-04-30,2024-05-30,16.1421,0.3997,15.7425
ECOC,2024,5,0,2025-05-04,2025-05-30,21.1269,7.3506,13.7763
ECOC,2025,5,0,2026-04-29,2026-05-22,5.4479,3.623,1.8249
FTSC,2023,5,0,2024-06-25,2024-09-30,226.7009,12.5108,214.1901
NSBC,2022,5,0,2023-05-24,2023-07-07,15.2427,1.6473,13.5954
NSBC,2023,5,0,2024-05-28,2024-07-08,13.6833,2.6626,11.0208
NSBC,2024,5,0,2025-05-31,2025-07-09,19.3757,3.3754,16.0003
NTLC,2021,5,0,2022-05-25,2022-08-02,7.4714,3.5512,3.9202
NTLC,2022,5,0,2023-05-17,2023-08-08,19.6774,3.598,16.0794
NTLC,2023,5,0,2024-06-16,2024-08-20,5.3636,5.1195,0.244
NTLC,2024,5,0,2025-06-17,2025-08-18,14.2727,9.0479,5.2248
ONTBF,2021,5,0,2022-05-17,2022-06-15,16.5667,2.3743,14.1924
ONTBF,2022,5,0,2023-05-14,2023-06-26,8.8815,0.1957,8.6857
ONTBF,2023,5,0,2024-06-29,2024-07-31,16.8731,2.4048,14.4682
ONTBF,2024,5,0,2025-06-02,2025-07-21,7.2,6.6568,0.5432
ONTBF,2025,5,0,2026-05-04,2026-06-15,5.9148,11.2727,-5.3578
ORAC,2022,5,0,2023-04-18,2023-06-15,11.4365,-3.0262,14.4627
ORAC,2023,5,0,2024-04-21,2024-06-03,11.9355,3.4545,8.481
ORAC,2024,5,0,2025-04-15,2025-06-11,13.4759,11.1344,2.3414
ORAC,2025,5,0,2026-05-23,2026-06-08,9.8071,4.5788,5.2283
PRSC,2021,5,0,2022-07-05,2022-08-30,4.64,-3.4463,8.0863
PRSC,2022,5,0,2023-07-01,2023-09-13,12.3548,3.865,8.4899
SHEC,2021,5,0,2022-09-27,2022-10-28,6.6667,0.2455,6.4211
SHEC,2022,5,0,2023-11-26,2023-12-28,-3.3735,1.255,-4.6285
SLBC,2023,5,0,2024-06-05,2025-07-29,141.1291,60.3796,80.7495
SLBC,2024,5,0,2025-05-26,2025-07-29,32.5206,9.9463,22.5744
SMBC,2021,5,0,2022-06-26,2022-08-24,-6.993,-1.1499,-5.8432
SMBC,2023,5,0,2024-06-19,2024-09-30,16.9917,13.0836,3.9081
SNTS,2021,5,0,2022-05-03,2022-05-18,1.756,-2.9394,4.6954
SNTS,2022,5,0,2023-04-23,2023-05-17,4.2453,-1.366,5.6113
SNTS,2025,5,0,2026-04-21,2026-05-25,6.4789,5.4101,1.0688
SOGC,2021,5,0,2022-06-20,2022-07-21,4.1832,0.2253,3.958
SOGC,2022,5,0,2023-06-18,2023-07-17,-7.8261,3.679,-11.5051
SOGC,2023,5,0,2024-05-29,2024-08-06,41.0191,5.5709,35.4482
SOGC,2024,5,0,2025-05-25,2025-07-15,11.2609,4.4751,6.7858
SPHC,2021,5,0,2022-06-18,2022-08-04,-0.9606,-0.6184,-0.3423
SPHC,2022,5,0,2023-06-17,2023-09-29,-12.9134,3.9204,-16.8338
SPHC,2023,5,0,2024-06-09,2024-08-12,36.5844,5.4259,31.1585
SPHC,2024,5,0,2025-04-13,2025-07-17,54.007,14.5684,39.4386
STBC,2021,5,0,2022-07-03,2022-07-21,5.0602,0.3492,4.7111
STBC,2022,5,0,2023-07-05,2023-07-27,18.0885,1.1943,16.8942
STBC,2023,5,0,2024-06-26,2024-07-29,23.1944,2.4382,20.7562
STBC,2024,5,0,2025-08-04,2025-08-29,3.8136,6.0679,-2.2543
TTLC,2021,5,0,2022-06-21,2022-08-25,7.2686,-2.389,9.6576
TTLC,2022,5,0,2023-06-20,2023-09-21,9.7902,4.4777,5.3125
TTLC,2023,5,0,2024-06-26,2024-09-17,22.0331,10.7402,11.2929
TTLC,2024,5,0,2025-06-24,2025-09-03,-0.1934,10.0609,-10.2543
BOAB,2021,5,5,2022-04-18,2022-05-30,-3.8485,-2.2481,-1.6004
BOAB,2022,5,5,2023-04-19,2023-05-30,4.2131,-2.0419,6.2549
BOAB,2023,5,5,2024-04-17,2024-06-01,8.0138,3.6251,4.3887
BOAB,2024,5,5,2025-04-07,2025-06-08,7.6514,10.6203,-2.9689
BOAB,2025,5,5,2026-05-05,2026-05-20,8.0541,4.3836,3.6704
BOABF,2021,5,5,2022-04-03,2022-05-09,0.8,-1.1126,1.9126
BOABF,2022,5,5,2023-04-04,2023-05-10,7.125,-0.9106,8.0356
BOABF,2023,5,5,2024-04-02,2024-05-11,3.6056,0.7371,2.8685
BOABF,2024,5,5,2025-03-22,2025-04-27,-6.1163,0.7623,-6.8786
BOABF,2025,5,5,2026-03-28,2026-04-28,6.1162,1.0572,5.059
BOAC,2021,5,5,2022-04-05,2022-05-03,0.9649,0.3231,0.6418
BOAC,2022,5,5,2023-04-03,2023-05-03,8.2157,-1.6564,9.872
BOAC,2023,5,5,2024-04-02,2024-05-04,5.7655,1.1699,4.5957
BOAC,2024,5,5,2025-04-21,2025-05-25,9.2654,8.3008,0.9646
BOAC,2025,5,5,2026-04-20,2026-05-11,8.1341,0.3236,7.8105
BOAM,2023,5,5,2024-04-28,2024-05-26,22.562,2.0033,20.5587
BOAM,2024,5,5,2025-04-15,2025-06-08,23.0912,10.4328,12.6584
BOAM,2025,5,5,2026-04-19,2026-06-08,5.6391,10.852,-5.2129
BOAN,2021,5,5,2022-04-04,2022-05-17,5.6557,-2.5304,8.186
BOAN,2022,5,5,2023-04-04,2023-05-30,6.474,-2.0193,8.4933
BOAN,2023,5,5,2024-04-09,2024-06-05,-4.8699,4.3201,-9.19
BOAS,2021,5,5,2022-04-20,2022-06-06,6.4948,-2.6158,9.1106
BOAS,2022,5,5,2023-04-05,2023-06-06,32.8738,-2.7944,35.6682
BOAS,2023,5,5,2024-04-23,2024-07-02,21.5279,5.8651,15.6628
BOAS,2024,5,5,2025-04-13,2025-06-07,9.6341,11.3709,-1.7368
BOAS,2025,5,5,2026-05-05,2026-06-06,8.9273,10.9078,-1.9805
CABC,2021,5,5,2022-04-12,2022-08-07,-0.5172,-0.9657,0.4484
CABC,2025,5,5,2026-05-02,2026-06-06,14.6394,8.7377,5.9018
CBIBF,2021,5,5,2022-04-12,2022-07-11,-4.8718,2.2082,-7.08
CBIBF,2022,5,5,2023-04-22,2023-07-11,12.1003,0.976,11.1243
CBIBF,2023,5,5,2024-04-17,2024-07-10,16.7832,6.6091,10.1741
CBIBF,2024,5,5,2025-05-04,2025-07-12,13.4021,11.5354,1.8667
CBIBF,2025,5,5,2026-04-21,2026-06-24,35.0298,13.9708,21.059
CFAC,2021,5,5,2022-06-26,2022-08-07,-1.8286,0.5232,-2.3518
CFAC,2022,5,5,2023-07-02,2023-09-20,11.8519,2.9325,8.9194
CFAC,2023,5,5,2024-07-02,2024-09-04,0.292,12.3065,-12.0145
CIEC,2021,5,5,2022-06-25,2022-07-30,6.8696,0.9135,5.956
CIEC,2022,5,5,2023-06-25,2023-08-05,15.55,3.5487,12.0013
CIEC,2023,5,5,2024-07-01,2024-08-04,3.6591,4.0666,-0.4075
CIEC,2025,5,5,2026-06-29,2026-07-06,6.2188,2.0262,4.1926
ECOC,2021,5,5,2022-04-10,2022-05-04,0.1784,-0.5816,0.76
ECOC,2022,5,5,2023-05-01,2023-06-04,4.9864,-2.0639,7.0503
ECOC,2023,5,5,2024-04-30,2024-06-04,16.1421,2.0285,14.1136
ECOC,2024,5,5,2025-05-04,2025-06-04,11.2284,8.7623,2.4661
ECOC,2025,5,5,2026-04-29,2026-05-27,5.4479,3.9375,1.5103
FTSC,2023,5,5,2024-06-25,2024-10-05,225.9607,14.067,211.8937
NSBC,2022,5,5,2023-05-24,2023-07-12,19.4175,1.8959,17.5216
NSBC,2023,5,5,2024-05-28,2024-07-13,11.1,3.1423,7.9577
NSBC,2024,5,5,2025-05-31,2025-07-14,17.0636,4.1966,12.867
NTLC,2021,5,5,2022-05-25,2022-08-07,4.5429,3.1501,1.3927
NTLC,2022,5,5,2023-05-17,2023-08-13,18.3226,3.141,15.1816
NTLC,2023,5,5,2024-06-16,2024-08-25,5.03,5.8058,-0.7758
NTLC,2024,5,5,2025-06-17,2025-08-23,15.1818,11.1545,4.0273
ONTBF,2021,5,5,2022-05-17,2022-06-20,15.8667,3.2448,12.6218
ONTBF,2022,5,5,2023-05-14,2023-07-01,9.4877,1.3607,8.127
ONTBF,2023,5,5,2024-06-29,2024-08-05,16.8731,2.5828,14.2902
ONTBF,2024,5,5,2025-06-02,2025-07-26,9.76,8.3711,1.3889
ONTBF,2025,5,5,2026-05-04,2026-06-20,1.8004,13.2024,-11.4021
ORAC,2022,5,5,2023-04-18,2023-06-20,14.0884,-2.1064,16.1948
ORAC,2023,5,5,2024-04-21,2024-06-08,11.1521,4.9138,6.2383
ORAC,2024,5,5,2025-04-15,2025-06-16,11.7517,12.8406,-1.0888
ORAC,2025,5,5,2026-05-23,2026-06-13,5.7878,6.4825,-0.6947
PRSC,2021,5,5,2022-07-05,2022-09-04,0.64,-3.8459,4.4859
PRSC,2022,5,5,2023-07-01,2023-09-18,4.4516,3.1284,1.3232
SHEC,2021,5,5,2022-09-27,2022-11-02,3.7931,0.3789,3.4142
SHEC,2022,5,5,2023-11-26,2024-01-02,2.0482,1.2602,0.788
SLBC,2023,5,5,2024-06-05,2025-08-03,134.5225,65.5335,68.989
SLBC,2024,5,5,2025-05-26,2025-08-03,29.0286,12.8716,16.157
SMBC,2021,5,5,2022-06-26,2022-08-29,-6.6434,-1.0246,-5.6188
SMBC,2023,5,5,2024-06-19,2024-10-05,12.5289,14.6721,-2.1432
SNTS,2021,5,5,2022-05-03,2022-05-23,0.3449,-2.7464,3.0914
SNTS,2022,5,5,2023-04-23,2023-05-22,3.6164,-1.1928,4.8091
SNTS,2025,5,5,2026-04-21,2026-05-30,6.3028,6.5273,-0.2245
SOGC,2021,5,5,2022-06-20,2022-07-26,0.0611,0.1544,-0.0934
SOGC,2022,5,5,2023-06-18,2023-07-22,-8.8613,2.756,-11.6172
SOGC,2023,5,5,2024-05-29,2024-08-11,40.8599,6.8741,33.9858
SOGC,2024,5,5,2025-05-25,2025-07-20,13.0725,5.6427,7.4298
SPHC,2021,5,5,2022-06-18,2022-08-09,-0.9606,-1.2401,0.2794
SPHC,2022,5,5,2023-06-17,2023-10-04,-14.4882,2.6628,-17.151
SPHC,2023,5,5,2024-06-09,2024-08-17,36.7901,5.5941,31.196
SPHC,2024,5,5,2025-04-13,2025-07-22,56.0976,17.5745,38.5231
STBC,2021,5,5,2022-07-03,2022-07-26,5.0602,0.1473,4.913
STBC,2022,5,5,2023-07-05,2023-08-01,8.6098,2.6969,5.9129
STBC,2023,5,5,2024-06-26,2024-08-03,22.0833,3.9832,18.1002
STBC,2024,5,5,2025-08-04,2025-09-03,3.8136,6.4692,-2.6556
TTLC,2021,5,5,2022-06-21,2022-08-30,8.3973,-2.2943,10.6916
TTLC,2022,5,5,2023-06-20,2023-09-26,3.0303,3.5098,-0.4795
TTLC,2023,5,5,2024-06-26,2024-09-22,21.5603,10.9427,10.6176
TTLC,2024,5,5,2025-06-24,2025-09-08,-0.3868,9.5542,-9.9411
BOAB,2021,10,-5,2022-04-23,2022-05-20,0.304,-3.2794,3.5833
BOAB,2022,10,-5,2023-04-24,2023-05-20,1.6142,-0.7136,2.3278
BOAB,2023,10,-5,2024-04-22,2024-05-22,1.25,1.9943,-0.7443
BOAB,2024,10,-5,2025-04-12,2025-05-29,4.2599,9.8599,-5.6
BOABF,2021,10,-5,2022-04-08,2022-04-29,7.6845,1.787,5.8975
BOABF,2022,10,-5,2023-04-09,2023-04-30,5.4545,-0.7188,6.1734
BOABF,2023,10,-5,2024-04-07,2024-05-01,3.6932,2.0747,1.6185
BOABF,2024,10,-5,2025-03-27,2025-04-17,3.9294,0.0092,3.9202
BOABF,2025,10,-5,2026-04-02,2026-04-18,0.5357,-1.8748,2.4105
BOAC,2021,10,-5,2022-04-10,2022-04-23,-3.664,1.3671,-5.0311
BOAC,2022,10,-5,2023-04-08,2023-04-23,-0.9615,-0.0902,-0.8714
BOAC,2023,10,-5,2024-04-07,2024-04-24,0.0,0.2983,-0.2983
BOAC,2024,10,-5,2025-04-26,2025-05-15,0.4922,4.9132,-4.421
BOAC,2025,10,-5,2026-04-25,2026-05-01,6.8605,0.2297,6.6308
BOAM,2023,10,-5,2024-05-03,2024-05-16,12.8947,0.6453,12.2494
BOAM,2024,10,-5,2025-04-20,2025-05-29,7.8212,8.9346,-1.1133
BOAM,2025,10,-5,2026-04-24,2026-05-29,8.6446,4.9699,3.6747
BOAN,2021,10,-5,2022-04-09,2022-05-07,3.3335,-0.8349,4.1684
BOAN,2022,10,-5,2023-04-09,2023-05-20,-0.8197,-1.1813,0.3616
BOAN,2023,10,-5,2024-04-14,2024-05-26,-2.8829,3.6984,-6.5813
BOAS,2021,10,-5,2022-04-25,2022-05-27,3.5486,-4.5315,8.0801
BOAS,2022,10,-5,2023-04-10,2023-05-27,19.0261,-2.4587,21.4848
BOAS,2023,10,-5,2024-04-28,2024-06-22,15.0687,4.6646,10.4041
BOAS,2024,10,-5,2025-04-18,2025-05-28,7.8385,9.1949,-1.3564
BOAS,2025,10,-5,2026-05-10,2026-05-27,4.8038,5.2761,-0.4723
CABC,2021,10,-5,2022-04-17,2022-07-28,1.2712,-1.1944,2.4656
CABC,2025,10,-5,2026-05-07,2026-05-27,8.5044,5.6755,2.8289
CBIBF,2021,10,-5,2022-04-17,2022-07-01,-9.6016,-0.1199,-9.4817
CBIBF,2022,10,-5,2023-04-27,2023-07-01,3.75,1.1023,2.6477
CBIBF,2023,10,-5,2024-04-22,2024-06-30,16.6667,6.5066,10.1601
CBIBF,2024,10,-5,2025-05-09,2025-07-02,3.5204,9.9791,-6.4587
CBIBF,2025,10,-5,2026-04-26,2026-06-14,32.2013,10.8967,21.3046
CFAC,2021,10,-5,2022-07-01,2022-07-28,0.578,0.3734,0.2047
CFAC,2022,10,-5,2023-07-07,2023-09-10,14.9068,2.4046,12.5022
CFAC,2023,10,-5,2024-07-07,2024-08-25,-3.6496,5.3637,-9.0133
CIEC,2021,10,-5,2022-06-30,2022-07-20,-4.375,1.3718,-5.7468
CIEC,2022,10,-5,2023-06-30,2023-07-26,6.9048,1.1221,5.7827
CIEC,2023,10,-5,2024-07-06,2024-07-25,3.75,1.8901,1.8599
ECOC,2021,10,-5,2022-04-15,2022-04-24,-0.892,0.7906,-1.6826
ECOC,2022,10,-5,2023-05-06,2023-05-25,7.1636,-1.3714,8.5351
ECOC,2023,10,-5,2024-05-05,2024-05-25,11.7647,1.9045,9.8602
ECOC,2024,10,-5,2025-05-09,2025-05-25,21.2626,4.8453,16.4173
ECOC,2025,10,-5,2026-05-04,2026-05-17,0.0,1.3274,-1.3274
FTSC,2023,10,-5,2024-06-30,2024-09-25,10.8683,10.348,0.5203
NSBC,2022,10,-5,2023-05-29,2023-07-02,4.9,2.2012,2.6988
NSBC,2023,10,-5,2024-06-02,2024-07-03,5.0876,2.6856,2.402
NSBC,2024,10,-5,2025-06-05,2025-07-04,13.5225,3.4701,10.0525
NTLC,2021,10,-5,2022-05-30,2022-07-28,5.3472,2.101,3.2462
NTLC,2022,10,-5,2023-05-22,2023-08-03,24.7097,3.5325,21.1772
NTLC,2023,10,-5,2024-06-21,2024-08-15,0.0667,5.0073,-4.9406
NTLC,2024,10,-5,2025-06-22,2025-08-13,12.6457,6.1926,6.4531
ONTBF,2021,10,-5,2022-05-22,2022-06-10,1.7241,0.1958,1.5283
ONTBF,2022,10,-5,2023-05-19,2023-06-21,2.7027,0.0468,2.6559
ONTBF,2023,10,-5,2024-07-04,2024-07-26,5.6701,2.4354,3.2347
ONTBF,2024,10,-5,2025-06-07,2025-07-16,2.0,3.7301,-1.7301
ONTBF,2025,10,-5,2026-05-09,2026-06-10,6.8841,10.6667,-3.7827
ORAC,2022,10,-5,2023-04-23,2023-06-10,10.5556,-2.3075,12.863
ORAC,2023,10,-5,2024-04-26,2024-05-29,8.2348,1.4758,6.7589
ORAC,2024,10,-5,2025-04-20,2025-06-06,15.6457,10.2025,5.4432
ORAC,2025,10,-5,2026-05-28,2026-06-03,1.9108,1.5579,0.3529
PRSC,2021,10,-5,2022-07-10,2022-08-25,-3.2,-3.267,0.067
PRSC,2022,10,-5,2023-07-06,2023-09-08,15.5172,2.5761,12.9411
SHEC,2021,10,-5,2022-10-02,2022-10-23,-1.1429,-1.1201,-0.0228
SHEC,2022,10,-5,2023-12-01,2023-12-23,-3.6145,1.7796,-5.394
SLBC,2023,10,-5,2024-06-10,2025-07-24,144.973,57.2649,87.708
SLBC,2024,10,-5,2025-05-31,2025-07-24,14.3195,7.6905,6.629
SMBC,2021,10,-5,2022-07-01,2022-08-19,-8.046,-1.8944,-6.1515
SMBC,2023,10,-5,2024-06-24,2024-09-25,16.8,10.4617,6.3383
SNTS,2021,10,-5,2022-05-08,2022-05-13,2.6875,-0.2401,2.9276
SNTS,2022,10,-5,2023-04-28,2023-05-12,3.1582,-0.2666,3.4248
SNTS,2025,10,-5,2026-04-26,2026-05-20,1.7544,3.1586,-1.4042
SOGC,2021,10,-5,2022-06-25,2022-07-16,-2.1986,2.0199,-4.2185
SOGC,2022,10,-5,2023-06-23,2023-07-12,-9.2805,1.7846,-11.0651
SOGC,2023,10,-5,2024-06-03,2024-08-01,27.68,5.3071,22.3729
SOGC,2024,10,-5,2025-05-30,2025-07-10,6.1111,3.7194,2.3917
SPHC,2021,10,-5,2022-06-23,2022-07-30,-2.0392,0.1152,-2.1544
SPHC,2022,10,-5,2023-06-22,2023-09-24,5.0083,2.6708,2.3375
SPHC,2023,10,-5,2024-06-14,2024-08-07,20.6413,3.2346,17.4066
SPHC,2024,10,-5,2025-04-18,2025-07-12,46.2317,12.3003,33.9314
STBC,2021,10,-5,2022-07-08,2022-07-16,-0.9159,0.1202,-1.0361
STBC,2022,10,-5,2023-07-10,2023-07-22,7.6154,-0.4803,8.0957
STBC,2023,10,-5,2024-07-01,2024-07-24,-2.7102,2.2167,-4.9269
STBC,2024,10,-5,2025-08-09,2025-08-24,6.7961,3.3821,3.414
TTLC,2021,10,-5,2022-06-26,2022-08-20,2.4887,-1.326,3.8147
TTLC,2022,10,-5,2023-06-25,2023-09-16,5.0228,4.7598,0.263
TTLC,2023,10,-5,2024-07-01,2024-09-12,27.4882,11.9915,15.4967
TTLC,2024,10,-5,2025-06-29,2025-08-29,-2.1195,10.1606,-12.2801
BOAB,2021,10,0,2022-04-23,2022-05-25,-2.0365,-4.6558,2.6193
BOAB,2022,10,0,2023-04-24,2023-05-25,5.0202,-1.1625,6.1827
BOAB,2023,10,0,2024-04-22,2024-05-27,10.9167,3.6469,7.2698
BOAB,2024,10,0,2025-04-12,2025-06-03,4.0469,10.1821,-6.1353
BOAB,2025,10,0,2026-05-10,2026-05-15,6.3298,2.428,3.9018
BOABF,2021,10,0,2022-04-08,2022-05-04,6.8363,-0.8128,7.6491
BOABF,2022,10,0,2023-04-09,2023-05-05,14.6182,-0.4021,15.0203
BOABF,2023,10,0,2024-04-07,2024-05-06,5.8381,1.356,4.482
BOABF,2024,10,0,2025-03-27,2025-04-22,0.9882,0.2281,0.7601
BOABF,2025,10,0,2026-04-02,2026-04-23,3.875,-1.8529,5.7279
BOAC,2021,10,0,2022-04-10,2022-04-28,4.2895,1.2773,3.0122
BOAC,2022,10,0,2023-04-08,2023-04-28,9.3077,-0.5167,9.8243
BOAC,2023,10,0,2024-04-07,2024-04-29,7.0069,1.6987,5.3082
BOAC,2024,10,0,2025-04-26,2025-05-20,8.0394,5.6388,2.4006
BOAC,2025,10,0,2026-04-25,2026-05-06,6.7969,-1.9513,8.7482
BOAM,2023,10,0,2024-05-03,2024-05-21,12.8947,0.3323,12.5625
BOAM,2024,10,0,2025-04-20,2025-06-03,8.1937,9.2317,-1.038
BOAM,2025,10,0,2026-04-24,2026-06-03,13.2346,6.0648,7.1698
BOAN,2021,10,0,2022-04-09,2022-05-12,11.5259,-1.6029,13.1288
BOAN,2022,10,0,2023-04-09,2023-05-25,1.7149,-1.5895,3.3044
BOAN,2023,10,0,2024-04-14,2024-05-31,-4.7051,3.8395,-8.5446
BOAS,2021,10,0,2022-04-25,2022-06-01,10.9603,-2.6886,13.6489
BOAS,2022,10,0,2023-04-10,2023-06-01,27.2123,-2.8278,30.0402
BOAS,2023,10,0,2024-04-28,2024-06-27,19.8633,4.2302,15.6331
BOAS,2024,10,0,2025-04-18,2025-06-02,5.4632,9.0125,-3.5493
BOAS,2025,10,0,2026-05-10,2026-06-01,8.931,7.3215,1.6095
CABC,2021,10,0,2022-04-17,2022-08-02,-0.9322,-1.3568,0.4246
CABC,2025,10,0,2026-05-07,2026-06-01,7.0974,7.8629,-0.7656
CBIBF,2021,10,0,2022-04-17,2022-07-06,-3.7794,1.1493,-4.9287
CBIBF,2022,10,0,2023-04-27,2023-07-06,13.375,1.1284,12.2466
CBIBF,2023,10,0,2024-04-22,2024-07-05,21.8889,5.8131,16.0758
CBIBF,2024,10,0,2025-05-09,2025-07-07,9.7449,11.0864,-1.3415
CBIBF,2025,10,0,2026-04-26,2026-06-19,41.2978,12.374,28.9237
CFAC,2021,10,0,2022-07-01,2022-08-02,-0.1156,0.044,-0.1596
CFAC,2022,10,0,2023-07-07,2023-09-15,13.7888,3.2895,10.4993
CFAC,2023,10,0,2024-07-07,2024-08-30,1.0219,8.0826,-7.0607
CIEC,2021,10,0,2022-06-30,2022-07-25,-0.5,1.1954,-1.6954
CIEC,2022,10,0,2023-06-30,2023-07-31,12.9048,2.8686,10.0362
CIEC,2023,10,0,2024-07-06,2024-07-30,4.4,2.8393,1.5607
ECOC,2021,10,0,2022-04-15,2022-04-29,3.9445,1.4324,2.5121
ECOC,2022,10,0,2023-05-06,2023-05-30,6.8,-1.4839,8.2839
ECOC,2023,10,0,2024-05-05,2024-05-30,17.7647,1.1812,16.5835
ECOC,2024,10,0,2025-05-09,2025-05-30,20.5152,5.4134,15.1018
ECOC,2025,10,0,2026-05-04,2026-05-22,5.4479,3.6192,1.8286
FTSC,2023,10,0,2024-06-30,2024-09-30,219.5954,11.7789,207.8165
NSBC,2022,10,0,2023-05-29,2023-07-07,18.7,2.2393,16.4607
NSBC,2023,10,0,2024-06-02,2024-07-08,13.7781,3.0401,10.7381
NSBC,2024,10,0,2025-06-05,2025-07-09,14.9249,2.053,12.8719
NTLC,2021,10,0,2022-05-30,2022-08-02,4.4861,1.8774,2.6087
NTLC,2022,10,0,2023-05-22,2023-08-08,19.6774,3.3841,16.2933
NTLC,2023,10,0,2024-06-21,2024-08-20,5.3636,4.7369,0.6267
NTLC,2024,10,0,2025-06-22,2025-08-18,12.7354,6.9006,5.8348
ONTBF,2021,10,0,2022-05-22,2022-06-15,20.5862,1.5327,19.0535
ONTBF,2022,10,0,2023-05-19,2023-06-26,21.3514,0.1338,21.2176
ONTBF,2023,10,0,2024-07-04,2024-07-31,16.7526,3.2288,13.5238
ONTBF,2024,10,0,2025-06-07,2025-07-21,7.2,4.9434,2.2566
ONTBF,2025,10,0,2026-05-09,2026-06-15,7.258,12.7242,-5.4662
ORAC,2022,10,0,2023-04-23,2023-06-15,12.0556,-2.54,14.5955
ORAC,2023,10,0,2024-04-26,2024-06-03,10.5096,1.8204,8.6891
ORAC,2024,10,0,2025-04-20,2025-06-11,17.0687,10.777,6.2916
ORAC,2025,10,0,2026-05-28,2026-06-08,8.758,4.7606,3.9973
PRSC,2021,10,0,2022-07-10,2022-08-30,4.64,-3.2513,7.8913
PRSC,2022,10,0,2023-07-06,2023-09-13,20.1034,3.6524,16.451
SHEC,2021,10,0,2022-10-02,2022-10-28,6.0571,0.0776,5.9795
SHEC,2022,10,0,2023-12-01,2023-12-28,-3.3735,2.1611,-5.5346
SLBC,2023,10,0,2024-06-10,2025-07-29,141.1291,58.9281,82.201
SLBC,2024,10,0,2025-05-31,2025-07-29,23.503,8.7863,14.7167
SMBC,2021,10,0,2022-07-01,2022-08-24,-10.0744,-1.8743,-8.2
SMBC,2023,10,0,2024-06-24,2024-09-30,13.248,11.9752,1.2728
SNTS,2021,10,0,2022-05-08,2022-05-18,1.4062,-1.9504,3.3566
SNTS,2022,10,0,2023-04-28,2023-05-17,3.6585,-0.8118,4.4703
SNTS,2025,10,0,2026-04-26,2026-05-25,6.1053,4.6599,1.4454
SOGC,2021,10,0,2022-06-25,2022-07-21,3.4723,1.1971,2.2753
SOGC,2022,10,0,2023-06-23,2023-07-17,-7.1533,2.6271,-9.7804
SOGC,2023,10,0,2024-06-03,2024-08-06,41.696,5.5442,36.1518
SOGC,2024,10,0,2025-05-30,2025-07-15,6.625,4.3492,2.2758
SPHC,2021,10,0,2022-06-23,2022-08-04,-1.349,-0.4601,-0.8889
SPHC,2022,10,0,2023-06-22,2023-09-29,-7.6795,2.1246,-9.804
SPHC,2023,10,0,2024-06-14,2024-08-12,33.0261,4.5104,28.5156
SPHC,2024,10,0,2025-04-18,2025-07-17,49.1564,13.0892,36.0671
STBC,2021,10,0,2022-07-08,2022-07-21,8.9092,-0.63,9.5393
STBC,2022,10,0,2023-07-10,2023-07-27,15.0,0.7079,14.2921
STBC,2023,10,0,2024-07-01,2024-07-29,23.2801,2.6254,20.6547
STBC,2024,10,0,2025-08-09,2025-08-29,2.599,5.4593,-2.8604
TTLC,2021,10,0,2022-06-26,2022-08-25,7.5113,-1.6389,9.1503
TTLC,2022,10,0,2023-06-25,2023-09-21,7.5342,3.7875,3.7467
TTLC,2023,10,0,2024-07-01,2024-09-17,22.3223,10.952,11.3703
TTLC,2024,10,0,2025-06-29,2025-09-03,-0.578,9.9383,-10.5164
BOAB,2021,10,5,2022-04-23,2022-05-30,-3.5562,-3.0556,-0.5006
BOAB,2022,10,5,2023-04-24,2023-05-30,4.2131,-1.2897,5.5028
BOAB,2023,10,5,2024-04-22,2024-06-01,8.7639,3.5537,5.2101
BOAB,2024,10,5,2025-04-12,2025-06-08,7.8807,11.4499,-3.5692
BOAB,2025,10,5,2026-05-10,2026-05-20,6.3298,3.99,2.3398
BOABF,2021,10,5,2022-04-08,2022-05-09,2.5954,-0.5702,3.1656
BOABF,2022,10,5,2023-04-09,2023-05-10,9.0727,-0.7476,9.8203
BOABF,2023,10,5,2024-04-07,2024-05-11,4.4886,1.078,3.4107
BOABF,2024,10,5,2025-03-27,2025-04-27,-5.0118,1.2995,-6.3113
BOABF,2025,10,5,2026-04-02,2026-04-28,4.4107,-0.3002,4.7109
BOAC,2021,10,5,2022-04-10,2022-05-03,2.8597,0.3495,2.5102
BOAC,2022,10,5,2023-04-08,2023-05-03,6.1346,-1.5415,7.6762
BOAC,2023,10,5,2024-04-07,2024-05-04,5.7655,1.5204,4.2451
BOAC,2024,10,5,2025-04-26,2025-05-25,7.3831,6.8478,0.5353
BOAC,2025,10,5,2026-04-25,2026-05-11,8.1341,-0.9409,9.0749
BOAM,2023,10,5,2024-05-03,2024-05-26,16.1114,2.3155,13.7959
BOAM,2024,10,5,2025-04-20,2025-06-08,23.0912,10.1758,12.9155
BOAM,2025,10,5,2026-04-24,2026-06-08,5.9774,9.687,-3.7096
BOAN,2021,10,5,2022-04-09,2022-05-17,3.2296,-2.7106,5.9403
BOAN,2022,10,5,2023-04-09,2023-05-30,6.3869,-1.8323,8.2192
BOAN,2023,10,5,2024-04-14,2024-06-05,-4.8699,5.0278,-9.8976
BOAS,2021,10,5,2022-04-25,2022-06-06,7.8288,-3.2543,11.0831
BOAS,2022,10,5,2023-04-10,2023-06-06,27.876,-2.8109,30.6869
BOAS,2023,10,5,2024-04-28,2024-07-02,19.8633,5.0622,14.8011
BOAS,2024,10,5,2025-04-18,2025-06-07,6.7696,10.5575,-3.7879
BOAS,2025,10,5,2026-05-10,2026-06-06,6.4953,10.3927,-3.8974
CABC,2021,10,5,2022-04-17,2022-08-07,-2.2034,-1.7688,-0.4346
CABC,2025,10,5,2026-05-07,2026-06-06,21.027,10.6277,10.3993
CBIBF,2021,10,5,2022-04-17,2022-07-11,-5.2605,1.356,-6.6165
CBIBF,2022,10,5,2023-04-27,2023-07-11,11.75,1.8655,9.8845
CBIBF,2023,10,5,2024-04-22,2024-07-10,20.6111,6.4406,14.1705
CBIBF,2024,10,5,2025-05-09,2025-07-12,12.2449,9.845,2.3999
CBIBF,2025,10,5,2026-04-26,2026-06-24,37.5682,13.0152,24.553
CFAC,2021,10,5,2022-07-01,2022-08-07,-0.6936,-0.3556,-0.3381
CFAC,2022,10,5,2023-07-07,2023-09-20,12.5466,2.6933,9.8533
CFAC,2023,10,5,2024-07-07,2024-09-04,0.292,12.8479,-12.556
CIEC,2021,10,5,2022-06-30,2022-07-30,2.4167,0.722,1.6947
CIEC,2022,10,5,2023-06-30,2023-08-05,10.0476,2.5806,7.4671
CIEC,2023,10,5,2024-07-06,2024-08-04,3.4,4.0604,-0.6604
CIEC,2025,10,5,2026-07-04,2026-07-06,0.0,0.0,0.0
ECOC,2021,10,5,2022-04-15,2022-05-04,0.1784,-1.0576,1.236
ECOC,2022,10,5,2023-05-06,2023-06-04,4.8909,-2.241,7.1319
ECOC,2023,10,5,2024-05-05,2024-06-04,17.7647,2.7129,15.0519
ECOC,2024,10,5,2025-05-09,2025-06-04,10.6667,6.8192,3.8474
ECOC,2025,10,5,2026-05-04,2026-05-27,5.4479,3.9352,1.5127
FTSC,2023,10,5,2024-06-30,2024-10-05,218.8713,13.2937,205.5776
NSBC,2022,10,5,2023-05-29,2023-07-12,23.0,2.4985,20.5015
NSBC,2023,10,5,2024-06-02,2024-07-13,11.1927,3.4792,7.7135
NSBC,2024,10,5,2025-06-05,2025-07-14,12.6989,2.9019,9.797
NTLC,2021,10,5,2022-05-30,2022-08-07,1.6389,1.5221,0.1168
NTLC,2022,10,5,2023-05-22,2023-08-13,18.3226,2.9478,15.3748
NTLC,2023,10,5,2024-06-21,2024-08-25,5.03,5.4157,-0.3857
NTLC,2024,10,5,2025-06-22,2025-08-23,13.6323,8.9404,4.6919
ONTBF,2021,10,5,2022-05-22,2022-06-20,19.8621,2.3803,17.4818
ONTBF,2022,10,5,2023-05-19,2023-07-01,22.027,1.315,20.712
ONTBF,2023,10,5,2024-07-04,2024-08-05,16.7526,3.3976,13.355
ONTBF,2024,10,5,2025-06-07,2025-07-26,9.76,6.6399,3.1201
ONTBF,2025,10,5,2026-05-09,2026-06-20,3.0913,14.8446,-11.7533
ORAC,2022,10,5,2023-04-23,2023-06-20,14.7222,-1.6069,16.3291
ORAC,2023,10,5,2024-04-26,2024-06-08,9.7361,3.262,6.4741
ORAC,2024,10,5,2025-04-20,2025-06-16,15.2899,12.4593,2.8306
ORAC,2025,10,5,2026-05-28,2026-06-13,4.7771,6.6588,-1.8818
PRSC,2021,10,5,2022-07-10,2022-09-04,0.64,-3.6479,4.2879
PRSC,2022,10,5,2023-07-06,2023-09-18,11.6552,2.9351,8.7201
SHEC,2021,10,5,2022-10-02,2022-11-02,3.2,0.1846,3.0154
SHEC,2022,10,5,2023-12-01,2024-01-02,2.0482,2.2033,-0.1551
SLBC,2023,10,5,2024-06-10,2025-08-03,134.5225,64.0364,70.4861
SLBC,2024,10,5,2025-05-31,2025-08-03,20.2485,11.4616,8.7869
SMBC,2021,10,5,2022-07-01,2022-08-29,-9.7363,-1.7484,-7.9879
SMBC,2023,10,5,2024-06-24,2024-10-05,8.928,13.5861,-4.6581
SNTS,2021,10,5,2022-05-08,2022-05-23,0.0,-1.7525,1.7525
SNTS,2022,10,5,2023-04-28,2023-05-22,3.0331,-0.6709,3.7041
SNTS,2025,10,5,2026-04-26,2026-05-30,5.9298,5.7615,0.1683
SOGC,2021,10,5,2022-06-25,2022-07-26,-0.6217,1.1332,-1.7549
SOGC,2022,10,5,2023-06-23,2023-07-22,-8.196,1.7271,-9.9231
SOGC,2023,10,5,2024-06-03,2024-08-11,41.536,6.8759,34.6601
SOGC,2024,10,5,2025-05-30,2025-07-20,8.3611,5.3894,2.9717
SPHC,2021,10,5,2022-06-23,2022-08-09,-1.349,-1.0879,-0.2611
SPHC,2022,10,5,2023-06-22,2023-10-04,-9.3489,0.9127,-10.2616
SPHC,2023,10,5,2024-06-14,2024-08-17,33.2265,4.6656,28.5609
SPHC,2024,10,5,2025-04-18,2025-07-22,51.1811,15.8503,35.3308
STBC,2021,10,5,2022-07-08,2022-07-26,8.9092,-0.8247,9.7339
STBC,2022,10,5,2023-07-10,2023-08-01,5.7692,2.2217,3.5475
STBC,2023,10,5,2024-07-01,2024-08-03,22.1682,4.1321,18.036
STBC,2024,10,5,2025-08-09,2025-09-03,2.599,5.8586,-3.2596
TTLC,2021,10,5,2022-06-26,2022-08-30,8.6425,-1.5316,10.1742
TTLC,2022,10,5,2023-06-25,2023-09-26,0.9132,2.8297,-1.9165
TTLC,2023,10,5,2024-07-01,2024-09-22,21.8483,11.1322,10.7161
TTLC,2024,10,5,2025-06-29,2025-09-08,-0.7707,9.6432,-10.4139
