ticker,fiscal_year,offset,duree,date_entree,date_sortie_calc,rendement_cycle,reference_aleatoire,ecart_cycle
BOAB,2021,-5,35,2022-04-08,2022-05-13,-1.6641,1.1987,-2.8628
BOAB,2022,-5,35,2023-04-09,2023-05-14,0.0,1.1987,-1.1987
BOAB,2023,-5,35,2024-04-07,2024-05-12,4.4381,1.1987,3.2394
BOAB,2024,-5,35,2025-03-28,2025-05-02,1.0638,1.1987,-0.1349
BOAB,2025,-5,35,2026-04-25,2026-05-30,15.5298,1.1987,14.3311
BOABF,2021,-5,35,2022-03-24,2022-04-28,-3.2258,1.5779,-4.8037
BOABF,2022,-5,35,2023-03-25,2023-04-29,1.7544,1.5779,0.1765
BOABF,2023,-5,35,2024-03-23,2024-04-27,0.1372,1.5779,-1.4407
BOABF,2024,-5,35,2025-03-12,2025-04-16,-0.1159,1.5779,-1.6938
BOABF,2025,-5,35,2026-03-18,2026-04-22,11.1993,1.5779,9.6214
BOAC,2021,-5,35,2022-03-26,2022-04-30,6.7766,1.986,4.7906
BOAC,2022,-5,35,2023-03-24,2023-04-28,9.3077,1.986,7.3217
BOAC,2023,-5,35,2024-03-23,2024-04-27,8.1918,1.986,6.2058
BOAC,2024,-5,35,2025-04-11,2025-05-16,10.6723,1.986,8.6863
BOAC,2025,-5,35,2026-04-10,2026-05-15,8.4261,1.986,6.4401
BOAM,2023,-5,35,2024-04-18,2024-05-23,24.0937,1.4223,22.6714
BOAM,2024,-5,35,2025-04-05,2025-05-10,6.875,1.4223,5.4527
BOAM,2025,-5,35,2026-04-09,2026-05-14,0.5376,1.4223,-0.8847
BOAN,2021,-5,35,2022-03-25,2022-04-29,8.0558,0.5036,7.5522
BOAN,2022,-5,35,2023-03-25,2023-04-29,-2.3407,0.5036,-2.8443
BOAN,2023,-5,35,2024-03-30,2024-05-04,-1.642,0.5036,-2.1456
BOAS,2021,-5,35,2022-04-10,2022-05-15,-6.3741,1.8375,-8.2116
BOAS,2022,-5,35,2023-03-26,2023-04-30,11.7241,1.8375,9.8866
BOAS,2023,-5,35,2024-04-13,2024-05-18,14.9257,1.8375,13.0882
BOAS,2024,-5,35,2025-04-03,2025-05-08,6.2025,1.8375,4.365
BOAS,2025,-5,35,2026-04-25,2026-05-30,15.8696,1.8375,14.0321
CABC,2021,-5,35,2022-04-02,2022-05-07,5.4299,0.067,5.3629
CABC,2025,-5,35,2026-04-22,2026-05-27,5.2632,0.067,5.1962
CBIBF,2021,-5,35,2022-04-02,2022-05-07,-2.0408,1.8668,-3.9076
CBIBF,2022,-5,35,2023-04-12,2023-05-17,0.0,1.8668,-1.8668
CBIBF,2023,-5,35,2024-04-07,2024-05-12,2.7174,1.8668,0.8506
CBIBF,2024,-5,35,2025-04-24,2025-05-29,-6.1033,1.8668,-7.9701
CBIBF,2025,-5,35,2026-04-11,2026-05-16,30.9539,1.8668,29.0871
CFAC,2021,-5,35,2022-06-16,2022-07-21,-4.3956,1.2057,-5.6013
CFAC,2022,-5,35,2023-06-22,2023-07-27,6.8323,1.2057,5.6266
CFAC,2023,-5,35,2024-06-22,2024-07-27,-0.7299,1.2057,-1.9356
CIEC,2021,-5,35,2022-06-15,2022-07-20,-0.2174,3.8124,-4.0298
CIEC,2022,-5,35,2023-06-15,2023-07-20,5.5288,3.8124,1.7164
CIEC,2023,-5,35,2024-06-21,2024-07-26,8.0,3.8124,4.1876
CIEC,2025,-5,35,2026-06-19,2026-07-24,12.5926,3.8124,8.7802
ECOC,2021,-5,35,2022-03-31,2022-05-05,0.1782,2.1845,-2.0063
ECOC,2022,-5,35,2023-04-21,2023-05-26,13.1792,2.1845,10.9947
ECOC,2023,-5,35,2024-04-20,2024-05-25,11.5187,2.1845,9.3342
ECOC,2024,-5,35,2025-04-24,2025-05-29,24.1132,2.1845,21.9287
ECOC,2025,-5,35,2026-04-19,2026-05-24,5.7723,2.1845,3.5878
FTSC,2023,-5,35,2024-06-15,2024-07-20,2.1988,2.6381,-0.4393
NSBC,2022,-5,35,2023-05-14,2023-06-18,3.8198,1.9883,1.8315
NSBC,2023,-5,35,2024-05-18,2024-06-22,7.7586,1.9883,5.7703
NSBC,2024,-5,35,2025-05-21,2025-06-25,18.6047,1.9883,16.6164
NTLC,2021,-5,35,2022-05-15,2022-06-19,-2.7778,4.6657,-7.4435
NTLC,2022,-5,35,2023-05-07,2023-06-11,-2.5316,4.6657,-7.1973
NTLC,2023,-5,35,2024-06-06,2024-07-11,-1.2675,4.6657,-5.9332
NTLC,2024,-5,35,2025-06-07,2025-07-12,5.6305,4.6657,0.9648
ONTBF,2021,-5,35,2022-05-07,2022-06-11,-7.8125,0.9866,-8.7991
ONTBF,2022,-5,35,2023-05-04,2023-06-08,-6.252,0.9866,-7.2386
ONTBF,2023,-5,35,2024-06-19,2024-07-24,5.0,0.9866,4.0134
ONTBF,2024,-5,35,2025-05-23,2025-06-27,-0.777,0.9866,-1.7636
ONTBF,2025,-5,35,2026-04-24,2026-05-29,4.7794,0.9866,3.7928
ORAC,2022,-5,35,2023-04-08,2023-05-13,1.0638,2.4048,-1.341
ORAC,2023,-5,35,2024-04-11,2024-05-16,5.1176,2.4048,2.7128
ORAC,2024,-5,35,2025-04-05,2025-05-10,2.3102,2.4048,-0.0946
ORAC,2025,-5,35,2026-05-13,2026-06-17,10.6312,2.4048,8.2264
PRSC,2021,-5,35,2022-06-25,2022-07-30,4.9475,-2.7178,7.6653
PRSC,2022,-5,35,2023-06-21,2023-07-26,5.2632,-2.7178,7.981
SHEC,2021,-5,35,2022-09-17,2022-10-22,-2.2599,-1.0903,-1.1696
SHEC,2022,-5,35,2023-11-16,2023-12-21,2.4691,-1.0903,3.5594
SLBC,2023,-5,35,2024-05-26,2024-06-30,0.0,1.5567,-1.5567
SLBC,2024,-5,35,2025-05-16,2025-06-20,22.5,1.5567,20.9433
SMBC,2021,-5,35,2022-06-16,2022-07-21,-2.0408,1.7381,-3.7789
SMBC,2023,-5,35,2024-06-09,2024-07-14,2.5424,1.7381,0.8043
SNTS,2021,-5,35,2022-04-23,2022-05-28,0.6565,0.3018,0.3547
SNTS,2022,-5,35,2023-04-13,2023-05-18,5.506,0.3018,5.2042
SNTS,2025,-5,35,2026-04-11,2026-05-16,0.3472,0.3018,0.0454
SOGC,2021,-5,35,2022-06-10,2022-07-15,-0.7692,7.4245,-8.1937
SOGC,2022,-5,35,2023-06-08,2023-07-13,-14.2743,7.4245,-21.6988
SOGC,2023,-5,35,2024-05-19,2024-06-23,16.4062,7.4245,8.9817
SOGC,2024,-5,35,2025-05-15,2025-06-19,26.0193,7.4245,18.5948
SPHC,2021,-5,35,2022-06-08,2022-07-13,7.7586,2.2796,5.479
SPHC,2022,-5,35,2023-06-07,2023-07-12,-15.1376,2.2796,-17.4172
SPHC,2023,-5,35,2024-05-30,2024-07-04,20.4167,2.2796,18.1371
SPHC,2024,-5,35,2025-04-03,2025-05-08,22.9947,2.2796,20.7151
STBC,2021,-5,35,2022-06-23,2022-07-28,6.1688,2.8862,3.2826
STBC,2022,-5,35,2023-06-25,2023-07-30,15.6275,2.8862,12.7413
STBC,2023,-5,35,2024-06-16,2024-07-21,-4.7619,2.8862,-7.6481
STBC,2024,-5,35,2025-07-25,2025-08-29,3.0608,2.8862,0.1746
TTLC,2021,-5,35,2022-06-11,2022-07-16,-0.6772,0.6819,-1.3591
TTLC,2022,-5,35,2023-06-10,2023-07-15,6.9048,0.6819,6.2229
TTLC,2023,-5,35,2024-06-16,2024-07-21,5.8394,0.6819,5.1575
TTLC,2024,-5,35,2025-06-14,2025-07-19,-4.6904,0.6819,-5.3723
BOAB,2021,-5,47,2022-04-08,2022-05-25,-2.4811,1.7304,-4.2115
BOAB,2022,-5,47,2023-04-09,2023-05-26,4.129,1.7304,2.3986
BOAB,2023,-5,47,2024-04-07,2024-05-24,13.4717,1.7304,11.7413
BOAB,2024,-5,47,2025-03-28,2025-05-14,-0.5319,1.7304,-2.2623
BOAB,2025,-5,47,2026-04-25,2026-06-11,11.8758,1.7304,10.1454
BOABF,2021,-5,47,2022-03-24,2022-05-10,-4.0645,2.0243,-6.0888
BOABF,2022,-5,47,2023-03-25,2023-05-11,5.3333,2.0243,3.309
BOABF,2023,-5,47,2024-03-23,2024-05-09,1.5912,2.0243,-0.4331
BOABF,2024,-5,47,2025-03-12,2025-04-28,-7.3696,2.0243,-9.3939
BOABF,2025,-5,47,2026-03-18,2026-05-04,11.5683,2.0243,9.544
BOAC,2021,-5,47,2022-03-26,2022-05-12,1.3736,2.5421,-1.1685
BOAC,2022,-5,47,2023-03-24,2023-05-10,5.2692,2.5421,2.7271
BOAC,2023,-5,47,2024-03-23,2024-05-09,2.9863,2.5421,0.4442
BOAC,2024,-5,47,2025-04-11,2025-05-28,9.8319,2.5421,7.2898
BOAC,2025,-5,47,2026-04-10,2026-05-27,11.0794,2.5421,8.5373
BOAM,2023,-5,47,2024-04-18,2024-06-04,23.1562,1.8976,21.2586
BOAM,2024,-5,47,2025-04-05,2025-05-22,17.7083,1.8976,15.8107
BOAM,2025,-5,47,2026-04-09,2026-05-26,7.5269,1.8976,5.6293
BOAN,2021,-5,47,2022-03-25,2022-05-11,16.8551,0.5685,16.2866
BOAN,2022,-5,47,2023-03-25,2023-05-11,-1.5336,0.5685,-2.1021
BOAN,2023,-5,47,2024-03-30,2024-05-16,-5.4187,0.5685,-5.9872
BOAS,2021,-5,47,2022-04-10,2022-05-27,-1.1952,2.6304,-3.8256
BOAS,2022,-5,47,2023-03-26,2023-05-12,14.9428,2.6304,12.3124
BOAS,2023,-5,47,2024-04-13,2024-05-30,17.9105,2.6304,15.2801
BOAS,2024,-5,47,2025-04-03,2025-05-20,6.3291,2.6304,3.6987
BOAS,2025,-5,47,2026-04-25,2026-06-11,13.0435,2.6304,10.4131
CABC,2021,-5,47,2022-04-02,2022-05-19,3.6199,0.0219,3.598
CABC,2025,-5,47,2026-04-22,2026-06-08,17.5539,0.0219,17.532
CBIBF,2021,-5,47,2022-04-02,2022-05-19,-6.1224,2.3067,-8.4291
CBIBF,2022,-5,47,2023-04-12,2023-05-29,-1.25,2.3067,-3.5567
CBIBF,2023,-5,47,2024-04-07,2024-05-24,15.2174,2.3067,12.9107
CBIBF,2024,-5,47,2025-04-24,2025-06-10,-6.1033,2.3067,-8.41
CBIBF,2025,-5,47,2026-04-11,2026-05-28,41.2171,2.3067,38.9104
CFAC,2021,-5,47,2022-06-16,2022-08-02,-5.0549,1.8364,-6.8913
CFAC,2022,-5,47,2023-06-22,2023-08-08,15.528,1.8364,13.6916
CFAC,2023,-5,47,2024-06-22,2024-08-08,-2.9197,1.8364,-4.7561
CIEC,2021,-5,47,2022-06-15,2022-08-01,6.8696,4.994,1.8756
CIEC,2022,-5,47,2023-06-15,2023-08-01,13.9904,4.994,8.9964
CIEC,2023,-5,47,2024-06-21,2024-08-07,6.481,4.994,1.487
ECOC,2021,-5,47,2022-03-31,2022-05-17,-4.4752,2.8985,-7.3737
ECOC,2022,-5,47,2023-04-21,2023-06-07,12.9865,2.8985,10.088
ECOC,2023,-5,47,2024-04-20,2024-06-06,16.0382,2.8985,13.1397
ECOC,2024,-5,47,2025-04-24,2025-06-10,12.9965,2.8985,10.098
ECOC,2025,-5,47,2026-04-19,2026-06-05,6.0492,2.8985,3.1507
FTSC,2023,-5,47,2024-06-15,2024-08-01,6.2273,3.0058,3.2215
NSBC,2022,-5,47,2023-05-14,2023-06-30,2.7424,2.6643,0.0781
NSBC,2023,-5,47,2024-05-18,2024-07-04,19.931,2.6643,17.2667
NSBC,2024,-5,47,2025-05-21,2025-07-07,22.3953,2.6643,19.731
NTLC,2021,-5,47,2022-05-15,2022-07-01,-0.2778,6.5193,-6.7971
NTLC,2022,-5,47,2023-05-07,2023-06-23,-3.1646,6.5193,-9.6839
NTLC,2023,-5,47,2024-06-06,2024-07-23,0.0667,6.5193,-6.4526
NTLC,2024,-5,47,2025-06-07,2025-07-24,9.8185,6.5193,3.2992
ONTBF,2021,-5,47,2022-05-07,2022-06-23,9.25,1.201,8.049
ONTBF,2022,-5,47,2023-05-04,2023-06-20,-5.2829,1.201,-6.4839
ONTBF,2023,-5,47,2024-06-19,2024-08-05,16.7526,1.201,15.5516
ONTBF,2024,-5,47,2025-05-23,2025-07-09,-0.3786,1.201,-1.5796
ONTBF,2025,-5,47,2026-04-24,2026-06-10,8.4559,1.201,7.2549
ORAC,2022,-5,47,2023-04-08,2023-05-25,2.0213,2.8375,-0.8162
ORAC,2023,-5,47,2024-04-11,2024-05-28,8.7598,2.8375,5.9223
ORAC,2024,-5,47,2025-04-05,2025-05-22,4.0594,2.8375,1.2219
ORAC,2025,-5,47,2026-05-13,2026-06-29,16.2791,2.8375,13.4416
PRSC,2021,-5,47,2022-06-25,2022-08-11,13.943,-3.7574,17.7004
PRSC,2022,-5,47,2023-06-21,2023-08-07,8.0702,-3.7574,11.8276
SHEC,2021,-5,47,2022-09-17,2022-11-03,2.0339,-1.8466,3.8805
SHEC,2022,-5,47,2023-11-16,2024-01-02,4.5679,-1.8466,6.4145
SLBC,2023,-5,47,2024-05-26,2024-07-12,0.0,2.1683,-2.1683
SLBC,2024,-5,47,2025-05-16,2025-07-02,15.2667,2.1683,13.0984
SMBC,2021,-5,47,2022-06-16,2022-08-02,-4.898,2.4882,-7.3862
SMBC,2023,-5,47,2024-06-09,2024-07-26,10.1695,2.4882,7.6813
SNTS,2021,-5,47,2022-04-23,2022-06-09,0.6877,0.2867,0.401
SNTS,2022,-5,47,2023-04-13,2023-05-30,5.506,0.2867,5.2193
SNTS,2025,-5,47,2026-04-11,2026-05-28,4.8264,0.2867,4.5397
SOGC,2021,-5,47,2022-06-10,2022-07-27,2.3692,8.7497,-6.3805
SOGC,2022,-5,47,2023-06-08,2023-07-25,-14.2743,8.7497,-23.024
SOGC,2023,-5,47,2024-05-19,2024-07-05,15.625,8.7497,6.8753
SOGC,2024,-5,47,2025-05-15,2025-07-01,20.8302,8.7497,12.0805
SPHC,2021,-5,47,2022-06-08,2022-07-25,5.1724,3.0007,2.1717
SPHC,2022,-5,47,2023-06-07,2023-07-24,-8.4098,3.0007,-11.4105
SPHC,2023,-5,47,2024-05-30,2024-07-16,25.0,3.0007,21.9993
SPHC,2024,-5,47,2025-04-03,2025-05-20,30.4813,3.0007,27.4806
STBC,2021,-5,47,2022-06-23,2022-08-09,2.8409,8.7755,-5.9346
STBC,2022,-5,47,2023-06-25,2023-08-11,10.9708,8.7755,2.1953
STBC,2023,-5,47,2024-06-16,2024-08-02,19.5918,8.7755,10.8163
STBC,2024,-5,47,2025-07-25,2025-09-10,3.0608,8.7755,-5.7147
TTLC,2021,-5,47,2022-06-11,2022-07-28,3.8375,0.9743,2.8632
TTLC,2022,-5,47,2023-06-10,2023-07-27,7.8571,0.9743,6.8828
TTLC,2023,-5,47,2024-06-16,2024-08-02,9.7324,0.9743,8.7581
TTLC,2024,-5,47,2025-06-14,2025-07-31,-5.2533,0.9743,-6.2276
BOAB,2021,-5,70,2022-04-08,2022-06-17,0.5446,3.1043,-2.5597
BOAB,2022,-5,70,2023-04-09,2023-06-18,2.4355,3.1043,-0.6688
BOAB,2023,-5,70,2024-04-07,2024-06-16,3.5934,3.1043,0.4891
BOAB,2024,-5,70,2025-03-28,2025-06-06,7.766,3.1043,4.6617
BOAB,2025,-5,70,2026-04-25,2026-07-04,17.9659,3.1043,14.8616
BOABF,2021,-5,70,2022-03-24,2022-06-02,-4.0645,2.8858,-6.9503
BOABF,2022,-5,70,2023-03-25,2023-06-03,10.2456,2.8858,7.3598
BOABF,2023,-5,70,2024-03-23,2024-06-01,1.0425,2.8858,-1.8433
BOABF,2024,-5,70,2025-03-12,2025-05-21,-7.4855,2.8858,-10.3713
BOABF,2025,-5,70,2026-03-18,2026-05-27,8.8007,2.8858,5.9149
BOAC,2021,-5,70,2022-03-26,2022-06-04,3.2967,3.9968,-0.7001
BOAC,2022,-5,70,2023-03-24,2023-06-02,10.1731,3.9968,6.1763
BOAC,2023,-5,70,2024-03-23,2024-06-01,9.4247,3.9968,5.4279
BOAC,2024,-5,70,2025-04-11,2025-06-20,15.8824,3.9968,11.8856
BOAC,2025,-5,70,2026-04-10,2026-06-19,18.9213,3.9968,14.9245
BOAM,2023,-5,70,2024-04-18,2024-06-27,20.3437,2.7179,17.6258
BOAM,2024,-5,70,2025-04-05,2025-06-14,37.7083,2.7179,34.9904
BOAM,2025,-5,70,2026-04-09,2026-06-18,2.1514,2.7179,-0.5665
BOAN,2021,-5,70,2022-03-25,2022-06-03,9.4964,0.6281,8.8683
BOAN,2022,-5,70,2023-03-25,2023-06-03,3.2217,0.6281,2.5936
BOAN,2023,-5,70,2024-03-30,2024-06-08,-6.0033,0.6281,-6.6314
BOAS,2021,-5,70,2022-04-10,2022-06-19,3.0879,4.2788,-1.1909
BOAS,2022,-5,70,2023-03-26,2023-06-04,31.2641,4.2788,26.9853
BOAS,2023,-5,70,2024-04-13,2024-06-22,25.3733,4.2788,21.0945
BOAS,2024,-5,70,2025-04-03,2025-06-12,15.1899,4.2788,10.9111
BOAS,2025,-5,70,2026-04-25,2026-07-04,13.0435,4.2788,8.7647
CABC,2021,-5,70,2022-04-02,2022-06-11,-6.7873,0.2909,-7.0782
CABC,2025,-5,70,2026-04-22,2026-07-01,32.3477,0.2909,32.0568
CBIBF,2021,-5,70,2022-04-02,2022-06-11,-3.6224,3.283,-6.9054
CBIBF,2022,-5,70,2023-04-12,2023-06-21,-1.375,3.283,-4.658
CBIBF,2023,-5,70,2024-04-07,2024-06-16,13.0435,3.283,9.7605
CBIBF,2024,-5,70,2025-04-24,2025-07-03,0.0,3.283,-3.283
CBIBF,2025,-5,70,2026-04-11,2026-06-20,47.3684,3.283,44.0854
CFAC,2021,-5,70,2022-06-16,2022-08-25,-4.5055,3.3043,-7.8098
CFAC,2022,-5,70,2023-06-22,2023-08-31,14.2857,3.3043,10.9814
CFAC,2023,-5,70,2024-06-22,2024-08-31,1.0219,3.3043,-2.2824
CIEC,2021,-5,70,2022-06-15,2022-08-24,0.1304,9.2581,-9.1277
CIEC,2022,-5,70,2023-06-15,2023-08-24,8.9423,9.2581,-0.3158
CIEC,2023,-5,70,2024-06-21,2024-08-30,11.7975,9.2581,2.5394
ECOC,2021,-5,70,2022-03-31,2022-06-09,-0.4158,4.3862,-4.802
ECOC,2022,-5,70,2023-04-21,2023-06-30,13.2755,4.3862,8.8893
ECOC,2023,-5,70,2024-04-20,2024-06-29,12.9567,4.3862,8.5705
ECOC,2024,-5,70,2025-04-24,2025-07-03,24.1132,4.3862,19.727
ECOC,2025,-5,70,2026-04-19,2026-06-28,11.0031,4.3862,6.6169
FTSC,2023,-5,70,2024-06-15,2024-08-24,5.8619,5.4106,0.4513
NSBC,2022,-5,70,2023-05-14,2023-07-23,22.5269,4.2227,18.3042
NSBC,2023,-5,70,2024-05-18,2024-07-27,15.0172,4.2227,10.7945
NSBC,2024,-5,70,2025-05-21,2025-07-30,20.5349,4.2227,16.3122
NTLC,2021,-5,70,2022-05-15,2022-07-24,-0.2083,10.0991,-10.3074
NTLC,2022,-5,70,2023-05-07,2023-07-16,2.4684,10.0991,-7.6307
NTLC,2023,-5,70,2024-06-06,2024-08-15,0.0667,10.0991,-10.0324
NTLC,2024,-5,70,2025-06-07,2025-08-16,16.054,10.0991,5.9549
ONTBF,2021,-5,70,2022-05-07,2022-07-16,8.5625,1.5472,7.0153
ONTBF,2022,-5,70,2023-05-04,2023-07-13,14.7234,1.5472,13.1762
ONTBF,2023,-5,70,2024-06-19,2024-08-28,25.7732,1.5472,24.226
ONTBF,2024,-5,70,2025-05-23,2025-08-01,5.3995,1.5472,3.8523
ONTBF,2025,-5,70,2026-04-24,2026-07-03,8.4676,1.5472,6.9204
ORAC,2022,-5,70,2023-04-08,2023-06-17,8.883,4.2754,4.6076
ORAC,2023,-5,70,2024-04-11,2024-06-20,14.7994,4.2754,10.524
ORAC,2024,-5,70,2025-04-05,2025-06-14,7.6172,4.2754,3.3418
ORAC,2025,-5,70,2026-05-13,2026-07-22,11.6279,4.2754,7.3525
PRSC,2021,-5,70,2022-06-25,2022-09-03,13.1634,-5.1552,18.3186
PRSC,2022,-5,70,2023-06-21,2023-08-30,15.7895,-5.1552,20.9447
SHEC,2021,-5,70,2022-09-17,2022-11-26,-7.0056,-2.5041,-4.5015
SHEC,2022,-5,70,2023-11-16,2024-01-25,4.5679,-2.5041,7.072
SLBC,2023,-5,70,2024-05-26,2024-08-04,0.0,3.432,-3.432
SLBC,2024,-5,70,2025-05-16,2025-07-25,36.48,3.432,33.048
SMBC,2021,-5,70,2022-06-16,2022-08-25,-9.4558,3.9412,-13.397
SMBC,2023,-5,70,2024-06-09,2024-08-18,11.8644,3.9412,7.9232
SNTS,2021,-5,70,2022-04-23,2022-07-02,-0.3126,0.0931,-0.4057
SNTS,2022,-5,70,2023-04-13,2023-06-22,7.3202,0.0931,7.2271
SNTS,2025,-5,70,2026-04-11,2026-06-20,3.7847,0.0931,3.6916
SOGC,2021,-5,70,2022-06-10,2022-08-19,0.6769,15.7888,-15.1119
SOGC,2022,-5,70,2023-06-08,2023-08-17,-17.978,15.7888,-33.7668
SOGC,2023,-5,70,2024-05-19,2024-07-28,21.0938,15.7888,5.305
SOGC,2024,-5,70,2025-05-15,2025-07-24,15.5226,15.7888,-0.2662
SPHC,2021,-5,70,2022-06-08,2022-08-17,5.069,4.8221,0.2469
SPHC,2022,-5,70,2023-06-07,2023-08-16,-5.1988,4.8221,-10.0209
SPHC,2023,-5,70,2024-05-30,2024-08-08,34.3333,4.8221,29.5112
SPHC,2024,-5,70,2025-04-03,2025-06-12,33.9037,4.8221,29.0816
STBC,2021,-5,70,2022-06-23,2022-09-01,-8.4416,11.6388,-20.0804
STBC,2022,-5,70,2023-06-25,2023-09-03,10.1026,11.6388,-1.5362
STBC,2023,-5,70,2024-06-16,2024-08-25,22.3129,11.6388,10.6741
STBC,2024,-5,70,2025-07-25,2025-10-03,4.5111,11.6388,-7.1277
TTLC,2021,-5,70,2022-06-11,2022-08-20,2.2573,1.2004,1.0569
TTLC,2022,-5,70,2023-06-10,2023-08-19,2.381,1.2004,1.1806
TTLC,2023,-5,70,2024-06-16,2024-08-25,18.0049,1.2004,16.8045
TTLC,2024,-5,70,2025-06-14,2025-08-23,-3.1895,1.2004,-4.3899
BOAB,2021,0,35,2022-04-13,2022-05-18,-2.4206,1.1987,-3.6193
BOAB,2022,0,35,2023-04-14,2023-05-19,1.6142,1.1987,0.4155
BOAB,2023,0,35,2024-04-12,2024-05-17,5.1576,1.1987,3.9589
BOAB,2024,0,35,2025-04-02,2025-05-07,1.38,1.1987,0.1813
BOAB,2025,0,35,2026-04-30,2026-06-04,5.3341,1.1987,4.1354
BOABF,2021,0,35,2022-03-29,2022-05-03,4.0656,1.5779,2.4877
BOABF,2022,0,35,2023-03-30,2023-05-04,10.8883,1.5779,9.3104
BOABF,2023,0,35,2024-03-28,2024-05-02,2.8811,1.5779,1.3032
BOABF,2024,0,35,2025-03-17,2025-04-21,1.9026,1.5779,0.3247
BOABF,2025,0,35,2026-03-23,2026-04-27,7.4513,1.5779,5.8734
BOAC,2021,0,35,2022-03-31,2022-05-05,3.6145,1.986,1.6285
BOAC,2022,0,35,2023-03-29,2023-05-03,8.1097,1.986,6.1237
BOAC,2023,0,35,2024-03-28,2024-05-02,5.4746,1.986,3.4886
BOAC,2024,0,35,2025-04-16,2025-05-21,8.25,1.986,6.264
BOAC,2025,0,35,2026-04-15,2026-05-20,12.8768,1.986,10.8908
BOAM,2023,0,35,2024-04-23,2024-05-28,23.5597,1.4223,22.1374
BOAM,2024,0,35,2025-04-10,2025-05-15,6.0,1.4223,4.5777
BOAM,2025,0,35,2026-04-14,2026-05-19,2.4017,1.4223,0.9794
BOAN,2021,0,35,2022-03-30,2022-05-04,5.7619,0.5036,5.2583
BOAN,2022,0,35,2023-03-30,2023-05-04,-1.6393,0.5036,-2.1429
BOAN,2023,0,35,2024-04-04,2024-05-09,-1.6667,0.5036,-2.1703
BOAS,2021,0,35,2022-04-15,2022-05-20,1.429,1.8375,-0.4085
BOAS,2022,0,35,2023-03-31,2023-05-05,13.8957,1.8375,12.0582
BOAS,2023,0,35,2024-04-18,2024-05-23,7.972,1.8375,6.1345
BOAS,2024,0,35,2025-04-08,2025-05-13,-1.8692,1.8375,-3.7067
BOAS,2025,0,35,2026-04-30,2026-06-04,12.8571,1.8375,11.0196
CABC,2021,0,35,2022-04-07,2022-05-12,5.9091,0.067,5.8421
CABC,2025,0,35,2026-04-27,2026-06-01,1.445,0.067,1.378
CBIBF,2021,0,35,2022-04-07,2022-05-12,-2.0419,1.8668,-3.9087
CBIBF,2022,0,35,2023-04-17,2023-05-22,0.0626,1.8668,-1.8042
CBIBF,2023,0,35,2024-04-12,2024-05-17,9.3923,1.8668,7.5255
CBIBF,2024,0,35,2025-04-29,2025-06-03,7.0918,1.8668,5.225
CBIBF,2025,0,35,2026-04-16,2026-05-21,30.5732,1.8668,28.7064
CFAC,2021,0,35,2022-06-21,2022-07-26,0.578,1.2057,-0.6277
CFAC,2022,0,35,2023-06-27,2023-08-01,8.0745,1.2057,6.8688
CFAC,2023,0,35,2024-06-27,2024-08-01,0.0,1.2057,-1.2057
CIEC,2021,0,35,2022-06-20,2022-07-25,1.617,3.8124,-2.1954
CIEC,2022,0,35,2023-06-20,2023-07-25,7.6923,3.8124,3.8799
CIEC,2023,0,35,2024-06-26,2024-07-31,1.3793,3.8124,-2.4331
CIEC,2025,0,35,2026-06-24,2026-07-29,10.7908,3.8124,6.9784
ECOC,2021,0,35,2022-04-05,2022-05-10,0.98,2.1845,-1.2045
ECOC,2022,0,35,2023-04-26,2023-05-31,9.0892,2.1845,6.9047
ECOC,2023,0,35,2024-04-25,2024-05-30,16.058,2.1845,13.8735
ECOC,2024,0,35,2025-04-29,2025-06-03,10.8797,2.1845,8.6952
ECOC,2025,0,35,2026-04-24,2026-05-29,7.425,2.1845,5.2405
FTSC,2023,0,35,2024-06-20,2024-07-25,4.9056,2.6381,2.2675
NSBC,2022,0,35,2023-05-19,2023-06-23,2.9412,1.9883,0.9529
NSBC,2023,0,35,2024-05-23,2024-06-27,8.5345,1.9883,6.5462
NSBC,2024,0,35,2025-05-26,2025-06-30,18.9284,1.9883,16.9401
NTLC,2021,0,35,2022-05-20,2022-06-24,2.8571,4.6657,-1.8086
NTLC,2022,0,35,2023-05-12,2023-06-16,-2.0292,4.6657,-6.6949
NTLC,2023,0,35,2024-06-11,2024-07-16,0.0667,4.6657,-4.599
NTLC,2024,0,35,2025-06-12,2025-07-17,3.5088,4.6657,-1.1569
ONTBF,2021,0,35,2022-05-12,2022-06-16,10.0125,0.9866,9.0259
ONTBF,2022,0,35,2023-05-09,2023-06-13,-5.2533,0.9866,-6.2399
ONTBF,2023,0,35,2024-06-24,2024-07-29,16.5723,0.9866,15.5857
ONTBF,2024,0,35,2025-05-28,2025-07-02,0.7229,0.9866,-0.2637
ONTBF,2025,0,35,2026-04-29,2026-06-03,7.4074,0.9866,6.4208
ORAC,2022,0,35,2023-04-13,2023-05-18,3.2609,2.4048,0.8561
ORAC,2023,0,35,2024-04-16,2024-05-21,5.53,2.4048,3.1252
ORAC,2024,0,35,2025-04-10,2025-05-15,1.9737,2.4048,-0.4311
ORAC,2025,0,35,2026-05-18,2026-06-22,15.4785,2.4048,13.0737
PRSC,2021,0,35,2022-06-30,2022-08-04,5.9238,-2.7178,8.6416
PRSC,2022,0,35,2023-06-26,2023-07-31,7.2664,-2.7178,9.9842
SHEC,2021,0,35,2022-09-22,2022-10-27,3.7288,-1.0903,4.8191
SHEC,2022,0,35,2023-11-21,2023-12-26,-2.1557,-1.0903,-1.0654
SLBC,2023,0,35,2024-05-31,2024-07-05,0.0,1.5567,-1.5567
SLBC,2024,0,35,2025-05-21,2025-06-25,4.6512,1.5567,3.0945
SMBC,2021,0,35,2022-06-21,2022-07-26,0.4895,1.7381,-1.2486
SMBC,2023,0,35,2024-06-14,2024-07-19,8.8983,1.7381,7.1602
SNTS,2021,0,35,2022-04-28,2022-06-02,1.4766,0.3018,1.1748
SNTS,2022,0,35,2023-04-18,2023-05-23,4.2722,0.3018,3.9704
SNTS,2025,0,35,2026-04-16,2026-05-21,1.2281,0.3018,0.9263
SOGC,2021,0,35,2022-06-15,2022-07-20,5.4462,7.4245,-1.9783
SOGC,2022,0,35,2023-06-13,2023-07-18,-9.0309,7.4245,-16.4554
SOGC,2023,0,35,2024-05-24,2024-06-28,18.442,7.4245,11.0175
SOGC,2024,0,35,2025-05-20,2025-06-24,20.9735,7.4245,13.549
SPHC,2021,0,35,2022-06-13,2022-07-18,4.1667,2.2796,1.8871
SPHC,2022,0,35,2023-06-12,2023-07-17,-7.6923,2.2796,-9.9719
SPHC,2023,0,35,2024-06-04,2024-07-09,25.4737,2.2796,23.1941
SPHC,2024,0,35,2025-04-08,2025-05-13,31.8436,2.2796,29.564
STBC,2021,0,35,2022-06-28,2022-08-02,9.0678,2.8862,6.1816
STBC,2022,0,35,2023-06-30,2023-08-04,13.3491,2.8862,10.4629
STBC,2023,0,35,2024-06-21,2024-07-26,26.7857,2.8862,23.8995
STBC,2024,0,35,2025-07-30,2025-09-03,5.6769,2.8862,2.7907
TTLC,2021,0,35,2022-06-16,2022-07-21,-7.173,0.6819,-7.8549
TTLC,2022,0,35,2023-06-15,2023-07-20,3.7296,0.6819,3.0477
TTLC,2023,0,35,2024-06-21,2024-07-26,4.0573,0.6819,3.3754
TTLC,2024,0,35,2025-06-19,2025-07-24,-2.9126,0.6819,-3.5945
BOAB,2021,0,47,2022-04-13,2022-05-30,-3.9939,1.7304,-5.7243
BOAB,2022,0,47,2023-04-14,2023-05-31,3.5674,1.7304,1.837
BOAB,2023,0,47,2024-04-12,2024-05-29,12.9799,1.7304,11.2495
BOAB,2024,0,47,2025-04-02,2025-05-19,-1.1677,1.7304,-2.8981
BOAB,2025,0,47,2026-04-30,2026-06-16,4.548,1.7304,2.8176
BOABF,2021,0,47,2022-03-29,2022-05-15,-1.0164,2.0243,-3.0407
BOABF,2022,0,47,2023-03-30,2023-05-16,5.9631,2.0243,3.9388
BOABF,2023,0,47,2024-03-28,2024-05-14,1.4825,2.0243,-0.5418
BOABF,2024,0,47,2025-03-17,2025-05-03,-16.3109,2.0243,-18.3352
BOABF,2025,0,47,2026-03-23,2026-05-09,7.4513,2.0243,5.427
BOAC,2021,0,47,2022-03-31,2022-05-17,1.7609,2.5421,-0.7812
BOAC,2022,0,47,2023-03-29,2023-05-15,8.3056,2.5421,5.7635
BOAC,2023,0,47,2024-03-28,2024-05-14,7.1252,2.5421,4.5831
BOAC,2024,0,47,2025-04-16,2025-06-02,9.0833,2.5421,6.5412
BOAC,2025,0,47,2026-04-15,2026-06-01,11.7004,2.5421,9.1583
BOAM,2023,0,47,2024-04-23,2024-06-09,21.3928,1.8976,19.4952
BOAM,2024,0,47,2025-04-10,2025-05-27,16.0,1.8976,14.1024
BOAM,2025,0,47,2026-04-14,2026-05-31,13.5371,1.8976,11.6395
BOAN,2021,0,47,2022-03-30,2022-05-16,13.2372,0.5685,12.6687
BOAN,2022,0,47,2023-03-30,2023-05-16,0.0,0.5685,-0.5685
BOAN,2023,0,47,2024-04-04,2024-05-21,-4.6667,0.5685,-5.2352
BOAS,2021,0,47,2022-04-15,2022-06-01,8.4698,2.6304,5.8394
BOAS,2022,0,47,2023-03-31,2023-05-17,19.5902,2.6304,16.9598
BOAS,2023,0,47,2024-04-18,2024-06-04,10.6297,2.6304,7.9993
BOAS,2024,0,47,2025-04-08,2025-05-25,-0.7009,2.6304,-3.3313
BOAS,2025,0,47,2026-04-30,2026-06-16,10.7143,2.6304,8.0839
CABC,2021,0,47,2022-04-07,2022-05-24,-0.4545,0.0219,-0.4764
CABC,2025,0,47,2026-04-27,2026-06-13,15.3339,0.0219,15.312
CBIBF,2021,0,47,2022-04-07,2022-05-24,-3.0117,2.3067,-5.3184
CBIBF,2022,0,47,2023-04-17,2023-06-03,-2.3154,2.3067,-4.6221
CBIBF,2023,0,47,2024-04-12,2024-05-29,15.4696,2.3067,13.1629
CBIBF,2024,0,47,2025-04-29,2025-06-15,2.0918,2.3067,-0.2149
CBIBF,2025,0,47,2026-04-16,2026-06-02,37.3248,2.3067,35.0181
CFAC,2021,0,47,2022-06-21,2022-08-07,-0.6936,1.8364,-2.53
CFAC,2022,0,47,2023-06-27,2023-08-13,14.2857,1.8364,12.4493
CFAC,2023,0,47,2024-06-27,2024-08-13,0.0,1.8364,-1.8364
CIEC,2021,0,47,2022-06-20,2022-08-06,0.5532,4.994,-4.4408
CIEC,2022,0,47,2023-06-20,2023-08-06,11.1058,4.994,6.1118
CIEC,2023,0,47,2024-06-26,2024-08-12,5.8128,4.994,0.8188
ECOC,2021,0,47,2022-04-05,2022-05-22,-3.02,2.8985,-5.9185
ECOC,2022,0,47,2023-04-26,2023-06-12,9.1822,2.8985,6.2837
ECOC,2023,0,47,2024-04-25,2024-06-11,14.3188,2.8985,11.4203
ECOC,2024,0,47,2025-04-29,2025-06-15,19.1203,2.8985,16.2218
ECOC,2025,0,47,2026-04-24,2026-06-10,10.55,2.8985,7.6515
FTSC,2023,0,47,2024-06-20,2024-08-06,12.4528,3.0058,9.447
NSBC,2022,0,47,2023-05-19,2023-07-05,16.5686,2.6643,13.9043
NSBC,2023,0,47,2024-05-23,2024-07-09,18.3793,2.6643,15.715
NSBC,2024,0,47,2025-05-26,2025-07-12,19.1147,2.6643,16.4504
NTLC,2021,0,47,2022-05-20,2022-07-06,1.4286,6.5193,-5.0907
NTLC,2022,0,47,2023-05-12,2023-06-28,-3.1072,6.5193,-9.6265
NTLC,2023,0,47,2024-06-11,2024-07-28,3.8025,6.5193,-2.7168
NTLC,2024,0,47,2025-06-12,2025-07-29,4.8684,6.5193,-1.6509
ONTBF,2021,0,47,2022-05-12,2022-06-28,8.761,1.201,7.56
ONTBF,2022,0,47,2023-05-09,2023-06-25,12.2264,1.201,11.0254
ONTBF,2023,0,47,2024-06-24,2024-08-10,23.263,1.201,22.062
ONTBF,2024,0,47,2025-05-28,2025-07-14,0.8233,1.201,-0.3777
ONTBF,2025,0,47,2026-04-29,2026-06-15,9.6415,1.201,8.4405
ORAC,2022,0,47,2023-04-13,2023-05-30,3.2609,2.8375,0.4234
ORAC,2023,0,47,2024-04-16,2024-06-02,12.0276,2.8375,9.1901
ORAC,2024,0,47,2025-04-10,2025-05-27,3.9145,2.8375,1.077
ORAC,2025,0,47,2026-05-18,2026-07-04,16.8317,2.8375,13.9942
PRSC,2021,0,47,2022-06-30,2022-08-16,-1.2694,-3.7574,2.488
PRSC,2022,0,47,2023-06-26,2023-08-12,6.2284,-3.7574,9.9858
SHEC,2021,0,47,2022-09-22,2022-11-08,0.904,-1.8466,2.7506
SHEC,2022,0,47,2023-11-21,2024-01-07,0.8383,-1.8466,2.6849
SLBC,2023,0,47,2024-05-31,2024-07-17,0.0,2.1683,-2.1683
SLBC,2024,0,47,2025-05-21,2025-07-07,12.2965,2.1683,10.1282
SMBC,2021,0,47,2022-06-21,2022-08-07,-4.7552,2.4882,-7.2434
SMBC,2023,0,47,2024-06-14,2024-07-31,9.7458,2.4882,7.2576
SNTS,2021,0,47,2022-04-28,2022-06-14,1.7908,0.2867,1.5041
SNTS,2022,0,47,2023-04-18,2023-06-04,4.8418,0.2867,4.5551
SNTS,2025,0,47,2026-04-16,2026-06-02,5.7544,0.2867,5.4677
SOGC,2021,0,47,2022-06-15,2022-08-01,0.8308,8.7497,-7.9189
SOGC,2022,0,47,2023-06-13,2023-07-30,-15.4227,8.7497,-24.1724
SOGC,2023,0,47,2024-05-24,2024-07-10,23.2114,8.7497,14.4617
SOGC,2024,0,47,2025-05-20,2025-07-06,15.8196,8.7497,7.0699
SPHC,2021,0,47,2022-06-13,2022-07-30,4.0833,3.0007,1.0826
SPHC,2022,0,47,2023-06-12,2023-07-29,-7.6923,3.0007,-10.693
SPHC,2023,0,47,2024-06-04,2024-07-21,26.1053,3.0007,23.1046
SPHC,2024,0,47,2025-04-08,2025-05-25,32.067,3.0007,29.0663
STBC,2021,0,47,2022-06-28,2022-08-14,5.9322,8.7755,-2.8433
STBC,2022,0,47,2023-06-30,2023-08-16,3.5545,8.7755,-5.221
STBC,2023,0,47,2024-06-21,2024-08-07,25.5,8.7755,16.7245
STBC,2024,0,47,2025-07-30,2025-09-15,7.4718,8.7755,-1.3037
TTLC,2021,0,47,2022-06-16,2022-08-02,-5.6962,0.9743,-6.6705
TTLC,2022,0,47,2023-06-15,2023-08-01,10.4895,0.9743,9.5152
TTLC,2023,0,47,2024-06-21,2024-08-07,13.8425,0.9743,12.8682
TTLC,2024,0,47,2025-06-19,2025-08-05,0.7767,0.9743,-0.1976
BOAB,2021,0,70,2022-04-13,2022-06-22,0.5446,3.1043,-2.5597
BOAB,2022,0,70,2023-04-14,2023-06-23,7.4415,3.1043,4.3372
BOAB,2023,0,70,2024-04-12,2024-06-21,7.6074,3.1043,4.5031
BOAB,2024,0,70,2025-04-02,2025-06-11,9.448,3.1043,6.3437
BOAB,2025,0,70,2026-04-30,2026-07-09,5.3902,3.1043,2.2859
BOABF,2021,0,70,2022-03-29,2022-06-07,-3.3115,2.8858,-6.1973
BOABF,2022,0,70,2023-03-30,2023-06-08,10.8883,2.8858,8.0025
BOABF,2023,0,70,2024-03-28,2024-06-06,3.6503,2.8858,0.7645
BOABF,2024,0,70,2025-03-17,2025-05-26,-9.5824,2.8858,-12.4682
BOABF,2025,0,70,2026-03-23,2026-06-01,10.9731,2.8858,8.0873
BOAC,2021,0,70,2022-03-31,2022-06-09,3.6145,3.9968,-0.3823
BOAC,2022,0,70,2023-03-29,2023-06-07,12.3213,3.9968,8.3245
BOAC,2023,0,70,2024-03-28,2024-06-06,9.0509,3.9968,5.0541
BOAC,2024,0,70,2025-04-16,2025-06-25,11.9167,3.9968,7.9199
BOAC,2025,0,70,2026-04-15,2026-06-24,15.818,3.9968,11.8212
BOAM,2023,0,70,2024-04-23,2024-07-02,19.2259,2.7179,16.508
BOAM,2024,0,70,2025-04-10,2025-06-19,35.0,2.7179,32.2821
BOAM,2025,0,70,2026-04-14,2026-06-23,3.8218,2.7179,1.1039
BOAN,2021,0,70,2022-03-30,2022-06-08,2.9263,0.6281,2.2982
BOAN,2022,0,70,2023-03-30,2023-06-08,3.4361,0.6281,2.808
BOAN,2023,0,70,2024-04-04,2024-06-13,-5.6768,0.6281,-6.3049
BOAS,2021,0,70,2022-04-15,2022-06-24,4.388,4.2788,0.1092
BOAS,2022,0,70,2023-03-31,2023-06-09,31.891,4.2788,27.6122
BOAS,2023,0,70,2024-04-18,2024-06-27,22.3779,4.2788,18.0991
BOAS,2024,0,70,2025-04-08,2025-06-17,7.3598,4.2788,3.081
BOAS,2025,0,70,2026-04-30,2026-07-09,10.7143,4.2788,6.4355
CABC,2021,0,70,2022-04-07,2022-06-16,-1.8182,0.2909,-2.1091
CABC,2025,0,70,2026-04-27,2026-07-06,29.0839,0.2909,28.793
CBIBF,2021,0,70,2022-04-07,2022-06-16,-6.3298,3.283,-9.6128
CBIBF,2022,0,70,2023-04-17,2023-06-26,0.0626,3.283,-3.2204
CBIBF,2023,0,70,2024-04-12,2024-06-21,14.9171,3.283,11.6341
CBIBF,2024,0,70,2025-04-29,2025-07-08,10.2041,3.283,6.9211
CBIBF,2025,0,70,2026-04-16,2026-06-25,44.4904,3.283,41.2074
CFAC,2021,0,70,2022-06-21,2022-08-30,1.6185,3.3043,-1.6858
CFAC,2022,0,70,2023-06-27,2023-09-05,13.0435,3.3043,9.7392
CFAC,2023,0,70,2024-06-27,2024-09-05,2.5373,3.3043,-0.767
CIEC,2021,0,70,2022-06-20,2022-08-29,0.3404,9.2581,-8.9177
CIEC,2022,0,70,2023-06-20,2023-08-29,3.8942,9.2581,-5.3639
CIEC,2023,0,70,2024-06-26,2024-09-04,9.7537,9.2581,0.4956
ECOC,2021,0,70,2022-04-05,2022-06-14,0.58,4.3862,-3.8062
ECOC,2022,0,70,2023-04-26,2023-07-05,15.0372,4.3862,10.651
ECOC,2023,0,70,2024-04-25,2024-07-04,11.6377,4.3862,7.2515
ECOC,2024,0,70,2025-04-29,2025-07-08,21.1426,4.3862,16.7564
ECOC,2025,0,70,2026-04-24,2026-07-03,8.675,4.3862,4.2888
FTSC,2023,0,70,2024-06-20,2024-08-29,9.0569,5.4106,3.6463
NSBC,2022,0,70,2023-05-19,2023-07-28,20.3922,4.2227,16.1695
NSBC,2023,0,70,2024-05-23,2024-08-01,14.931,4.2227,10.7083
NSBC,2024,0,70,2025-05-26,2025-08-04,20.629,4.2227,16.4063
NTLC,2021,0,70,2022-05-20,2022-07-29,9.5429,10.0991,-0.5562
NTLC,2022,0,70,2023-05-12,2023-07-21,5.8973,10.0991,-4.2018
NTLC,2023,0,70,2024-06-11,2024-08-20,5.3636,10.0991,-4.7355
NTLC,2024,0,70,2025-06-12,2025-08-21,11.1404,10.0991,1.0413
ONTBF,2021,0,70,2022-05-12,2022-07-21,8.761,1.5472,7.2138
ONTBF,2022,0,70,2023-05-09,2023-07-18,14.7592,1.5472,13.212
ONTBF,2023,0,70,2024-06-24,2024-09-02,26.7627,1.5472,25.2155
ONTBF,2024,0,70,2025-05-28,2025-08-06,6.2249,1.5472,4.6777
ONTBF,2025,0,70,2026-04-29,2026-07-08,10.0119,1.5472,8.4647
ORAC,2022,0,70,2023-04-13,2023-06-22,11.7391,4.2754,7.4637
ORAC,2023,0,70,2024-04-16,2024-06-25,16.682,4.2754,12.4066
ORAC,2024,0,70,2025-04-10,2025-06-19,5.9474,4.2754,1.672
ORAC,2025,0,70,2026-05-18,2026-07-27,15.6766,4.2754,11.4012
PRSC,2021,0,70,2022-06-30,2022-09-08,6.4598,-5.1552,11.615
PRSC,2022,0,70,2023-06-26,2023-09-04,15.2249,-5.1552,20.3801
SHEC,2021,0,70,2022-09-22,2022-12-01,-7.5706,-2.5041,-5.0665
SHEC,2022,0,70,2023-11-21,2024-01-30,2.0359,-2.5041,4.54
SLBC,2023,0,70,2024-05-31,2024-08-09,0.0,3.432,-3.432
SLBC,2024,0,70,2025-05-21,2025-07-30,21.3488,3.432,17.9168
SMBC,2021,0,70,2022-06-21,2022-08-30,-3.0769,3.9412,-7.0181
SMBC,2023,0,70,2024-06-14,2024-08-23,14.4068,3.9412,10.4656
SNTS,2021,0,70,2022-04-28,2022-07-07,-0.1257,0.0931,-0.2188
SNTS,2022,0,70,2023-04-18,2023-06-27,7.4051,0.0931,7.312
SNTS,2025,0,70,2026-04-16,2026-06-25,6.1579,0.0931,6.0648
SOGC,2021,0,70,2022-06-15,2022-08-24,-0.2462,15.7888,-16.035
SOGC,2022,0,70,2023-06-13,2023-08-22,-13.3608,15.7888,-29.1496
SOGC,2023,0,70,2024-05-24,2024-08-02,39.2051,15.7888,23.4163
SOGC,2024,0,70,2025-05-20,2025-07-29,12.3407,15.7888,-3.4481
SPHC,2021,0,70,2022-06-13,2022-08-22,2.8167,4.8221,-2.0054
SPHC,2022,0,70,2023-06-12,2023-08-21,-4.7692,4.8221,-9.5913
SPHC,2023,0,70,2024-06-04,2024-08-13,39.7474,4.8221,34.9253
SPHC,2024,0,70,2025-04-08,2025-06-17,47.486,4.8221,42.6639
STBC,2021,0,70,2022-06-28,2022-09-06,-4.4915,11.6388,-16.1303
STBC,2022,0,70,2023-06-30,2023-09-08,5.4502,11.6388,-6.1886
STBC,2023,0,70,2024-06-21,2024-08-30,29.8571,11.6388,18.2183
STBC,2024,0,70,2025-07-30,2025-10-08,8.6513,11.6388,-2.9875
TTLC,2021,0,70,2022-06-16,2022-08-25,0.2532,1.2004,-0.9472
TTLC,2022,0,70,2023-06-15,2023-08-24,0.0,1.2004,-1.2004
TTLC,2023,0,70,2024-06-21,2024-08-30,16.9451,1.2004,15.7447
TTLC,2024,0,70,2025-06-19,2025-08-28,-1.3592,1.2004,-2.5596
BOAB,2021,5,35,2022-04-18,2022-05-23,4.9394,1.1987,3.7407
BOAB,2022,5,35,2023-04-19,2023-05-24,4.1324,1.1987,2.9337
BOAB,2023,5,35,2024-04-17,2024-05-22,0.5517,1.1987,-0.647
BOAB,2024,5,35,2025-04-07,2025-05-12,0.3188,1.1987,-0.8799
BOAB,2025,5,35,2026-05-05,2026-06-09,0.3784,1.1987,-0.8203
BOABF,2021,5,35,2022-04-03,2022-05-08,0.8,1.5779,-0.7779
BOABF,2022,5,35,2023-04-04,2023-05-09,12.125,1.5779,10.5471
BOABF,2023,5,35,2024-04-02,2024-05-07,4.8732,1.5779,3.2953
BOABF,2024,5,35,2025-03-22,2025-04-26,-6.1163,1.5779,-7.6942
BOABF,2025,5,35,2026-03-28,2026-05-02,9.7459,1.5779,8.168
BOAC,2021,5,35,2022-04-05,2022-05-10,-2.807,1.986,-4.793
BOAC,2022,5,35,2023-04-03,2023-05-08,7.5294,1.986,5.5434
BOAC,2023,5,35,2024-04-02,2024-05-07,5.2828,1.986,3.2968
BOAC,2024,5,35,2025-04-21,2025-05-26,9.2654,1.986,7.2794
BOAC,2025,5,35,2026-04-20,2026-05-25,10.0527,1.986,8.0667
BOAM,2023,5,35,2024-04-28,2024-06-02,22.562,1.4223,21.1397
BOAM,2024,5,35,2025-04-15,2025-05-20,4.2831,1.4223,2.8608
BOAM,2025,5,35,2026-04-19,2026-05-24,6.1702,1.4223,4.7479
BOAN,2021,5,35,2022-04-04,2022-05-09,5.7619,0.5036,5.2583
BOAN,2022,5,35,2023-04-04,2023-05-09,-1.5588,0.5036,-2.0624
BOAN,2023,5,35,2024-04-09,2024-05-14,-2.8007,0.5036,-3.3043
BOAS,2021,5,35,2022-04-20,2022-05-25,2.4742,1.8375,0.6367
BOAS,2022,5,35,2023-04-05,2023-05-10,12.6434,1.8375,10.8059
BOAS,2023,5,35,2024-04-23,2024-05-28,7.0833,1.8375,5.2458
BOAS,2024,5,35,2025-04-13,2025-05-18,3.5366,1.8375,1.6991
BOAS,2025,5,35,2026-05-05,2026-06-09,9.3426,1.8375,7.5051
CABC,2021,5,35,2022-04-12,2022-05-17,0.8621,0.067,0.7951
CABC,2025,5,35,2026-05-02,2026-06-06,14.6394,0.067,14.5724
CBIBF,2021,5,35,2022-04-12,2022-05-17,-1.641,1.8668,-3.5078
CBIBF,2022,5,35,2023-04-22,2023-05-27,-0.9404,1.8668,-2.8072
CBIBF,2023,5,35,2024-04-17,2024-05-22,6.4013,1.8668,4.5345
CBIBF,2024,5,35,2025-05-04,2025-06-08,3.0928,1.8668,1.226
CBIBF,2025,5,35,2026-04-21,2026-05-26,27.7679,1.8668,25.9011
CFAC,2021,5,35,2022-06-26,2022-07-31,0.4571,1.2057,-0.7486
CFAC,2022,5,35,2023-07-02,2023-08-06,14.8148,1.2057,13.6091
CFAC,2023,5,35,2024-07-02,2024-08-06,-2.9197,1.2057,-4.1254
CIEC,2021,5,35,2022-06-25,2022-07-30,6.8696,3.8124,3.0572
CIEC,2022,5,35,2023-06-25,2023-07-30,19.05,3.8124,15.2376
CIEC,2023,5,35,2024-07-01,2024-08-05,5.4135,3.8124,1.6011
ECOC,2021,5,35,2022-04-10,2022-05-15,-3.885,2.1845,-6.0695
ECOC,2022,5,35,2023-05-01,2023-06-05,5.4413,2.1845,3.2568
ECOC,2023,5,35,2024-04-30,2024-06-04,16.1421,2.1845,13.9576
ECOC,2024,5,35,2025-05-04,2025-06-08,11.4822,2.1845,9.2977
ECOC,2025,5,35,2026-04-29,2026-06-03,5.1411,2.1845,2.9566
FTSC,2023,5,35,2024-06-25,2024-07-30,3.7038,2.6381,1.0657
NSBC,2022,5,35,2023-05-24,2023-06-28,1.9417,1.9883,-0.0466
NSBC,2023,5,35,2024-05-28,2024-07-02,5.0,1.9883,3.0117
NSBC,2024,5,35,2025-05-31,2025-07-05,17.9191,1.9883,15.9308
NTLC,2021,5,35,2022-05-25,2022-06-29,0.0,4.6657,-4.6657
NTLC,2022,5,35,2023-05-17,2023-06-21,-1.0968,4.6657,-5.7625
NTLC,2023,5,35,2024-06-16,2024-07-21,0.0667,4.6657,-4.599
NTLC,2024,5,35,2025-06-17,2025-07-22,7.2727,4.6657,2.607
ONTBF,2021,5,35,2022-05-17,2022-06-21,16.5333,0.9866,15.5467
ONTBF,2022,5,35,2023-05-14,2023-06-18,-8.4571,0.9866,-9.4437
ONTBF,2023,5,35,2024-06-29,2024-08-03,16.3571,0.9866,15.3705
ONTBF,2024,5,35,2025-06-02,2025-07-07,2.0,0.9866,1.0134
ONTBF,2025,5,35,2026-05-04,2026-06-08,3.9356,0.9866,2.949
ORAC,2022,5,35,2023-04-18,2023-05-23,4.9724,2.4048,2.5676
ORAC,2023,5,35,2024-04-21,2024-05-26,5.9908,2.4048,3.586
ORAC,2024,5,35,2025-04-15,2025-05-20,6.2069,2.4048,3.8021
ORAC,2025,5,35,2026-05-23,2026-06-27,12.5402,2.4048,10.1354
PRSC,2021,5,35,2022-07-05,2022-08-09,0.0,-2.7178,2.7178
PRSC,2022,5,35,2023-07-01,2023-08-05,-0.6452,-2.7178,2.0726
SHEC,2021,5,35,2022-09-27,2022-11-01,6.092,-1.0903,7.1823
SHEC,2022,5,35,2023-11-26,2023-12-31,2.0482,-1.0903,3.1385
SLBC,2023,5,35,2024-06-05,2024-07-10,0.0,1.5567,-1.5567
SLBC,2024,5,35,2025-05-26,2025-06-30,6.7937,1.5567,5.237
SMBC,2021,5,35,2022-06-26,2022-07-31,-1.3986,1.7381,-3.1367
SMBC,2023,5,35,2024-06-19,2024-07-24,6.1983,1.7381,4.4602
SNTS,2021,5,35,2022-05-03,2022-06-07,0.9721,0.3018,0.6703
SNTS,2022,5,35,2023-04-23,2023-05-28,4.2453,0.3018,3.9435
SNTS,2025,5,35,2026-04-21,2026-05-26,6.3028,0.3018,6.001
SOGC,2021,5,35,2022-06-20,2022-07-25,0.0611,7.4245,-7.3634
SOGC,2022,5,35,2023-06-18,2023-07-23,-8.8613,7.4245,-16.2858
SOGC,2023,5,35,2024-05-29,2024-07-03,17.8344,7.4245,10.4099
SOGC,2024,5,35,2025-05-25,2025-06-29,19.5652,7.4245,12.1407
SPHC,2021,5,35,2022-06-18,2022-07-23,-2.3622,2.2796,-4.6418
SPHC,2022,5,35,2023-06-17,2023-07-22,-7.0866,2.2796,-9.3662
SPHC,2023,5,35,2024-06-09,2024-07-14,23.4568,2.2796,21.1772
SPHC,2024,5,35,2025-04-13,2025-05-18,43.7863,2.2796,41.5067
STBC,2021,5,35,2022-07-03,2022-08-07,2.6506,2.8862,-0.2356
STBC,2022,5,35,2023-07-05,2023-08-09,11.7694,2.8862,8.8832
STBC,2023,5,35,2024-06-26,2024-07-31,23.1944,2.8862,20.3082
STBC,2024,5,35,2025-08-04,2025-09-08,5.6776,2.8862,2.7914
TTLC,2021,5,35,2022-06-21,2022-07-26,0.0,0.6819,-0.6819
TTLC,2022,5,35,2023-06-20,2023-07-25,4.4289,0.6819,3.747
TTLC,2023,5,35,2024-06-26,2024-07-31,3.5461,0.6819,2.8642
TTLC,2024,5,35,2025-06-24,2025-07-29,-3.2882,0.6819,-3.9701
BOAB,2021,5,47,2022-04-18,2022-06-04,-1.1212,1.7304,-2.8516
BOAB,2022,5,47,2023-04-19,2023-06-05,3.2446,1.7304,1.5142
BOAB,2023,5,47,2024-04-17,2024-06-03,7.1172,1.7304,5.3868
BOAB,2024,5,47,2025-04-07,2025-05-24,2.9756,1.7304,1.2452
BOAB,2025,5,47,2026-05-05,2026-06-21,2.0,1.7304,0.2696
BOABF,2021,5,47,2022-04-03,2022-05-20,-1.5333,2.0243,-3.5576
BOABF,2022,5,47,2023-04-04,2023-05-21,7.5714,2.0243,5.5471
BOABF,2023,5,47,2024-04-02,2024-05-19,1.8451,2.0243,-0.1792
BOABF,2024,5,47,2025-03-22,2025-05-08,-15.7674,2.0243,-17.7917
BOABF,2025,5,47,2026-03-28,2026-05-14,5.2995,2.0243,3.2752
BOAC,2021,5,47,2022-04-05,2022-05-22,-4.1228,2.5421,-6.6649
BOAC,2022,5,47,2023-04-03,2023-05-20,9.4902,2.5421,6.9481
BOAC,2023,5,47,2024-04-02,2024-05-19,9.1448,2.5421,6.6027
BOAC,2024,5,47,2025-04-21,2025-06-07,6.7613,2.5421,4.2192
BOAC,2025,5,47,2026-04-20,2026-06-06,10.169,2.5421,7.6269
BOAM,2023,5,47,2024-04-28,2024-06-14,17.6231,1.8976,15.7255
BOAM,2024,5,47,2025-04-15,2025-06-01,9.4972,1.8976,7.5996
BOAM,2025,5,47,2026-04-19,2026-06-05,6.2774,1.8976,4.3798
BOAN,2021,5,47,2022-04-04,2022-05-21,1.0311,0.5685,0.4626
BOAN,2022,5,47,2023-04-04,2023-05-21,-0.7384,0.5685,-1.3069
BOAN,2023,5,47,2024-04-09,2024-05-26,-2.8829,0.5685,-3.4514
BOAS,2021,5,47,2022-04-20,2022-06-06,6.4948,2.6304,3.8644
BOAS,2022,5,47,2023-04-05,2023-05-22,22.069,2.6304,19.4386
BOAS,2023,5,47,2024-04-23,2024-06-09,10.5554,2.6304,7.925
BOAS,2024,5,47,2025-04-13,2025-05-30,7.3171,2.6304,4.6867
BOAS,2025,5,47,2026-05-05,2026-06-21,9.2734,2.6304,6.643
CABC,2021,5,47,2022-04-12,2022-05-29,-13.3621,0.0219,-13.384
CABC,2025,5,47,2026-05-02,2026-06-18,15.7506,0.0219,15.7287
CBIBF,2021,5,47,2022-04-12,2022-05-29,-0.5128,2.3067,-2.8195
CBIBF,2022,5,47,2023-04-22,2023-06-08,-0.9404,2.3067,-3.2471
CBIBF,2023,5,47,2024-04-17,2024-06-03,13.8246,2.3067,11.5179
CBIBF,2024,5,47,2025-05-04,2025-06-20,6.0825,2.3067,3.7758
CBIBF,2025,5,47,2026-04-21,2026-06-07,30.9524,2.3067,28.6457
CFAC,2021,5,47,2022-06-26,2022-08-12,0.4571,1.8364,-1.3793
CFAC,2022,5,47,2023-07-02,2023-08-18,17.284,1.8364,15.4476
CFAC,2023,5,47,2024-07-02,2024-08-18,-2.9197,1.8364,-4.7561
CIEC,2021,5,47,2022-06-25,2022-08-11,2.5217,4.994,-2.4723
CIEC,2022,5,47,2023-06-25,2023-08-11,11.05,4.994,6.056
CIEC,2023,5,47,2024-07-01,2024-08-17,7.9198,4.994,2.9258
ECOC,2021,5,47,2022-04-10,2022-05-27,-0.218,2.8985,-3.1165
ECOC,2022,5,47,2023-05-01,2023-06-17,6.3512,2.8985,3.4527
ECOC,2023,5,47,2024-04-30,2024-06-16,11.7912,2.8985,8.8927
ECOC,2024,5,47,2025-05-04,2025-06-20,24.6802,2.8985,21.7817
ECOC,2025,5,47,2026-04-29,2026-06-15,8.454,2.8985,5.5555
FTSC,2023,5,47,2024-06-25,2024-08-11,10.371,3.0058,7.3652
NSBC,2022,5,47,2023-05-24,2023-07-10,20.4854,2.6643,17.8211
NSBC,2023,5,47,2024-05-28,2024-07-14,11.1,2.6643,8.4357
NSBC,2024,5,47,2025-05-31,2025-07-17,22.2659,2.6643,19.6016
NTLC,2021,5,47,2022-05-25,2022-07-11,0.0,6.5193,-6.5193
NTLC,2022,5,47,2023-05-17,2023-07-03,-0.7097,6.5193,-7.229
NTLC,2023,5,47,2024-06-16,2024-08-02,3.936,6.5193,-2.5833
NTLC,2024,5,47,2025-06-17,2025-08-03,10.0,6.5193,3.4807
ONTBF,2021,5,47,2022-05-17,2022-07-03,15.5,1.201,14.299
ONTBF,2022,5,47,2023-05-14,2023-06-30,9.4877,1.201,8.2867
ONTBF,2023,5,47,2024-06-29,2024-08-15,23.581,1.201,22.38
ONTBF,2024,5,47,2025-06-02,2025-07-19,7.4,1.201,6.199
ONTBF,2025,5,47,2026-05-04,2026-06-20,1.8004,1.201,0.5994
ORAC,2022,5,47,2023-04-18,2023-06-04,5.5249,2.8375,2.6874
ORAC,2023,5,47,2024-04-21,2024-06-07,11.1521,2.8375,8.3146
ORAC,2024,5,47,2025-04-15,2025-06-01,8.8966,2.8375,6.0591
ORAC,2025,5,47,2026-05-23,2026-07-09,8.0386,2.8375,5.2011
PRSC,2021,5,47,2022-07-05,2022-08-21,-1.3333,-3.7574,2.4241
PRSC,2022,5,47,2023-07-01,2023-08-17,0.0,-3.7574,3.7574
SHEC,2021,5,47,2022-09-27,2022-11-13,-1.954,-1.8466,-0.1074
SHEC,2022,5,47,2023-11-26,2024-01-12,-2.1687,-1.8466,-0.3221
SLBC,2023,5,47,2024-06-05,2024-07-22,0.0,2.1683,-2.1683
SLBC,2024,5,47,2025-05-26,2025-07-12,16.0317,2.1683,13.8634
SMBC,2021,5,47,2022-06-26,2022-08-12,-2.3077,2.4882,-4.7959
SMBC,2023,5,47,2024-06-19,2024-08-05,6.6116,2.4882,4.1234
SNTS,2021,5,47,2022-05-03,2022-06-19,0.9721,0.2867,0.6854
SNTS,2022,5,47,2023-04-23,2023-06-09,6.761,0.2867,6.4743
SNTS,2025,5,47,2026-04-21,2026-06-07,6.4789,0.2867,6.1922
SOGC,2021,5,47,2022-06-20,2022-08-06,-0.626,8.7497,-9.3757
SOGC,2022,5,47,2023-06-18,2023-08-04,-17.0393,8.7497,-25.789
SOGC,2023,5,47,2024-05-29,2024-07-15,23.4076,8.7497,14.6579
SOGC,2024,5,47,2025-05-25,2025-07-11,10.971,8.7497,2.2213
SPHC,2021,5,47,2022-06-18,2022-08-04,-0.9606,3.0007,-3.9613
SPHC,2022,5,47,2023-06-17,2023-08-03,0.4724,3.0007,-2.5283
SPHC,2023,5,47,2024-06-09,2024-07-26,23.0453,3.0007,20.0446
SPHC,2024,5,47,2025-04-13,2025-05-30,43.9024,3.0007,40.9017
STBC,2021,5,47,2022-07-03,2022-08-19,0.241,8.7755,-8.5345
STBC,2022,5,47,2023-07-05,2023-08-21,7.8199,8.7755,-0.9556
STBC,2023,5,47,2024-06-26,2024-08-12,22.0139,8.7755,13.2384
STBC,2024,5,47,2025-08-04,2025-09-20,5.3249,8.7755,-3.4506
TTLC,2021,5,47,2022-06-21,2022-08-07,3.386,0.9743,2.4117
TTLC,2022,5,47,2023-06-20,2023-08-06,3.9627,0.9743,2.9884
TTLC,2023,5,47,2024-06-26,2024-08-12,14.6572,0.9743,13.6829
TTLC,2024,5,47,2025-06-24,2025-08-10,0.3868,0.9743,-0.5875
BOAB,2021,5,70,2022-04-18,2022-06-27,0.697,3.1043,-2.4073
BOAB,2022,5,70,2023-04-19,2023-06-28,7.2801,3.1043,4.1758
BOAB,2023,5,70,2024-04-17,2024-06-26,6.3586,3.1043,3.2543
BOAB,2024,5,70,2025-04-07,2025-06-16,8.7141,3.1043,5.6098
BOAB,2025,5,70,2026-05-05,2026-07-14,1.4595,3.1043,-1.6448
BOABF,2021,5,70,2022-04-03,2022-06-12,-1.7,2.8858,-4.5858
BOABF,2022,5,70,2023-04-04,2023-06-13,14.1786,2.8858,11.2928
BOABF,2023,5,70,2024-04-02,2024-06-11,3.5352,2.8858,0.6494
BOABF,2024,5,70,2025-03-22,2025-05-31,-6.5814,2.8858,-9.4672
BOABF,2025,5,70,2026-03-28,2026-06-06,8.657,2.8858,5.7712
BOAC,2021,5,70,2022-04-05,2022-06-14,0.7018,3.9968,-3.295
BOAC,2022,5,70,2023-04-03,2023-06-12,15.3725,3.9968,11.3757
BOAC,2023,5,70,2024-04-02,2024-06-11,9.9034,3.9968,5.9066
BOAC,2024,5,70,2025-04-21,2025-06-30,12.1035,3.9968,8.1067
BOAC,2025,5,70,2026-04-20,2026-06-29,12.2038,3.9968,8.207
BOAM,2023,5,70,2024-04-28,2024-07-07,20.7102,2.7179,17.9923
BOAM,2024,5,70,2025-04-15,2025-06-24,23.0912,2.7179,20.3733
BOAM,2025,5,70,2026-04-19,2026-06-28,9.7881,2.7179,7.0702
BOAN,2021,5,70,2022-04-04,2022-06-13,7.172,0.6281,6.5439
BOAN,2022,5,70,2023-04-04,2023-06-13,4.3411,0.6281,3.713
BOAN,2023,5,70,2024-04-09,2024-06-18,-6.4351,0.6281,-7.0632
BOAS,2021,5,70,2022-04-20,2022-06-29,6.7008,4.2788,2.422
BOAS,2022,5,70,2023-04-05,2023-06-14,37.931,4.2788,33.6522
BOAS,2023,5,70,2024-04-23,2024-07-02,21.5279,4.2788,17.2491
BOAS,2024,5,70,2025-04-13,2025-06-22,12.1951,4.2788,7.9163
BOAS,2025,5,70,2026-05-05,2026-07-14,7.2664,4.2788,2.9876
CABC,2021,5,70,2022-04-12,2022-06-21,-0.8621,0.2909,-1.153
CABC,2025,5,70,2026-05-02,2026-07-11,14.0839,0.2909,13.793
CBIBF,2021,5,70,2022-04-12,2022-06-21,-5.641,3.283,-8.924
CBIBF,2022,5,70,2023-04-22,2023-07-01,4.0752,3.283,0.7922
CBIBF,2023,5,70,2024-04-17,2024-06-26,12.426,3.283,9.143
CBIBF,2024,5,70,2025-05-04,2025-07-13,13.4021,3.283,10.1191
CBIBF,2025,5,70,2026-04-21,2026-06-30,37.4702,3.283,34.1872
CFAC,2021,5,70,2022-06-26,2022-09-04,0.4571,3.3043,-2.8472
CFAC,2022,5,70,2023-07-02,2023-09-10,14.1975,3.3043,10.8932
CFAC,2023,5,70,2024-07-02,2024-09-10,0.292,3.3043,-3.0123
CIEC,2021,5,70,2022-06-25,2022-09-03,-0.087,9.2581,-9.3451
CIEC,2022,5,70,2023-06-25,2023-09-03,8.55,9.2581,-0.7081
CIEC,2023,5,70,2024-07-01,2024-09-09,14.4361,9.2581,5.178
ECOC,2021,5,70,2022-04-10,2022-06-19,0.0793,4.3862,-4.3069
ECOC,2022,5,70,2023-05-01,2023-07-10,11.2648,4.3862,6.8786
ECOC,2023,5,70,2024-04-30,2024-07-09,10.3408,4.3862,5.9546
ECOC,2024,5,70,2025-05-04,2025-07-13,28.6396,4.3862,24.2534
ECOC,2025,5,70,2026-04-29,2026-07-08,7.5337,4.3862,3.1475
FTSC,2023,5,70,2024-06-25,2024-09-03,11.1113,5.4106,5.7007
NSBC,2022,5,70,2023-05-24,2023-08-02,19.4175,4.2227,15.1948
NSBC,2023,5,70,2024-05-28,2024-08-06,11.0167,4.2227,6.794
NSBC,2024,5,70,2025-05-31,2025-08-09,18.7977,4.2227,14.575
NTLC,2021,5,70,2022-05-25,2022-08-03,6.8286,10.0991,-3.2705
NTLC,2022,5,70,2023-05-17,2023-07-26,7.6129,10.0991,-2.4862
NTLC,2023,5,70,2024-06-16,2024-08-25,5.03,10.0991,-5.0691
NTLC,2024,5,70,2025-06-17,2025-08-26,17.0,10.0991,6.9009
ONTBF,2021,5,70,2022-05-17,2022-07-26,18.5333,1.5472,16.9861
ONTBF,2022,5,70,2023-05-14,2023-07-23,14.3377,1.5472,12.7905
ONTBF,2023,5,70,2024-06-29,2024-09-07,28.483,1.5472,26.9358
ONTBF,2024,5,70,2025-06-02,2025-08-11,5.4,1.5472,3.8528
ONTBF,2025,5,70,2026-05-04,2026-07-13,5.3782,1.5472,3.831
ORAC,2022,5,70,2023-04-18,2023-06-27,13.5912,4.2754,9.3158
ORAC,2023,5,70,2024-04-21,2024-06-30,14.8387,4.2754,10.5633
ORAC,2024,5,70,2025-04-15,2025-06-24,11.6828,4.2754,7.4074
ORAC,2025,5,70,2026-05-23,2026-08-01,12.701,4.2754,8.4256
PRSC,2021,5,70,2022-07-05,2022-09-13,4.64,-5.1552,9.7952
PRSC,2022,5,70,2023-07-01,2023-09-09,8.0645,-5.1552,13.2197
SHEC,2021,5,70,2022-09-27,2022-12-06,-13.4483,-2.5041,-10.9442
SHEC,2022,5,70,2023-11-26,2024-02-04,3.253,-2.5041,5.7571
SLBC,2023,5,70,2024-06-05,2024-08-14,0.0,3.432,-3.432
SLBC,2024,5,70,2025-05-26,2025-08-04,29.346,3.432,25.914
SMBC,2021,5,70,2022-06-26,2022-09-04,-0.4196,3.9412,-4.3608
SMBC,2023,5,70,2024-06-19,2024-08-28,12.5207,3.9412,8.5795
SNTS,2021,5,70,2022-05-03,2022-07-12,0.0314,0.0931,-0.0617
SNTS,2022,5,70,2023-04-23,2023-07-02,6.761,0.0931,6.6679
SNTS,2025,5,70,2026-04-21,2026-06-30,5.7746,0.0931,5.6815
SOGC,2021,5,70,2022-06-20,2022-08-29,-0.7023,15.7888,-16.4911
SOGC,2022,5,70,2023-06-18,2023-08-27,-13.2091,15.7888,-28.9979
SOGC,2023,5,70,2024-05-29,2024-08-07,41.0191,15.7888,25.2303
SOGC,2024,5,70,2025-05-25,2025-08-03,16.6957,15.7888,0.9069
SPHC,2021,5,70,2022-06-18,2022-08-27,-2.4567,4.8221,-7.2788
SPHC,2022,5,70,2023-06-17,2023-08-26,-3.937,4.8221,-8.7591
SPHC,2023,5,70,2024-06-09,2024-08-18,36.7901,4.8221,31.968
SPHC,2024,5,70,2025-04-13,2025-06-22,62.6016,4.8221,57.7795
STBC,2021,5,70,2022-07-03,2022-09-11,-11.004,11.6388,-22.6428
STBC,2022,5,70,2023-07-05,2023-09-13,5.3712,11.6388,-6.2676
STBC,2023,5,70,2024-06-26,2024-09-04,26.25,11.6388,14.6112
STBC,2024,5,70,2025-08-04,2025-10-13,8.5995,11.6388,-3.0393
TTLC,2021,5,70,2022-06-21,2022-08-30,8.3973,1.2004,7.1969
TTLC,2022,5,70,2023-06-20,2023-08-29,-0.6993,1.2004,-1.8997
TTLC,2023,5,70,2024-06-26,2024-09-04,22.9314,1.2004,21.731
TTLC,2024,5,70,2025-06-24,2025-09-02,-0.1934,1.2004,-1.3938
BOAB,2021,10,35,2022-04-23,2022-05-28,-5.076,1.1987,-6.2747
BOAB,2022,10,35,2023-04-24,2023-05-29,4.2131,1.1987,3.0144
BOAB,2023,10,35,2024-04-22,2024-05-27,10.9167,1.1987,9.718
BOAB,2024,10,35,2025-04-12,2025-05-17,1.065,1.1987,-0.1337
BOAB,2025,10,35,2026-05-10,2026-06-14,-0.3723,1.1987,-1.571
BOABF,2021,10,35,2022-04-08,2022-05-13,2.4258,1.5779,0.8479
BOABF,2022,10,35,2023-04-09,2023-05-14,10.0727,1.5779,8.4948
BOABF,2023,10,35,2024-04-07,2024-05-12,4.4886,1.5779,2.9107
BOABF,2024,10,35,2025-03-27,2025-05-01,-14.1882,1.5779,-15.7661
BOABF,2025,10,35,2026-04-02,2026-05-07,3.6071,1.5779,2.0292
BOAC,2021,10,35,2022-04-10,2022-05-15,2.5022,1.986,0.5162
BOAC,2022,10,35,2023-04-08,2023-05-13,5.9423,1.986,3.9563
BOAC,2023,10,35,2024-04-07,2024-05-12,4.869,1.986,2.883
BOAC,2024,10,35,2025-04-26,2025-05-31,7.3831,1.986,5.3971
BOAC,2025,10,35,2026-04-25,2026-05-30,9.762,1.986,7.776
BOAM,2023,10,35,2024-05-03,2024-06-07,14.6491,1.4223,13.2268
BOAM,2024,10,35,2025-04-20,2025-05-25,5.2142,1.4223,3.7919
BOAM,2025,10,35,2026-04-24,2026-05-29,8.6446,1.4223,7.2223
BOAN,2021,10,35,2022-04-09,2022-05-14,11.3778,0.5036,10.8742
BOAN,2022,10,35,2023-04-09,2023-05-14,0.0,0.5036,-0.5036
BOAN,2023,10,35,2024-04-14,2024-05-19,-5.1071,0.5036,-5.6107
BOAS,2021,10,35,2022-04-25,2022-05-30,3.8618,1.8375,2.0243
BOAS,2022,10,35,2023-04-10,2023-05-15,15.0438,1.8375,13.2063
BOAS,2023,10,35,2024-04-28,2024-06-02,6.8495,1.8375,5.012
BOAS,2024,10,35,2025-04-18,2025-05-23,0.9501,1.8375,-0.8874
BOAS,2025,10,35,2026-05-10,2026-06-14,5.2097,1.8375,3.3722
CABC,2021,10,35,2022-04-17,2022-05-22,-1.2712,0.067,-1.3382
CABC,2025,10,35,2026-05-07,2026-06-11,21.027,0.067,20.96
CBIBF,2021,10,35,2022-04-17,2022-05-22,-6.0266,1.8668,-7.8934
CBIBF,2022,10,35,2023-04-27,2023-06-01,-2.5,1.8668,-4.3668
CBIBF,2023,10,35,2024-04-22,2024-05-27,16.1111,1.8668,14.2443
CBIBF,2024,10,35,2025-05-09,2025-06-13,2.0918,1.8668,0.225
CBIBF,2025,10,35,2026-04-26,2026-05-31,30.7459,1.8668,28.8791
CFAC,2021,10,35,2022-07-01,2022-08-05,-0.6936,1.2057,-1.8993
CFAC,2022,10,35,2023-07-07,2023-08-11,14.2857,1.2057,13.08
CFAC,2023,10,35,2024-07-07,2024-08-11,-2.1898,1.2057,-3.3955
CIEC,2021,10,35,2022-06-30,2022-08-04,-1.3333,3.8124,-5.1457
CIEC,2022,10,35,2023-06-30,2023-08-04,10.0476,3.8124,6.2352
CIEC,2023,10,35,2024-07-06,2024-08-10,7.15,3.8124,3.3376
ECOC,2021,10,35,2022-04-15,2022-05-20,-3.885,2.1845,-6.0695
ECOC,2022,10,35,2023-05-06,2023-06-10,6.5273,2.1845,4.3428
ECOC,2023,10,35,2024-05-05,2024-06-09,16.1471,2.1845,13.9626
ECOC,2024,10,35,2025-05-09,2025-06-13,19.0,2.1845,16.8155
ECOC,2025,10,35,2026-05-04,2026-06-08,6.0613,2.1845,3.8768
FTSC,2023,10,35,2024-06-30,2024-08-04,10.1442,2.6381,7.5061
NSBC,2022,10,35,2023-05-29,2023-07-03,4.9,1.9883,2.9117
NSBC,2023,10,35,2024-06-02,2024-07-07,15.4462,1.9883,13.4579
NSBC,2024,10,35,2025-06-05,2025-07-10,14.9249,1.9883,12.9366
NTLC,2021,10,35,2022-05-30,2022-07-04,-0.6944,4.6657,-5.3601
NTLC,2022,10,35,2023-05-22,2023-06-26,-0.7097,4.6657,-5.3754
NTLC,2023,10,35,2024-06-21,2024-07-26,3.8025,4.6657,-0.8632
NTLC,2024,10,35,2025-06-22,2025-07-27,7.1749,4.6657,2.5092
ONTBF,2021,10,35,2022-05-22,2022-06-26,19.8276,0.9866,18.841
ONTBF,2022,10,35,2023-05-19,2023-06-23,21.25,0.9866,20.2634
ONTBF,2023,10,35,2024-07-04,2024-08-08,18.2474,0.9866,17.2608
ONTBF,2024,10,35,2025-06-07,2025-07-12,2.0,0.9866,1.0134
ONTBF,2025,10,35,2026-05-09,2026-06-13,7.258,0.9866,6.2714
ORAC,2022,10,35,2023-04-23,2023-05-28,5.5556,2.4048,3.1508
ORAC,2023,10,35,2024-04-26,2024-05-31,10.6005,2.4048,8.1957
ORAC,2024,10,35,2025-04-20,2025-05-25,12.4155,2.4048,10.0107
ORAC,2025,10,35,2026-05-28,2026-07-02,11.465,2.4048,9.0602
PRSC,2021,10,35,2022-07-10,2022-08-14,0.0,-2.7178,2.7178
PRSC,2022,10,35,2023-07-06,2023-08-10,5.8621,-2.7178,8.5799
SHEC,2021,10,35,2022-10-02,2022-11-06,3.2,-1.0903,4.2903
SHEC,2022,10,35,2023-12-01,2024-01-05,1.4458,-1.0903,2.5361
SLBC,2023,10,35,2024-06-10,2024-07-15,0.0,1.5567,-1.5567
SLBC,2024,10,35,2025-05-31,2025-07-05,14.3195,1.5567,12.7628
SMBC,2021,10,35,2022-07-01,2022-08-05,-7.9108,1.7381,-9.6489
SMBC,2023,10,35,2024-06-24,2024-07-29,4.0,1.7381,2.2619
SNTS,2021,10,35,2022-05-08,2022-06-12,1.5625,0.3018,1.2607
SNTS,2022,10,35,2023-04-28,2023-06-02,3.596,0.3018,3.2942
SNTS,2025,10,35,2026-04-26,2026-05-31,5.9298,0.3018,5.628
SOGC,2021,10,35,2022-06-25,2022-07-30,-1.9105,7.4245,-9.335
SOGC,2022,10,35,2023-06-23,2023-07-28,-14.4526,7.4245,-21.8771
SOGC,2023,10,35,2024-06-03,2024-07-08,20.0,7.4245,12.5755
SOGC,2024,10,35,2025-05-30,2025-07-04,12.3611,7.4245,4.9366
SPHC,2021,10,35,2022-06-23,2022-07-28,-4.3137,2.2796,-6.5933
SPHC,2022,10,35,2023-06-22,2023-07-27,0.1669,2.2796,-2.1127
SPHC,2023,10,35,2024-06-14,2024-07-19,20.0401,2.2796,17.7605
SPHC,2024,10,35,2025-04-18,2025-05-23,32.9584,2.2796,30.6788
STBC,2021,10,35,2022-07-08,2022-08-12,4.0799,2.8862,1.1937
STBC,2022,10,35,2023-07-10,2023-08-14,8.1538,2.8862,5.2676
STBC,2023,10,35,2024-07-01,2024-08-05,22.0987,2.8862,19.2125
STBC,2024,10,35,2025-08-09,2025-09-13,4.3415,2.8862,1.4553
TTLC,2021,10,35,2022-06-26,2022-07-31,4.0724,0.6819,3.3905
TTLC,2022,10,35,2023-06-25,2023-07-30,3.4247,0.6819,2.7428
TTLC,2023,10,35,2024-07-01,2024-08-05,7.5829,0.6819,6.901
TTLC,2024,10,35,2025-06-29,2025-08-03,0.1927,0.6819,-0.4892
BOAB,2021,10,47,2022-04-23,2022-06-09,1.003,1.7304,-0.7274
BOAB,2022,10,47,2023-04-24,2023-06-10,1.7918,1.7304,0.0614
BOAB,2023,10,47,2024-04-22,2024-06-08,6.75,1.7304,5.0196
BOAB,2024,10,47,2025-04-12,2025-05-29,4.2599,1.7304,2.5295
BOAB,2025,10,47,2026-05-10,2026-06-26,1.4362,1.7304,-0.2942
BOABF,2021,10,47,2022-04-08,2022-05-25,-5.0382,2.0243,-7.0625
BOABF,2022,10,47,2023-04-09,2023-05-26,12.8,2.0243,10.7757
BOABF,2023,10,47,2024-04-07,2024-05-24,2.5,2.0243,0.4757
BOABF,2024,10,47,2025-03-27,2025-05-13,-8.4235,2.0243,-10.4478
BOABF,2025,10,47,2026-04-02,2026-05-19,3.5179,2.0243,1.4936
BOAC,2021,10,47,2022-04-10,2022-05-27,-1.966,2.5421,-4.5081
BOAC,2022,10,47,2023-04-08,2023-05-25,7.2885,2.5421,4.7464
BOAC,2023,10,47,2024-04-07,2024-05-24,9.2138,2.5421,6.6717
BOAC,2024,10,47,2025-04-26,2025-06-12,11.3208,2.5421,8.7787
BOAC,2025,10,47,2026-04-25,2026-06-11,9.2969,2.5421,6.7548
BOAM,2023,10,47,2024-05-03,2024-06-19,11.4325,1.8976,9.5349
BOAM,2024,10,47,2025-04-20,2025-06-06,23.0912,1.8976,21.1936
BOAM,2025,10,47,2026-04-24,2026-06-10,5.337,1.8976,3.4394
BOAN,2021,10,47,2022-04-09,2022-05-26,-5.0667,0.5685,-5.6352
BOAN,2022,10,47,2023-04-09,2023-05-26,5.0754,0.5685,4.5069
BOAN,2023,10,47,2024-04-14,2024-05-31,-4.7051,0.5685,-5.2736
BOAS,2021,10,47,2022-04-25,2022-06-11,8.0374,2.6304,5.407
BOAS,2022,10,47,2023-04-10,2023-05-27,19.0261,2.6304,16.3957
BOAS,2023,10,47,2024-04-28,2024-06-14,10.9591,2.6304,8.3287
BOAS,2024,10,47,2025-04-18,2025-06-04,6.8884,2.6304,4.258
BOAS,2025,10,47,2026-05-10,2026-06-26,5.4804,2.6304,2.85
CABC,2021,10,47,2022-04-17,2022-06-03,-13.5593,0.0219,-13.5812
CABC,2025,10,47,2026-05-07,2026-06-23,22.3466,0.0219,22.3247
CBIBF,2021,10,47,2022-04-17,2022-06-03,-2.9622,2.3067,-5.2689
CBIBF,2022,10,47,2023-04-27,2023-06-13,0.0,2.3067,-2.3067
CBIBF,2023,10,47,2024-04-22,2024-06-08,11.1111,2.3067,8.8044
CBIBF,2024,10,47,2025-05-09,2025-06-25,5.3571,2.3067,3.0504
CBIBF,2025,10,47,2026-04-26,2026-06-12,33.869,2.3067,31.5623
CFAC,2021,10,47,2022-07-01,2022-08-17,1.0405,1.8364,-0.7959
CFAC,2022,10,47,2023-07-07,2023-08-23,18.0124,1.8364,16.176
CFAC,2023,10,47,2024-07-07,2024-08-23,-3.6496,1.8364,-5.486
CIEC,2021,10,47,2022-06-30,2022-08-16,-1.9583,4.994,-6.9523
CIEC,2022,10,47,2023-06-30,2023-08-16,8.1429,4.994,3.1489
CIEC,2023,10,47,2024-07-06,2024-08-22,9.9,4.994,4.906
ECOC,2021,10,47,2022-04-15,2022-06-01,-2.2993,2.8985,-5.1978
ECOC,2022,10,47,2023-05-06,2023-06-22,5.8909,2.8985,2.9924
ECOC,2023,10,47,2024-05-05,2024-06-21,12.6176,2.8985,9.7191
ECOC,2024,10,47,2025-05-09,2025-06-25,27.9899,2.8985,25.0914
ECOC,2025,10,47,2026-05-04,2026-06-20,8.1779,2.8985,5.2794
FTSC,2023,10,47,2024-06-30,2024-08-16,6.8837,3.0058,3.8779
NSBC,2022,10,47,2023-05-29,2023-07-15,19.3,2.6643,16.6357
NSBC,2023,10,47,2024-06-02,2024-07-19,11.1927,2.6643,8.5284
NSBC,2024,10,47,2025-06-05,2025-07-22,17.596,2.6643,14.9317
NTLC,2021,10,47,2022-05-30,2022-07-16,-2.7778,6.5193,-9.2971
NTLC,2022,10,47,2023-05-22,2023-07-08,-0.5806,6.5193,-7.0999
NTLC,2023,10,47,2024-06-21,2024-08-07,4.0027,6.5193,-2.5166
NTLC,2024,10,47,2025-06-22,2025-08-08,10.3139,6.5193,3.7946
ONTBF,2021,10,47,2022-05-22,2022-07-08,19.7586,1.201,18.5576
ONTBF,2022,10,47,2023-05-19,2023-07-05,22.027,1.201,20.826
ONTBF,2023,10,47,2024-07-04,2024-08-20,24.0464,1.201,22.8454
ONTBF,2024,10,47,2025-06-07,2025-07-24,5.8,1.201,4.599
ONTBF,2025,10,47,2026-05-09,2026-06-25,6.7145,1.201,5.5135
ORAC,2022,10,47,2023-04-23,2023-06-09,10.5556,2.8375,7.7181
ORAC,2023,10,47,2024-04-26,2024-06-12,7.9163,2.8375,5.0788
ORAC,2024,10,47,2025-04-20,2025-06-06,15.6457,2.8375,12.8082
ORAC,2025,10,47,2026-05-28,2026-07-14,7.0064,2.8375,4.1689
PRSC,2021,10,47,2022-07-10,2022-08-26,3.3067,-3.7574,7.0641
PRSC,2022,10,47,2023-07-06,2023-08-22,8.6207,-3.7574,12.3781
SHEC,2021,10,47,2022-10-02,2022-11-18,-0.2286,-1.8466,1.618
SHEC,2022,10,47,2023-12-01,2024-01-17,-2.7711,-1.8466,-0.9245
SLBC,2023,10,47,2024-06-10,2024-07-27,0.0,2.1683,-2.1683
SLBC,2024,10,47,2025-05-31,2025-07-17,8.284,2.1683,6.1157
SMBC,2021,10,47,2022-07-01,2022-08-17,-8.046,2.4882,-10.5342
SMBC,2023,10,47,2024-06-24,2024-08-10,3.2,2.4882,0.7118
SNTS,2021,10,47,2022-05-08,2022-06-24,-0.0312,0.2867,-0.3179
SNTS,2022,10,47,2023-04-28,2023-06-14,3.6585,0.2867,3.3718
SNTS,2025,10,47,2026-04-26,2026-06-12,5.7544,0.2867,5.4677
SOGC,2021,10,47,2022-06-25,2022-08-11,-1.304,8.7497,-10.0537
SOGC,2022,10,47,2023-06-23,2023-08-09,-15.9124,8.7497,-24.6621
SOGC,2023,10,47,2024-06-03,2024-07-20,21.28,8.7497,12.5303
SOGC,2024,10,47,2025-05-30,2025-07-16,5.5833,8.7497,-3.1664
SPHC,2021,10,47,2022-06-23,2022-08-09,-1.349,3.0007,-4.3497
SPHC,2022,10,47,2023-06-22,2023-08-08,5.1753,3.0007,2.1746
SPHC,2023,10,47,2024-06-14,2024-07-31,12.6253,3.0007,9.6246
SPHC,2024,10,47,2025-04-18,2025-06-04,34.7582,3.0007,31.7575
STBC,2021,10,47,2022-07-08,2022-08-24,-4.413,8.7755,-13.1885
STBC,2022,10,47,2023-07-10,2023-08-26,5.7692,8.7755,-3.0063
STBC,2023,10,47,2024-07-01,2024-08-17,20.7783,8.7755,12.0028
STBC,2024,10,47,2025-08-09,2025-09-25,3.5947,8.7755,-5.1808
TTLC,2021,10,47,2022-06-26,2022-08-12,2.7149,0.9743,1.7406
TTLC,2022,10,47,2023-06-25,2023-08-11,-1.8265,0.9743,-2.8008
TTLC,2023,10,47,2024-07-01,2024-08-17,12.7962,0.9743,11.8219
TTLC,2024,10,47,2025-06-29,2025-08-15,-1.7341,0.9743,-2.7084
BOAB,2021,10,70,2022-04-23,2022-07-02,2.5228,3.1043,-0.5815
BOAB,2022,10,70,2023-04-24,2023-07-03,5.0202,3.1043,1.9159
BOAB,2023,10,70,2024-04-22,2024-07-01,6.75,3.1043,3.6457
BOAB,2024,10,70,2025-04-12,2025-06-21,9.3717,3.1043,6.2674
BOAB,2025,10,70,2026-05-10,2026-07-19,-1.2234,3.1043,-4.3277
BOABF,2021,10,70,2022-04-08,2022-06-17,-2.4936,2.8858,-5.3794
BOABF,2022,10,70,2023-04-09,2023-06-18,19.7091,2.8858,16.8233
BOABF,2023,10,70,2024-04-07,2024-06-16,4.4886,2.8858,1.6028
BOABF,2024,10,70,2025-03-27,2025-06-05,-2.7765,2.8858,-5.6623
BOABF,2025,10,70,2026-04-02,2026-06-11,6.1964,2.8858,3.3106
BOAC,2021,10,70,2022-04-10,2022-06-19,2.5916,3.9968,-1.4052
BOAC,2022,10,70,2023-04-08,2023-06-17,17.0,3.9968,13.0032
BOAC,2023,10,70,2024-04-07,2024-06-16,16.1103,3.9968,12.1135
BOAC,2024,10,70,2025-04-26,2025-07-05,8.2034,3.9968,4.2066
BOAC,2025,10,70,2026-04-25,2026-07-04,13.8899,3.9968,9.8931
BOAM,2023,10,70,2024-05-03,2024-07-12,16.1114,2.7179,13.3935
BOAM,2024,10,70,2025-04-20,2025-06-29,16.2011,2.7179,13.4832
BOAM,2025,10,70,2026-04-24,2026-07-03,12.4875,2.7179,9.7696
BOAN,2021,10,70,2022-04-09,2022-06-18,4.7111,0.6281,4.083
BOAN,2022,10,70,2023-04-09,2023-06-18,6.305,0.6281,5.6769
BOAN,2023,10,70,2024-04-14,2024-06-23,-8.0,0.6281,-8.6281
BOAS,2021,10,70,2022-04-25,2022-07-04,6.7847,4.2788,2.5059
BOAS,2022,10,70,2023-04-10,2023-06-19,32.7431,4.2788,28.4643
BOAS,2023,10,70,2024-04-28,2024-07-07,19.8633,4.2788,15.5845
BOAS,2024,10,70,2025-04-18,2025-06-27,8.076,4.2788,3.7972
BOAS,2025,10,70,2026-05-10,2026-07-19,10.2842,4.2788,6.0054
CABC,2021,10,70,2022-04-17,2022-06-26,-6.7797,0.2909,-7.0706
CABC,2025,10,70,2026-05-07,2026-07-16,13.2557,0.2909,12.9648
CBIBF,2021,10,70,2022-04-17,2022-06-26,-6.0266,3.283,-9.3096
CBIBF,2022,10,70,2023-04-27,2023-07-06,13.375,3.283,10.092
CBIBF,2023,10,70,2024-04-22,2024-07-01,17.7778,3.283,14.4948
CBIBF,2024,10,70,2025-05-09,2025-07-18,9.6939,3.283,6.4109
CBIBF,2025,10,70,2026-04-26,2026-07-05,50.4548,3.283,47.1718
CFAC,2021,10,70,2022-07-01,2022-09-09,6.8208,3.3043,3.5165
CFAC,2022,10,70,2023-07-07,2023-09-15,13.7888,3.3043,10.4845
CFAC,2023,10,70,2024-07-07,2024-09-15,-0.438,3.3043,-3.7423
CIEC,2021,10,70,2022-06-30,2022-09-08,-1.75,9.2581,-11.0081
CIEC,2022,10,70,2023-06-30,2023-09-08,6.4762,9.2581,-2.7819
CIEC,2023,10,70,2024-07-06,2024-09-14,15.4,9.2581,6.1419
ECOC,2021,10,70,2022-04-15,2022-06-24,0.0793,4.3862,-4.3069
ECOC,2022,10,70,2023-05-06,2023-07-15,16.0727,4.3862,11.6865
ECOC,2023,10,70,2024-05-05,2024-07-14,11.2941,4.3862,6.9079
ECOC,2024,10,70,2025-05-09,2025-07-18,20.0101,4.3862,15.6239
ECOC,2025,10,70,2026-05-04,2026-07-13,8.4847,4.3862,4.0985
FTSC,2023,10,70,2024-06-30,2024-09-08,8.6947,5.4106,3.2841
NSBC,2022,10,70,2023-05-29,2023-08-07,20.2,4.2227,15.9773
NSBC,2023,10,70,2024-06-02,2024-08-11,10.9425,4.2227,6.7198
NSBC,2024,10,70,2025-06-05,2025-08-14,12.0312,4.2227,7.8085
NTLC,2021,10,70,2022-05-30,2022-08-08,1.6389,10.0991,-8.4602
NTLC,2022,10,70,2023-05-22,2023-07-31,19.9355,10.0991,9.8364
NTLC,2023,10,70,2024-06-21,2024-08-30,2.3616,10.0991,-7.7375
NTLC,2024,10,70,2025-06-22,2025-08-31,15.7399,10.0991,5.6408
ONTBF,2021,10,70,2022-05-22,2022-07-31,22.5517,1.5472,21.0045
ONTBF,2022,10,70,2023-05-19,2023-07-28,32.7365,1.5472,31.1893
ONTBF,2023,10,70,2024-07-04,2024-09-12,31.1856,1.5472,29.6384
ONTBF,2024,10,70,2025-06-07,2025-08-16,5.4,1.5472,3.8528
ONTBF,2025,10,70,2026-05-09,2026-07-18,2.1855,1.5472,0.6383
ORAC,2022,10,70,2023-04-23,2023-07-02,14.3333,4.2754,10.0579
ORAC,2023,10,70,2024-04-26,2024-07-05,15.1956,4.2754,10.9202
ORAC,2024,10,70,2025-04-20,2025-06-29,14.5073,4.2754,10.2319
PRSC,2021,10,70,2022-07-10,2022-09-18,4.3733,-5.1552,9.5285
PRSC,2022,10,70,2023-07-06,2023-09-14,11.8276,-5.1552,16.9828
SHEC,2021,10,70,2022-10-02,2022-12-11,-11.0857,-2.5041,-8.5816
SHEC,2022,10,70,2023-12-01,2024-02-09,-2.1687,-2.5041,0.3354
SLBC,2023,10,70,2024-06-10,2024-08-19,0.0,3.432,-3.432
SLBC,2024,10,70,2025-05-31,2025-08-09,21.1361,3.432,17.7041
SMBC,2021,10,70,2022-07-01,2022-09-09,-7.7755,3.9412,-11.7167
SMBC,2023,10,70,2024-06-24,2024-09-02,10.84,3.9412,6.8988
SNTS,2021,10,70,2022-05-08,2022-07-17,-0.0625,0.0931,-0.1556
SNTS,2022,10,70,2023-04-28,2023-07-07,7.4109,0.0931,7.3178
SNTS,2025,10,70,2026-04-26,2026-07-05,9.614,0.0931,9.5209
SOGC,2021,10,70,2022-06-25,2022-09-03,-2.6687,15.7888,-18.4575
SOGC,2022,10,70,2023-06-23,2023-09-01,-16.4338,15.7888,-32.2226
SOGC,2023,10,70,2024-06-03,2024-08-12,41.696,15.7888,25.9072
SOGC,2024,10,70,2025-05-30,2025-08-08,14.6111,15.7888,-1.1777
SPHC,2021,10,70,2022-06-23,2022-09-01,-5.9765,4.8221,-10.7986
SPHC,2022,10,70,2023-06-22,2023-08-31,1.8364,4.8221,-2.9857
SPHC,2023,10,70,2024-06-14,2024-08-23,34.8297,4.8221,30.0076
SPHC,2024,10,70,2025-04-18,2025-06-27,63.1046,4.8221,58.2825
STBC,2021,10,70,2022-07-08,2022-09-16,5.4954,11.6388,-6.1434
STBC,2022,10,70,2023-07-10,2023-09-18,5.7692,11.6388,-5.8696
STBC,2023,10,70,2024-07-01,2024-09-09,24.9479,11.6388,13.3091
STBC,2024,10,70,2025-08-09,2025-10-18,8.001,11.6388,-3.6378
TTLC,2021,10,70,2022-06-26,2022-09-04,9.7738,1.2004,8.5734
TTLC,2022,10,70,2023-06-25,2023-09-03,-1.8265,1.2004,-3.0269
TTLC,2023,10,70,2024-07-01,2024-09-09,23.9336,1.2004,22.7332
TTLC,2024,10,70,2025-06-29,2025-09-07,-0.578,1.2004,-1.7784
