ticker,fiscal_year,offset,duree,date_entree,date_sortie_calc,rendement_cycle
BOAB,2021,-5,35,2022-04-08,2022-05-13,-1.6641
BOAB,2022,-5,35,2023-04-09,2023-05-14,0.0
BOAB,2023,-5,35,2024-04-07,2024-05-12,4.4381
BOAB,2024,-5,35,2025-03-28,2025-05-02,1.0638
BOAB,2025,-5,35,2026-04-25,2026-05-30,15.5298
BOABF,2021,-5,35,2022-03-24,2022-04-28,-3.2258
BOABF,2022,-5,35,2023-03-25,2023-04-29,1.7544
BOABF,2023,-5,35,2024-03-23,2024-04-27,0.1372
BOABF,2024,-5,35,2025-03-12,2025-04-16,-0.1159
BOABF,2025,-5,35,2026-03-18,2026-04-22,11.1993
BOAC,2021,-5,35,2022-03-26,2022-04-30,6.7766
BOAC,2022,-5,35,2023-03-24,2023-04-28,9.3077
BOAC,2023,-5,35,2024-03-23,2024-04-27,8.1918
BOAC,2024,-5,35,2025-04-11,2025-05-16,10.6723
BOAC,2025,-5,35,2026-04-10,2026-05-15,8.4261
BOAM,2023,-5,35,2024-04-18,2024-05-23,24.0937
BOAM,2024,-5,35,2025-04-05,2025-05-10,6.875
BOAM,2025,-5,35,2026-04-09,2026-05-14,0.5376
BOAN,2021,-5,35,2022-03-25,2022-04-29,8.0558
BOAN,2022,-5,35,2023-03-25,2023-04-29,-2.3407
BOAN,2023,-5,35,2024-03-30,2024-05-04,-1.642
BOAS,2021,-5,35,2022-04-10,2022-05-15,-6.3741
BOAS,2022,-5,35,2023-03-26,2023-04-30,11.7241
BOAS,2023,-5,35,2024-04-13,2024-05-18,14.9257
BOAS,2024,-5,35,2025-04-03,2025-05-08,6.2025
BOAS,2025,-5,35,2026-04-25,2026-05-30,15.8696
CABC,2021,-5,35,2022-04-02,2022-05-07,5.4299
CABC,2025,-5,35,2026-04-22,2026-05-27,5.2632
CBIBF,2021,-5,35,2022-04-02,2022-05-07,-2.0408
CBIBF,2022,-5,35,2023-04-12,2023-05-17,0.0
CBIBF,2023,-5,35,2024-04-07,2024-05-12,2.7174
CBIBF,2024,-5,35,2025-04-24,2025-05-29,-6.1033
CBIBF,2025,-5,35,2026-04-11,2026-05-16,30.9539
CFAC,2021,-5,35,2022-06-16,2022-07-21,-4.3956
CFAC,2022,-5,35,2023-06-22,2023-07-27,6.8323
CFAC,2023,-5,35,2024-06-22,2024-07-27,-0.7299
CIEC,2021,-5,35,2022-06-15,2022-07-20,-0.2174
CIEC,2022,-5,35,2023-06-15,2023-07-20,5.5288
CIEC,2023,-5,35,2024-06-21,2024-07-26,8.0
CIEC,2025,-5,35,2026-06-19,2026-07-24,12.5926
ECOC,2021,-5,35,2022-03-31,2022-05-05,0.1782
ECOC,2022,-5,35,2023-04-21,2023-05-26,13.1792
ECOC,2023,-5,35,2024-04-20,2024-05-25,11.5187
ECOC,2024,-5,35,2025-04-24,2025-05-29,24.1132
ECOC,2025,-5,35,2026-04-19,2026-05-24,5.7723
FTSC,2023,-5,35,2024-06-15,2024-07-20,2.1988
NSBC,2022,-5,35,2023-05-14,2023-06-18,3.8198
NSBC,2023,-5,35,2024-05-18,2024-06-22,7.7586
NSBC,2024,-5,35,2025-05-21,2025-06-25,18.6047
NTLC,2021,-5,35,2022-05-15,2022-06-19,-2.7778
NTLC,2022,-5,35,2023-05-07,2023-06-11,-2.5316
NTLC,2023,-5,35,2024-06-06,2024-07-11,-1.2675
NTLC,2024,-5,35,2025-06-07,2025-07-12,5.6305
ONTBF,2021,-5,35,2022-05-07,2022-06-11,-7.8125
ONTBF,2022,-5,35,2023-05-04,2023-06-08,-6.252
ONTBF,2023,-5,35,2024-06-19,2024-07-24,5.0
ONTBF,2024,-5,35,2025-05-23,2025-06-27,-0.777
ONTBF,2025,-5,35,2026-04-24,2026-05-29,4.7794
ORAC,2022,-5,35,2023-04-08,2023-05-13,1.0638
ORAC,2023,-5,35,2024-04-11,2024-05-16,5.1176
ORAC,2024,-5,35,2025-04-05,2025-05-10,2.3102
ORAC,2025,-5,35,2026-05-13,2026-06-17,10.6312
PRSC,2021,-5,35,2022-06-25,2022-07-30,4.9475
PRSC,2022,-5,35,2023-06-21,2023-07-26,5.2632
SHEC,2021,-5,35,2022-09-17,2022-10-22,-2.2599
SHEC,2022,-5,35,2023-11-16,2023-12-21,2.4691
SLBC,2023,-5,35,2024-05-26,2024-06-30,0.0
SLBC,2024,-5,35,2025-05-16,2025-06-20,22.5
SMBC,2021,-5,35,2022-06-16,2022-07-21,-2.0408
SMBC,2023,-5,35,2024-06-09,2024-07-14,2.5424
SNTS,2021,-5,35,2022-04-23,2022-05-28,0.6565
SNTS,2022,-5,35,2023-04-13,2023-05-18,5.506
SNTS,2025,-5,35,2026-04-11,2026-05-16,0.3472
SOGC,2021,-5,35,2022-06-10,2022-07-15,-0.7692
SOGC,2022,-5,35,2023-06-08,2023-07-13,-14.2743
SOGC,2023,-5,35,2024-05-19,2024-06-23,16.4062
SOGC,2024,-5,35,2025-05-15,2025-06-19,26.0193
SPHC,2021,-5,35,2022-06-08,2022-07-13,7.7586
SPHC,2022,-5,35,2023-06-07,2023-07-12,-15.1376
SPHC,2023,-5,35,2024-05-30,2024-07-04,20.4167
SPHC,2024,-5,35,2025-04-03,2025-05-08,22.9947
STBC,2021,-5,35,2022-06-23,2022-07-28,6.1688
STBC,2022,-5,35,2023-06-25,2023-07-30,15.6275
STBC,2023,-5,35,2024-06-16,2024-07-21,-4.7619
STBC,2024,-5,35,2025-07-25,2025-08-29,3.0608
TTLC,2021,-5,35,2022-06-11,2022-07-16,-0.6772
TTLC,2022,-5,35,2023-06-10,2023-07-15,6.9048
TTLC,2023,-5,35,2024-06-16,2024-07-21,5.8394
TTLC,2024,-5,35,2025-06-14,2025-07-19,-4.6904
BOAB,2021,-5,47,2022-04-08,2022-05-25,-2.4811
BOAB,2022,-5,47,2023-04-09,2023-05-26,4.129
BOAB,2023,-5,47,2024-04-07,2024-05-24,13.4717
BOAB,2024,-5,47,2025-03-28,2025-05-14,-0.5319
BOAB,2025,-5,47,2026-04-25,2026-06-11,11.8758
BOABF,2021,-5,47,2022-03-24,2022-05-10,-4.0645
BOABF,2022,-5,47,2023-03-25,2023-05-11,5.3333
BOABF,2023,-5,47,2024-03-23,2024-05-09,1.5912
BOABF,2024,-5,47,2025-03-12,2025-04-28,-7.3696
BOABF,2025,-5,47,2026-03-18,2026-05-04,11.5683
BOAC,2021,-5,47,2022-03-26,2022-05-12,1.3736
BOAC,2022,-5,47,2023-03-24,2023-05-10,5.2692
BOAC,2023,-5,47,2024-03-23,2024-05-09,2.9863
BOAC,2024,-5,47,2025-04-11,2025-05-28,9.8319
BOAC,2025,-5,47,2026-04-10,2026-05-27,11.0794
BOAM,2023,-5,47,2024-04-18,2024-06-04,23.1562
BOAM,2024,-5,47,2025-04-05,2025-05-22,17.7083
BOAM,2025,-5,47,2026-04-09,2026-05-26,7.5269
BOAN,2021,-5,47,2022-03-25,2022-05-11,16.8551
BOAN,2022,-5,47,2023-03-25,2023-05-11,-1.5336
BOAN,2023,-5,47,2024-03-30,2024-05-16,-5.4187
BOAS,2021,-5,47,2022-04-10,2022-05-27,-1.1952
BOAS,2022,-5,47,2023-03-26,2023-05-12,14.9428
BOAS,2023,-5,47,2024-04-13,2024-05-30,17.9105
BOAS,2024,-5,47,2025-04-03,2025-05-20,6.3291
BOAS,2025,-5,47,2026-04-25,2026-06-11,13.0435
CABC,2021,-5,47,2022-04-02,2022-05-19,3.6199
CABC,2025,-5,47,2026-04-22,2026-06-08,17.5539
CBIBF,2021,-5,47,2022-04-02,2022-05-19,-6.1224
CBIBF,2022,-5,47,2023-04-12,2023-05-29,-1.25
CBIBF,2023,-5,47,2024-04-07,2024-05-24,15.2174
CBIBF,2024,-5,47,2025-04-24,2025-06-10,-6.1033
CBIBF,2025,-5,47,2026-04-11,2026-05-28,41.2171
CFAC,2021,-5,47,2022-06-16,2022-08-02,-5.0549
CFAC,2022,-5,47,2023-06-22,2023-08-08,15.528
CFAC,2023,-5,47,2024-06-22,2024-08-08,-2.9197
CIEC,2021,-5,47,2022-06-15,2022-08-01,6.8696
CIEC,2022,-5,47,2023-06-15,2023-08-01,13.9904
CIEC,2023,-5,47,2024-06-21,2024-08-07,6.481
ECOC,2021,-5,47,2022-03-31,2022-05-17,-4.4752
ECOC,2022,-5,47,2023-04-21,2023-06-07,12.9865
ECOC,2023,-5,47,2024-04-20,2024-06-06,16.0382
ECOC,2024,-5,47,2025-04-24,2025-06-10,12.9965
ECOC,2025,-5,47,2026-04-19,2026-06-05,6.0492
FTSC,2023,-5,47,2024-06-15,2024-08-01,6.2273
NSBC,2022,-5,47,2023-05-14,2023-06-30,2.7424
NSBC,2023,-5,47,2024-05-18,2024-07-04,19.931
NSBC,2024,-5,47,2025-05-21,2025-07-07,22.3953
NTLC,2021,-5,47,2022-05-15,2022-07-01,-0.2778
NTLC,2022,-5,47,2023-05-07,2023-06-23,-3.1646
NTLC,2023,-5,47,2024-06-06,2024-07-23,0.0667
NTLC,2024,-5,47,2025-06-07,2025-07-24,9.8185
ONTBF,2021,-5,47,2022-05-07,2022-06-23,9.25
ONTBF,2022,-5,47,2023-05-04,2023-06-20,-5.2829
ONTBF,2023,-5,47,2024-06-19,2024-08-05,16.7526
ONTBF,2024,-5,47,2025-05-23,2025-07-09,-0.3786
ONTBF,2025,-5,47,2026-04-24,2026-06-10,8.4559
ORAC,2022,-5,47,2023-04-08,2023-05-25,2.0213
ORAC,2023,-5,47,2024-04-11,2024-05-28,8.7598
ORAC,2024,-5,47,2025-04-05,2025-05-22,4.0594
ORAC,2025,-5,47,2026-05-13,2026-06-29,16.2791
PRSC,2021,-5,47,2022-06-25,2022-08-11,13.943
PRSC,2022,-5,47,2023-06-21,2023-08-07,8.0702
SHEC,2021,-5,47,2022-09-17,2022-11-03,2.0339
SHEC,2022,-5,47,2023-11-16,2024-01-02,4.5679
SLBC,2023,-5,47,2024-05-26,2024-07-12,0.0
SLBC,2024,-5,47,2025-05-16,2025-07-02,15.2667
SMBC,2021,-5,47,2022-06-16,2022-08-02,-4.898
SMBC,2023,-5,47,2024-06-09,2024-07-26,10.1695
SNTS,2021,-5,47,2022-04-23,2022-06-09,0.6877
SNTS,2022,-5,47,2023-04-13,2023-05-30,5.506
SNTS,2025,-5,47,2026-04-11,2026-05-28,4.8264
SOGC,2021,-5,47,2022-06-10,2022-07-27,2.3692
SOGC,2022,-5,47,2023-06-08,2023-07-25,-14.2743
SOGC,2023,-5,47,2024-05-19,2024-07-05,15.625
SOGC,2024,-5,47,2025-05-15,2025-07-01,20.8302
SPHC,2021,-5,47,2022-06-08,2022-07-25,5.1724
SPHC,2022,-5,47,2023-06-07,2023-07-24,-8.4098
SPHC,2023,-5,47,2024-05-30,2024-07-16,25.0
SPHC,2024,-5,47,2025-04-03,2025-05-20,30.4813
STBC,2021,-5,47,2022-06-23,2022-08-09,2.8409
STBC,2022,-5,47,2023-06-25,2023-08-11,10.9708
STBC,2023,-5,47,2024-06-16,2024-08-02,19.5918
STBC,2024,-5,47,2025-07-25,2025-09-10,3.0608
TTLC,2021,-5,47,2022-06-11,2022-07-28,3.8375
TTLC,2022,-5,47,2023-06-10,2023-07-27,7.8571
TTLC,2023,-5,47,2024-06-16,2024-08-02,9.7324
TTLC,2024,-5,47,2025-06-14,2025-07-31,-5.2533
BOAB,2021,-5,70,2022-04-08,2022-06-17,0.5446
BOAB,2022,-5,70,2023-04-09,2023-06-18,2.4355
BOAB,2023,-5,70,2024-04-07,2024-06-16,3.5934
BOAB,2024,-5,70,2025-03-28,2025-06-06,7.766
BOAB,2025,-5,70,2026-04-25,2026-07-04,17.9659
BOABF,2021,-5,70,2022-03-24,2022-06-02,-4.0645
BOABF,2022,-5,70,2023-03-25,2023-06-03,10.2456
BOABF,2023,-5,70,2024-03-23,2024-06-01,1.0425
BOABF,2024,-5,70,2025-03-12,2025-05-21,-7.4855
BOABF,2025,-5,70,2026-03-18,2026-05-27,8.8007
BOAC,2021,-5,70,2022-03-26,2022-06-04,3.2967
BOAC,2022,-5,70,2023-03-24,2023-06-02,10.1731
BOAC,2023,-5,70,2024-03-23,2024-06-01,9.4247
BOAC,2024,-5,70,2025-04-11,2025-06-20,15.8824
BOAC,2025,-5,70,2026-04-10,2026-06-19,18.9213
BOAM,2023,-5,70,2024-04-18,2024-06-27,20.3437
BOAM,2024,-5,70,2025-04-05,2025-06-14,37.7083
BOAM,2025,-5,70,2026-04-09,2026-06-18,2.1514
BOAN,2021,-5,70,2022-03-25,2022-06-03,9.4964
BOAN,2022,-5,70,2023-03-25,2023-06-03,3.2217
BOAN,2023,-5,70,2024-03-30,2024-06-08,-6.0033
BOAS,2021,-5,70,2022-04-10,2022-06-19,3.0879
BOAS,2022,-5,70,2023-03-26,2023-06-04,31.2641
BOAS,2023,-5,70,2024-04-13,2024-06-22,25.3733
BOAS,2024,-5,70,2025-04-03,2025-06-12,15.1899
BOAS,2025,-5,70,2026-04-25,2026-07-04,13.0435
CABC,2021,-5,70,2022-04-02,2022-06-11,-6.7873
CABC,2025,-5,70,2026-04-22,2026-07-01,32.3477
CBIBF,2021,-5,70,2022-04-02,2022-06-11,-3.6224
CBIBF,2022,-5,70,2023-04-12,2023-06-21,-1.375
CBIBF,2023,-5,70,2024-04-07,2024-06-16,13.0435
CBIBF,2024,-5,70,2025-04-24,2025-07-03,0.0
CBIBF,2025,-5,70,2026-04-11,2026-06-20,47.3684
CFAC,2021,-5,70,2022-06-16,2022-08-25,-4.5055
CFAC,2022,-5,70,2023-06-22,2023-08-31,14.2857
CFAC,2023,-5,70,2024-06-22,2024-08-31,1.0219
CIEC,2021,-5,70,2022-06-15,2022-08-24,0.1304
CIEC,2022,-5,70,2023-06-15,2023-08-24,8.9423
CIEC,2023,-5,70,2024-06-21,2024-08-30,11.7975
ECOC,2021,-5,70,2022-03-31,2022-06-09,-0.4158
ECOC,2022,-5,70,2023-04-21,2023-06-30,13.2755
ECOC,2023,-5,70,2024-04-20,2024-06-29,12.9567
ECOC,2024,-5,70,2025-04-24,2025-07-03,24.1132
ECOC,2025,-5,70,2026-04-19,2026-06-28,11.0031
FTSC,2023,-5,70,2024-06-15,2024-08-24,5.8619
NSBC,2022,-5,70,2023-05-14,2023-07-23,22.5269
NSBC,2023,-5,70,2024-05-18,2024-07-27,15.0172
NSBC,2024,-5,70,2025-05-21,2025-07-30,20.5349
NTLC,2021,-5,70,2022-05-15,2022-07-24,-0.2083
NTLC,2022,-5,70,2023-05-07,2023-07-16,2.4684
NTLC,2023,-5,70,2024-06-06,2024-08-15,0.0667
NTLC,2024,-5,70,2025-06-07,2025-08-16,16.054
ONTBF,2021,-5,70,2022-05-07,2022-07-16,8.5625
ONTBF,2022,-5,70,2023-05-04,2023-07-13,14.7234
ONTBF,2023,-5,70,2024-06-19,2024-08-28,25.7732
ONTBF,2024,-5,70,2025-05-23,2025-08-01,5.3995
ONTBF,2025,-5,70,2026-04-24,2026-07-03,8.4676
ORAC,2022,-5,70,2023-04-08,2023-06-17,8.883
ORAC,2023,-5,70,2024-04-11,2024-06-20,14.7994
ORAC,2024,-5,70,2025-04-05,2025-06-14,7.6172
ORAC,2025,-5,70,2026-05-13,2026-07-22,11.6279
PRSC,2021,-5,70,2022-06-25,2022-09-03,13.1634
PRSC,2022,-5,70,2023-06-21,2023-08-30,15.7895
SHEC,2021,-5,70,2022-09-17,2022-11-26,-7.0056
SHEC,2022,-5,70,2023-11-16,2024-01-25,4.5679
SLBC,2023,-5,70,2024-05-26,2024-08-04,0.0
SLBC,2024,-5,70,2025-05-16,2025-07-25,36.48
SMBC,2021,-5,70,2022-06-16,2022-08-25,-9.4558
SMBC,2023,-5,70,2024-06-09,2024-08-18,11.8644
SNTS,2021,-5,70,2022-04-23,2022-07-02,-0.3126
SNTS,2022,-5,70,2023-04-13,2023-06-22,7.3202
SNTS,2025,-5,70,2026-04-11,2026-06-20,3.7847
SOGC,2021,-5,70,2022-06-10,2022-08-19,0.6769
SOGC,2022,-5,70,2023-06-08,2023-08-17,-17.978
SOGC,2023,-5,70,2024-05-19,2024-07-28,21.0938
SOGC,2024,-5,70,2025-05-15,2025-07-24,15.5226
SPHC,2021,-5,70,2022-06-08,2022-08-17,5.069
SPHC,2022,-5,70,2023-06-07,2023-08-16,-5.1988
SPHC,2023,-5,70,2024-05-30,2024-08-08,34.3333
SPHC,2024,-5,70,2025-04-03,2025-06-12,33.9037
STBC,2021,-5,70,2022-06-23,2022-09-01,-8.4416
STBC,2022,-5,70,2023-06-25,2023-09-03,10.1026
STBC,2023,-5,70,2024-06-16,2024-08-25,22.3129
STBC,2024,-5,70,2025-07-25,2025-10-03,4.5111
TTLC,2021,-5,70,2022-06-11,2022-08-20,2.2573
TTLC,2022,-5,70,2023-06-10,2023-08-19,2.381
TTLC,2023,-5,70,2024-06-16,2024-08-25,18.0049
TTLC,2024,-5,70,2025-06-14,2025-08-23,-3.1895
BOAB,2021,0,35,2022-04-13,2022-05-18,-2.4206
BOAB,2022,0,35,2023-04-14,2023-05-19,1.6142
BOAB,2023,0,35,2024-04-12,2024-05-17,5.1576
BOAB,2024,0,35,2025-04-02,2025-05-07,1.38
BOAB,2025,0,35,2026-04-30,2026-06-04,5.3341
BOABF,2021,0,35,2022-03-29,2022-05-03,4.0656
BOABF,2022,0,35,2023-03-30,2023-05-04,10.8883
BOABF,2023,0,35,2024-03-28,2024-05-02,2.8811
BOABF,2024,0,35,2025-03-17,2025-04-21,1.9026
BOABF,2025,0,35,2026-03-23,2026-04-27,7.4513
BOAC,2021,0,35,2022-03-31,2022-05-05,3.6145
BOAC,2022,0,35,2023-03-29,2023-05-03,8.1097
BOAC,2023,0,35,2024-03-28,2024-05-02,5.4746
BOAC,2024,0,35,2025-04-16,2025-05-21,8.25
BOAC,2025,0,35,2026-04-15,2026-05-20,12.8768
BOAM,2023,0,35,2024-04-23,2024-05-28,23.5597
BOAM,2024,0,35,2025-04-10,2025-05-15,6.0
BOAM,2025,0,35,2026-04-14,2026-05-19,2.4017
BOAN,2021,0,35,2022-03-30,2022-05-04,5.7619
BOAN,2022,0,35,2023-03-30,2023-05-04,-1.6393
BOAN,2023,0,35,2024-04-04,2024-05-09,-1.6667
BOAS,2021,0,35,2022-04-15,2022-05-20,1.429
BOAS,2022,0,35,2023-03-31,2023-05-05,13.8957
BOAS,2023,0,35,2024-04-18,2024-05-23,7.972
BOAS,2024,0,35,2025-04-08,2025-05-13,-1.8692
BOAS,2025,0,35,2026-04-30,2026-06-04,12.8571
CABC,2021,0,35,2022-04-07,2022-05-12,5.9091
CABC,2025,0,35,2026-04-27,2026-06-01,1.445
CBIBF,2021,0,35,2022-04-07,2022-05-12,-2.0419
CBIBF,2022,0,35,2023-04-17,2023-05-22,0.0626
CBIBF,2023,0,35,2024-04-12,2024-05-17,9.3923
CBIBF,2024,0,35,2025-04-29,2025-06-03,7.0918
CBIBF,2025,0,35,2026-04-16,2026-05-21,30.5732
CFAC,2021,0,35,2022-06-21,2022-07-26,0.578
CFAC,2022,0,35,2023-06-27,2023-08-01,8.0745
CFAC,2023,0,35,2024-06-27,2024-08-01,0.0
CIEC,2021,0,35,2022-06-20,2022-07-25,1.617
CIEC,2022,0,35,2023-06-20,2023-07-25,7.6923
CIEC,2023,0,35,2024-06-26,2024-07-31,1.3793
CIEC,2025,0,35,2026-06-24,2026-07-29,10.7908
ECOC,2021,0,35,2022-04-05,2022-05-10,0.98
ECOC,2022,0,35,2023-04-26,2023-05-31,9.0892
ECOC,2023,0,35,2024-04-25,2024-05-30,16.058
ECOC,2024,0,35,2025-04-29,2025-06-03,10.8797
ECOC,2025,0,35,2026-04-24,2026-05-29,7.425
FTSC,2023,0,35,2024-06-20,2024-07-25,4.9056
NSBC,2022,0,35,2023-05-19,2023-06-23,2.9412
NSBC,2023,0,35,2024-05-23,2024-06-27,8.5345
NSBC,2024,0,35,2025-05-26,2025-06-30,18.9284
NTLC,2021,0,35,2022-05-20,2022-06-24,2.8571
NTLC,2022,0,35,2023-05-12,2023-06-16,-2.0292
NTLC,2023,0,35,2024-06-11,2024-07-16,0.0667
NTLC,2024,0,35,2025-06-12,2025-07-17,3.5088
ONTBF,2021,0,35,2022-05-12,2022-06-16,10.0125
ONTBF,2022,0,35,2023-05-09,2023-06-13,-5.2533
ONTBF,2023,0,35,2024-06-24,2024-07-29,16.5723
ONTBF,2024,0,35,2025-05-28,2025-07-02,0.7229
ONTBF,2025,0,35,2026-04-29,2026-06-03,7.4074
ORAC,2022,0,35,2023-04-13,2023-05-18,3.2609
ORAC,2023,0,35,2024-04-16,2024-05-21,5.53
ORAC,2024,0,35,2025-04-10,2025-05-15,1.9737
ORAC,2025,0,35,2026-05-18,2026-06-22,15.4785
PRSC,2021,0,35,2022-06-30,2022-08-04,5.9238
PRSC,2022,0,35,2023-06-26,2023-07-31,7.2664
SHEC,2021,0,35,2022-09-22,2022-10-27,3.7288
SHEC,2022,0,35,2023-11-21,2023-12-26,-2.1557
SLBC,2023,0,35,2024-05-31,2024-07-05,0.0
SLBC,2024,0,35,2025-05-21,2025-06-25,4.6512
SMBC,2021,0,35,2022-06-21,2022-07-26,0.4895
SMBC,2023,0,35,2024-06-14,2024-07-19,8.8983
SNTS,2021,0,35,2022-04-28,2022-06-02,1.4766
SNTS,2022,0,35,2023-04-18,2023-05-23,4.2722
SNTS,2025,0,35,2026-04-16,2026-05-21,1.2281
SOGC,2021,0,35,2022-06-15,2022-07-20,5.4462
SOGC,2022,0,35,2023-06-13,2023-07-18,-9.0309
SOGC,2023,0,35,2024-05-24,2024-06-28,18.442
SOGC,2024,0,35,2025-05-20,2025-06-24,20.9735
SPHC,2021,0,35,2022-06-13,2022-07-18,4.1667
SPHC,2022,0,35,2023-06-12,2023-07-17,-7.6923
SPHC,2023,0,35,2024-06-04,2024-07-09,25.4737
SPHC,2024,0,35,2025-04-08,2025-05-13,31.8436
STBC,2021,0,35,2022-06-28,2022-08-02,9.0678
STBC,2022,0,35,2023-06-30,2023-08-04,13.3491
STBC,2023,0,35,2024-06-21,2024-07-26,26.7857
STBC,2024,0,35,2025-07-30,2025-09-03,5.6769
TTLC,2021,0,35,2022-06-16,2022-07-21,-7.173
TTLC,2022,0,35,2023-06-15,2023-07-20,3.7296
TTLC,2023,0,35,2024-06-21,2024-07-26,4.0573
TTLC,2024,0,35,2025-06-19,2025-07-24,-2.9126
BOAB,2021,0,47,2022-04-13,2022-05-30,-3.9939
BOAB,2022,0,47,2023-04-14,2023-05-31,3.5674
BOAB,2023,0,47,2024-04-12,2024-05-29,12.9799
BOAB,2024,0,47,2025-04-02,2025-05-19,-1.1677
BOAB,2025,0,47,2026-04-30,2026-06-16,4.548
BOABF,2021,0,47,2022-03-29,2022-05-15,-1.0164
BOABF,2022,0,47,2023-03-30,2023-05-16,5.9631
BOABF,2023,0,47,2024-03-28,2024-05-14,1.4825
BOABF,2024,0,47,2025-03-17,2025-05-03,-16.3109
BOABF,2025,0,47,2026-03-23,2026-05-09,7.4513
BOAC,2021,0,47,2022-03-31,2022-05-17,1.7609
BOAC,2022,0,47,2023-03-29,2023-05-15,8.3056
BOAC,2023,0,47,2024-03-28,2024-05-14,7.1252
BOAC,2024,0,47,2025-04-16,2025-06-02,9.0833
BOAC,2025,0,47,2026-04-15,2026-06-01,11.7004
BOAM,2023,0,47,2024-04-23,2024-06-09,21.3928
BOAM,2024,0,47,2025-04-10,2025-05-27,16.0
BOAM,2025,0,47,2026-04-14,2026-05-31,13.5371
BOAN,2021,0,47,2022-03-30,2022-05-16,13.2372
BOAN,2022,0,47,2023-03-30,2023-05-16,0.0
BOAN,2023,0,47,2024-04-04,2024-05-21,-4.6667
BOAS,2021,0,47,2022-04-15,2022-06-01,8.4698
BOAS,2022,0,47,2023-03-31,2023-05-17,19.5902
BOAS,2023,0,47,2024-04-18,2024-06-04,10.6297
BOAS,2024,0,47,2025-04-08,2025-05-25,-0.7009
BOAS,2025,0,47,2026-04-30,2026-06-16,10.7143
CABC,2021,0,47,2022-04-07,2022-05-24,-0.4545
CABC,2025,0,47,2026-04-27,2026-06-13,15.3339
CBIBF,2021,0,47,2022-04-07,2022-05-24,-3.0117
CBIBF,2022,0,47,2023-04-17,2023-06-03,-2.3154
CBIBF,2023,0,47,2024-04-12,2024-05-29,15.4696
CBIBF,2024,0,47,2025-04-29,2025-06-15,2.0918
CBIBF,2025,0,47,2026-04-16,2026-06-02,37.3248
CFAC,2021,0,47,2022-06-21,2022-08-07,-0.6936
CFAC,2022,0,47,2023-06-27,2023-08-13,14.2857
CFAC,2023,0,47,2024-06-27,2024-08-13,0.0
CIEC,2021,0,47,2022-06-20,2022-08-06,0.5532
CIEC,2022,0,47,2023-06-20,2023-08-06,11.1058
CIEC,2023,0,47,2024-06-26,2024-08-12,5.8128
ECOC,2021,0,47,2022-04-05,2022-05-22,-3.02
ECOC,2022,0,47,2023-04-26,2023-06-12,9.1822
ECOC,2023,0,47,2024-04-25,2024-06-11,14.3188
ECOC,2024,0,47,2025-04-29,2025-06-15,19.1203
ECOC,2025,0,47,2026-04-24,2026-06-10,10.55
FTSC,2023,0,47,2024-06-20,2024-08-06,12.4528
NSBC,2022,0,47,2023-05-19,2023-07-05,16.5686
NSBC,2023,0,47,2024-05-23,2024-07-09,18.3793
NSBC,2024,0,47,2025-05-26,2025-07-12,19.1147
NTLC,2021,0,47,2022-05-20,2022-07-06,1.4286
NTLC,2022,0,47,2023-05-12,2023-06-28,-3.1072
NTLC,2023,0,47,2024-06-11,2024-07-28,3.8025
NTLC,2024,0,47,2025-06-12,2025-07-29,4.8684
ONTBF,2021,0,47,2022-05-12,2022-06-28,8.761
ONTBF,2022,0,47,2023-05-09,2023-06-25,12.2264
ONTBF,2023,0,47,2024-06-24,2024-08-10,23.263
ONTBF,2024,0,47,2025-05-28,2025-07-14,0.8233
ONTBF,2025,0,47,2026-04-29,2026-06-15,9.6415
ORAC,2022,0,47,2023-04-13,2023-05-30,3.2609
ORAC,2023,0,47,2024-04-16,2024-06-02,12.0276
ORAC,2024,0,47,2025-04-10,2025-05-27,3.9145
ORAC,2025,0,47,2026-05-18,2026-07-04,16.8317
PRSC,2021,0,47,2022-06-30,2022-08-16,-1.2694
PRSC,2022,0,47,2023-06-26,2023-08-12,6.2284
SHEC,2021,0,47,2022-09-22,2022-11-08,0.904
SHEC,2022,0,47,2023-11-21,2024-01-07,0.8383
SLBC,2023,0,47,2024-05-31,2024-07-17,0.0
SLBC,2024,0,47,2025-05-21,2025-07-07,12.2965
SMBC,2021,0,47,2022-06-21,2022-08-07,-4.7552
SMBC,2023,0,47,2024-06-14,2024-07-31,9.7458
SNTS,2021,0,47,2022-04-28,2022-06-14,1.7908
SNTS,2022,0,47,2023-04-18,2023-06-04,4.8418
SNTS,2025,0,47,2026-04-16,2026-06-02,5.7544
SOGC,2021,0,47,2022-06-15,2022-08-01,0.8308
SOGC,2022,0,47,2023-06-13,2023-07-30,-15.4227
SOGC,2023,0,47,2024-05-24,2024-07-10,23.2114
SOGC,2024,0,47,2025-05-20,2025-07-06,15.8196
SPHC,2021,0,47,2022-06-13,2022-07-30,4.0833
SPHC,2022,0,47,2023-06-12,2023-07-29,-7.6923
SPHC,2023,0,47,2024-06-04,2024-07-21,26.1053
SPHC,2024,0,47,2025-04-08,2025-05-25,32.067
STBC,2021,0,47,2022-06-28,2022-08-14,5.9322
STBC,2022,0,47,2023-06-30,2023-08-16,3.5545
STBC,2023,0,47,2024-06-21,2024-08-07,25.5
STBC,2024,0,47,2025-07-30,2025-09-15,7.4718
TTLC,2021,0,47,2022-06-16,2022-08-02,-5.6962
TTLC,2022,0,47,2023-06-15,2023-08-01,10.4895
TTLC,2023,0,47,2024-06-21,2024-08-07,13.8425
TTLC,2024,0,47,2025-06-19,2025-08-05,0.7767
BOAB,2021,0,70,2022-04-13,2022-06-22,0.5446
BOAB,2022,0,70,2023-04-14,2023-06-23,7.4415
BOAB,2023,0,70,2024-04-12,2024-06-21,7.6074
BOAB,2024,0,70,2025-04-02,2025-06-11,9.448
BOAB,2025,0,70,2026-04-30,2026-07-09,5.3902
BOABF,2021,0,70,2022-03-29,2022-06-07,-3.3115
BOABF,2022,0,70,2023-03-30,2023-06-08,10.8883
BOABF,2023,0,70,2024-03-28,2024-06-06,3.6503
BOABF,2024,0,70,2025-03-17,2025-05-26,-9.5824
BOABF,2025,0,70,2026-03-23,2026-06-01,10.9731
BOAC,2021,0,70,2022-03-31,2022-06-09,3.6145
BOAC,2022,0,70,2023-03-29,2023-06-07,12.3213
BOAC,2023,0,70,2024-03-28,2024-06-06,9.0509
BOAC,2024,0,70,2025-04-16,2025-06-25,11.9167
BOAC,2025,0,70,2026-04-15,2026-06-24,15.818
BOAM,2023,0,70,2024-04-23,2024-07-02,19.2259
BOAM,2024,0,70,2025-04-10,2025-06-19,35.0
BOAM,2025,0,70,2026-04-14,2026-06-23,3.8218
BOAN,2021,0,70,2022-03-30,2022-06-08,2.9263
BOAN,2022,0,70,2023-03-30,2023-06-08,3.4361
BOAN,2023,0,70,2024-04-04,2024-06-13,-5.6768
BOAS,2021,0,70,2022-04-15,2022-06-24,4.388
BOAS,2022,0,70,2023-03-31,2023-06-09,31.891
BOAS,2023,0,70,2024-04-18,2024-06-27,22.3779
BOAS,2024,0,70,2025-04-08,2025-06-17,7.3598
BOAS,2025,0,70,2026-04-30,2026-07-09,10.7143
CABC,2021,0,70,2022-04-07,2022-06-16,-1.8182
CABC,2025,0,70,2026-04-27,2026-07-06,29.0839
CBIBF,2021,0,70,2022-04-07,2022-06-16,-6.3298
CBIBF,2022,0,70,2023-04-17,2023-06-26,0.0626
CBIBF,2023,0,70,2024-04-12,2024-06-21,14.9171
CBIBF,2024,0,70,2025-04-29,2025-07-08,10.2041
CBIBF,2025,0,70,2026-04-16,2026-06-25,44.4904
CFAC,2021,0,70,2022-06-21,2022-08-30,1.6185
CFAC,2022,0,70,2023-06-27,2023-09-05,13.0435
CFAC,2023,0,70,2024-06-27,2024-09-05,2.5373
CIEC,2021,0,70,2022-06-20,2022-08-29,0.3404
CIEC,2022,0,70,2023-06-20,2023-08-29,3.8942
CIEC,2023,0,70,2024-06-26,2024-09-04,9.7537
ECOC,2021,0,70,2022-04-05,2022-06-14,0.58
ECOC,2022,0,70,2023-04-26,2023-07-05,15.0372
ECOC,2023,0,70,2024-04-25,2024-07-04,11.6377
ECOC,2024,0,70,2025-04-29,2025-07-08,21.1426
ECOC,2025,0,70,2026-04-24,2026-07-03,8.675
FTSC,2023,0,70,2024-06-20,2024-08-29,9.0569
NSBC,2022,0,70,2023-05-19,2023-07-28,20.3922
NSBC,2023,0,70,2024-05-23,2024-08-01,14.931
NSBC,2024,0,70,2025-05-26,2025-08-04,20.629
NTLC,2021,0,70,2022-05-20,2022-07-29,9.5429
NTLC,2022,0,70,2023-05-12,2023-07-21,5.8973
NTLC,2023,0,70,2024-06-11,2024-08-20,5.3636
NTLC,2024,0,70,2025-06-12,2025-08-21,11.1404
ONTBF,2021,0,70,2022-05-12,2022-07-21,8.761
ONTBF,2022,0,70,2023-05-09,2023-07-18,14.7592
ONTBF,2023,0,70,2024-06-24,2024-09-02,26.7627
ONTBF,2024,0,70,2025-05-28,2025-08-06,6.2249
ONTBF,2025,0,70,2026-04-29,2026-07-08,10.0119
ORAC,2022,0,70,2023-04-13,2023-06-22,11.7391
ORAC,2023,0,70,2024-04-16,2024-06-25,16.682
ORAC,2024,0,70,2025-04-10,2025-06-19,5.9474
ORAC,2025,0,70,2026-05-18,2026-07-27,15.6766
PRSC,2021,0,70,2022-06-30,2022-09-08,6.4598
PRSC,2022,0,70,2023-06-26,2023-09-04,15.2249
SHEC,2021,0,70,2022-09-22,2022-12-01,-7.5706
SHEC,2022,0,70,2023-11-21,2024-01-30,2.0359
SLBC,2023,0,70,2024-05-31,2024-08-09,0.0
SLBC,2024,0,70,2025-05-21,2025-07-30,21.3488
SMBC,2021,0,70,2022-06-21,2022-08-30,-3.0769
SMBC,2023,0,70,2024-06-14,2024-08-23,14.4068
SNTS,2021,0,70,2022-04-28,2022-07-07,-0.1257
SNTS,2022,0,70,2023-04-18,2023-06-27,7.4051
SNTS,2025,0,70,2026-04-16,2026-06-25,6.1579
SOGC,2021,0,70,2022-06-15,2022-08-24,-0.2462
SOGC,2022,0,70,2023-06-13,2023-08-22,-13.3608
SOGC,2023,0,70,2024-05-24,2024-08-02,39.2051
SOGC,2024,0,70,2025-05-20,2025-07-29,12.3407
SPHC,2021,0,70,2022-06-13,2022-08-22,2.8167
SPHC,2022,0,70,2023-06-12,2023-08-21,-4.7692
SPHC,2023,0,70,2024-06-04,2024-08-13,39.7474
SPHC,2024,0,70,2025-04-08,2025-06-17,47.486
STBC,2021,0,70,2022-06-28,2022-09-06,-4.4915
STBC,2022,0,70,2023-06-30,2023-09-08,5.4502
STBC,2023,0,70,2024-06-21,2024-08-30,29.8571
STBC,2024,0,70,2025-07-30,2025-10-08,8.6513
TTLC,2021,0,70,2022-06-16,2022-08-25,0.2532
TTLC,2022,0,70,2023-06-15,2023-08-24,0.0
TTLC,2023,0,70,2024-06-21,2024-08-30,16.9451
TTLC,2024,0,70,2025-06-19,2025-08-28,-1.3592
BOAB,2021,5,35,2022-04-18,2022-05-23,4.9394
BOAB,2022,5,35,2023-04-19,2023-05-24,4.1324
BOAB,2023,5,35,2024-04-17,2024-05-22,0.5517
BOAB,2024,5,35,2025-04-07,2025-05-12,0.3188
BOAB,2025,5,35,2026-05-05,2026-06-09,0.3784
BOABF,2021,5,35,2022-04-03,2022-05-08,0.8
BOABF,2022,5,35,2023-04-04,2023-05-09,12.125
BOABF,2023,5,35,2024-04-02,2024-05-07,4.8732
BOABF,2024,5,35,2025-03-22,2025-04-26,-6.1163
BOABF,2025,5,35,2026-03-28,2026-05-02,9.7459
BOAC,2021,5,35,2022-04-05,2022-05-10,-2.807
BOAC,2022,5,35,2023-04-03,2023-05-08,7.5294
BOAC,2023,5,35,2024-04-02,2024-05-07,5.2828
BOAC,2024,5,35,2025-04-21,2025-05-26,9.2654
BOAC,2025,5,35,2026-04-20,2026-05-25,10.0527
BOAM,2023,5,35,2024-04-28,2024-06-02,22.562
BOAM,2024,5,35,2025-04-15,2025-05-20,4.2831
BOAM,2025,5,35,2026-04-19,2026-05-24,6.1702
BOAN,2021,5,35,2022-04-04,2022-05-09,5.7619
BOAN,2022,5,35,2023-04-04,2023-05-09,-1.5588
BOAN,2023,5,35,2024-04-09,2024-05-14,-2.8007
BOAS,2021,5,35,2022-04-20,2022-05-25,2.4742
BOAS,2022,5,35,2023-04-05,2023-05-10,12.6434
BOAS,2023,5,35,2024-04-23,2024-05-28,7.0833
BOAS,2024,5,35,2025-04-13,2025-05-18,3.5366
BOAS,2025,5,35,2026-05-05,2026-06-09,9.3426
CABC,2021,5,35,2022-04-12,2022-05-17,0.8621
CABC,2025,5,35,2026-05-02,2026-06-06,14.6394
CBIBF,2021,5,35,2022-04-12,2022-05-17,-1.641
CBIBF,2022,5,35,2023-04-22,2023-05-27,-0.9404
CBIBF,2023,5,35,2024-04-17,2024-05-22,6.4013
CBIBF,2024,5,35,2025-05-04,2025-06-08,3.0928
CBIBF,2025,5,35,2026-04-21,2026-05-26,27.7679
CFAC,2021,5,35,2022-06-26,2022-07-31,0.4571
CFAC,2022,5,35,2023-07-02,2023-08-06,14.8148
CFAC,2023,5,35,2024-07-02,2024-08-06,-2.9197
CIEC,2021,5,35,2022-06-25,2022-07-30,6.8696
CIEC,2022,5,35,2023-06-25,2023-07-30,19.05
CIEC,2023,5,35,2024-07-01,2024-08-05,5.4135
ECOC,2021,5,35,2022-04-10,2022-05-15,-3.885
ECOC,2022,5,35,2023-05-01,2023-06-05,5.4413
ECOC,2023,5,35,2024-04-30,2024-06-04,16.1421
ECOC,2024,5,35,2025-05-04,2025-06-08,11.4822
ECOC,2025,5,35,2026-04-29,2026-06-03,5.1411
FTSC,2023,5,35,2024-06-25,2024-07-30,3.7038
NSBC,2022,5,35,2023-05-24,2023-06-28,1.9417
NSBC,2023,5,35,2024-05-28,2024-07-02,5.0
NSBC,2024,5,35,2025-05-31,2025-07-05,17.9191
NTLC,2021,5,35,2022-05-25,2022-06-29,0.0
NTLC,2022,5,35,2023-05-17,2023-06-21,-1.0968
NTLC,2023,5,35,2024-06-16,2024-07-21,0.0667
NTLC,2024,5,35,2025-06-17,2025-07-22,7.2727
ONTBF,2021,5,35,2022-05-17,2022-06-21,16.5333
ONTBF,2022,5,35,2023-05-14,2023-06-18,-8.4571
ONTBF,2023,5,35,2024-06-29,2024-08-03,16.3571
ONTBF,2024,5,35,2025-06-02,2025-07-07,2.0
ONTBF,2025,5,35,2026-05-04,2026-06-08,3.9356
ORAC,2022,5,35,2023-04-18,2023-05-23,4.9724
ORAC,2023,5,35,2024-04-21,2024-05-26,5.9908
ORAC,2024,5,35,2025-04-15,2025-05-20,6.2069
ORAC,2025,5,35,2026-05-23,2026-06-27,12.5402
PRSC,2021,5,35,2022-07-05,2022-08-09,0.0
PRSC,2022,5,35,2023-07-01,2023-08-05,-0.6452
SHEC,2021,5,35,2022-09-27,2022-11-01,6.092
SHEC,2022,5,35,2023-11-26,2023-12-31,2.0482
SLBC,2023,5,35,2024-06-05,2024-07-10,0.0
SLBC,2024,5,35,2025-05-26,2025-06-30,6.7937
SMBC,2021,5,35,2022-06-26,2022-07-31,-1.3986
SMBC,2023,5,35,2024-06-19,2024-07-24,6.1983
SNTS,2021,5,35,2022-05-03,2022-06-07,0.9721
SNTS,2022,5,35,2023-04-23,2023-05-28,4.2453
SNTS,2025,5,35,2026-04-21,2026-05-26,6.3028
SOGC,2021,5,35,2022-06-20,2022-07-25,0.0611
SOGC,2022,5,35,2023-06-18,2023-07-23,-8.8613
SOGC,2023,5,35,2024-05-29,2024-07-03,17.8344
SOGC,2024,5,35,2025-05-25,2025-06-29,19.5652
SPHC,2021,5,35,2022-06-18,2022-07-23,-2.3622
SPHC,2022,5,35,2023-06-17,2023-07-22,-7.0866
SPHC,2023,5,35,2024-06-09,2024-07-14,23.4568
SPHC,2024,5,35,2025-04-13,2025-05-18,43.7863
STBC,2021,5,35,2022-07-03,2022-08-07,2.6506
STBC,2022,5,35,2023-07-05,2023-08-09,11.7694
STBC,2023,5,35,2024-06-26,2024-07-31,23.1944
STBC,2024,5,35,2025-08-04,2025-09-08,5.6776
TTLC,2021,5,35,2022-06-21,2022-07-26,0.0
TTLC,2022,5,35,2023-06-20,2023-07-25,4.4289
TTLC,2023,5,35,2024-06-26,2024-07-31,3.5461
TTLC,2024,5,35,2025-06-24,2025-07-29,-3.2882
BOAB,2021,5,47,2022-04-18,2022-06-04,-1.1212
BOAB,2022,5,47,2023-04-19,2023-06-05,3.2446
BOAB,2023,5,47,2024-04-17,2024-06-03,7.1172
BOAB,2024,5,47,2025-04-07,2025-05-24,2.9756
BOAB,2025,5,47,2026-05-05,2026-06-21,2.0
BOABF,2021,5,47,2022-04-03,2022-05-20,-1.5333
BOABF,2022,5,47,2023-04-04,2023-05-21,7.5714
BOABF,2023,5,47,2024-04-02,2024-05-19,1.8451
BOABF,2024,5,47,2025-03-22,2025-05-08,-15.7674
BOABF,2025,5,47,2026-03-28,2026-05-14,5.2995
BOAC,2021,5,47,2022-04-05,2022-05-22,-4.1228
BOAC,2022,5,47,2023-04-03,2023-05-20,9.4902
BOAC,2023,5,47,2024-04-02,2024-05-19,9.1448
BOAC,2024,5,47,2025-04-21,2025-06-07,6.7613
BOAC,2025,5,47,2026-04-20,2026-06-06,10.169
BOAM,2023,5,47,2024-04-28,2024-06-14,17.6231
BOAM,2024,5,47,2025-04-15,2025-06-01,9.4972
BOAM,2025,5,47,2026-04-19,2026-06-05,6.2774
BOAN,2021,5,47,2022-04-04,2022-05-21,1.0311
BOAN,2022,5,47,2023-04-04,2023-05-21,-0.7384
BOAN,2023,5,47,2024-04-09,2024-05-26,-2.8829
BOAS,2021,5,47,2022-04-20,2022-06-06,6.4948
BOAS,2022,5,47,2023-04-05,2023-05-22,22.069
BOAS,2023,5,47,2024-04-23,2024-06-09,10.5554
BOAS,2024,5,47,2025-04-13,2025-05-30,7.3171
BOAS,2025,5,47,2026-05-05,2026-06-21,9.2734
CABC,2021,5,47,2022-04-12,2022-05-29,-13.3621
CABC,2025,5,47,2026-05-02,2026-06-18,15.7506
CBIBF,2021,5,47,2022-04-12,2022-05-29,-0.5128
CBIBF,2022,5,47,2023-04-22,2023-06-08,-0.9404
CBIBF,2023,5,47,2024-04-17,2024-06-03,13.8246
CBIBF,2024,5,47,2025-05-04,2025-06-20,6.0825
CBIBF,2025,5,47,2026-04-21,2026-06-07,30.9524
CFAC,2021,5,47,2022-06-26,2022-08-12,0.4571
CFAC,2022,5,47,2023-07-02,2023-08-18,17.284
CFAC,2023,5,47,2024-07-02,2024-08-18,-2.9197
CIEC,2021,5,47,2022-06-25,2022-08-11,2.5217
CIEC,2022,5,47,2023-06-25,2023-08-11,11.05
CIEC,2023,5,47,2024-07-01,2024-08-17,7.9198
ECOC,2021,5,47,2022-04-10,2022-05-27,-0.218
ECOC,2022,5,47,2023-05-01,2023-06-17,6.3512
ECOC,2023,5,47,2024-04-30,2024-06-16,11.7912
ECOC,2024,5,47,2025-05-04,2025-06-20,24.6802
ECOC,2025,5,47,2026-04-29,2026-06-15,8.454
FTSC,2023,5,47,2024-06-25,2024-08-11,10.371
NSBC,2022,5,47,2023-05-24,2023-07-10,20.4854
NSBC,2023,5,47,2024-05-28,2024-07-14,11.1
NSBC,2024,5,47,2025-05-31,2025-07-17,22.2659
NTLC,2021,5,47,2022-05-25,2022-07-11,0.0
NTLC,2022,5,47,2023-05-17,2023-07-03,-0.7097
NTLC,2023,5,47,2024-06-16,2024-08-02,3.936
NTLC,2024,5,47,2025-06-17,2025-08-03,10.0
ONTBF,2021,5,47,2022-05-17,2022-07-03,15.5
ONTBF,2022,5,47,2023-05-14,2023-06-30,9.4877
ONTBF,2023,5,47,2024-06-29,2024-08-15,23.581
ONTBF,2024,5,47,2025-06-02,2025-07-19,7.4
ONTBF,2025,5,47,2026-05-04,2026-06-20,1.8004
ORAC,2022,5,47,2023-04-18,2023-06-04,5.5249
ORAC,2023,5,47,2024-04-21,2024-06-07,11.1521
ORAC,2024,5,47,2025-04-15,2025-06-01,8.8966
ORAC,2025,5,47,2026-05-23,2026-07-09,8.0386
PRSC,2021,5,47,2022-07-05,2022-08-21,-1.3333
PRSC,2022,5,47,2023-07-01,2023-08-17,0.0
SHEC,2021,5,47,2022-09-27,2022-11-13,-1.954
SHEC,2022,5,47,2023-11-26,2024-01-12,-2.1687
SLBC,2023,5,47,2024-06-05,2024-07-22,0.0
SLBC,2024,5,47,2025-05-26,2025-07-12,16.0317
SMBC,2021,5,47,2022-06-26,2022-08-12,-2.3077
SMBC,2023,5,47,2024-06-19,2024-08-05,6.6116
SNTS,2021,5,47,2022-05-03,2022-06-19,0.9721
SNTS,2022,5,47,2023-04-23,2023-06-09,6.761
SNTS,2025,5,47,2026-04-21,2026-06-07,6.4789
SOGC,2021,5,47,2022-06-20,2022-08-06,-0.626
SOGC,2022,5,47,2023-06-18,2023-08-04,-17.0393
SOGC,2023,5,47,2024-05-29,2024-07-15,23.4076
SOGC,2024,5,47,2025-05-25,2025-07-11,10.971
SPHC,2021,5,47,2022-06-18,2022-08-04,-0.9606
SPHC,2022,5,47,2023-06-17,2023-08-03,0.4724
SPHC,2023,5,47,2024-06-09,2024-07-26,23.0453
SPHC,2024,5,47,2025-04-13,2025-05-30,43.9024
STBC,2021,5,47,2022-07-03,2022-08-19,0.241
STBC,2022,5,47,2023-07-05,2023-08-21,7.8199
STBC,2023,5,47,2024-06-26,2024-08-12,22.0139
STBC,2024,5,47,2025-08-04,2025-09-20,5.3249
TTLC,2021,5,47,2022-06-21,2022-08-07,3.386
TTLC,2022,5,47,2023-06-20,2023-08-06,3.9627
TTLC,2023,5,47,2024-06-26,2024-08-12,14.6572
TTLC,2024,5,47,2025-06-24,2025-08-10,0.3868
BOAB,2021,5,70,2022-04-18,2022-06-27,0.697
BOAB,2022,5,70,2023-04-19,2023-06-28,7.2801
BOAB,2023,5,70,2024-04-17,2024-06-26,6.3586
BOAB,2024,5,70,2025-04-07,2025-06-16,8.7141
BOAB,2025,5,70,2026-05-05,2026-07-14,1.4595
BOABF,2021,5,70,2022-04-03,2022-06-12,-1.7
BOABF,2022,5,70,2023-04-04,2023-06-13,14.1786
BOABF,2023,5,70,2024-04-02,2024-06-11,3.5352
BOABF,2024,5,70,2025-03-22,2025-05-31,-6.5814
BOABF,2025,5,70,2026-03-28,2026-06-06,8.657
BOAC,2021,5,70,2022-04-05,2022-06-14,0.7018
BOAC,2022,5,70,2023-04-03,2023-06-12,15.3725
BOAC,2023,5,70,2024-04-02,2024-06-11,9.9034
BOAC,2024,5,70,2025-04-21,2025-06-30,12.1035
BOAC,2025,5,70,2026-04-20,2026-06-29,12.2038
BOAM,2023,5,70,2024-04-28,2024-07-07,20.7102
BOAM,2024,5,70,2025-04-15,2025-06-24,23.0912
BOAM,2025,5,70,2026-04-19,2026-06-28,9.7881
BOAN,2021,5,70,2022-04-04,2022-06-13,7.172
BOAN,2022,5,70,2023-04-04,2023-06-13,4.3411
BOAN,2023,5,70,2024-04-09,2024-06-18,-6.4351
BOAS,2021,5,70,2022-04-20,2022-06-29,6.7008
BOAS,2022,5,70,2023-04-05,2023-06-14,37.931
BOAS,2023,5,70,2024-04-23,2024-07-02,21.5279
BOAS,2024,5,70,2025-04-13,2025-06-22,12.1951
BOAS,2025,5,70,2026-05-05,2026-07-14,7.2664
CABC,2021,5,70,2022-04-12,2022-06-21,-0.8621
CABC,2025,5,70,2026-05-02,2026-07-11,14.0839
CBIBF,2021,5,70,2022-04-12,2022-06-21,-5.641
CBIBF,2022,5,70,2023-04-22,2023-07-01,4.0752
CBIBF,2023,5,70,2024-04-17,2024-06-26,12.426
CBIBF,2024,5,70,2025-05-04,2025-07-13,13.4021
CBIBF,2025,5,70,2026-04-21,2026-06-30,37.4702
CFAC,2021,5,70,2022-06-26,2022-09-04,0.4571
CFAC,2022,5,70,2023-07-02,2023-09-10,14.1975
CFAC,2023,5,70,2024-07-02,2024-09-10,0.292
CIEC,2021,5,70,2022-06-25,2022-09-03,-0.087
CIEC,2022,5,70,2023-06-25,2023-09-03,8.55
CIEC,2023,5,70,2024-07-01,2024-09-09,14.4361
ECOC,2021,5,70,2022-04-10,2022-06-19,0.0793
ECOC,2022,5,70,2023-05-01,2023-07-10,11.2648
ECOC,2023,5,70,2024-04-30,2024-07-09,10.3408
ECOC,2024,5,70,2025-05-04,2025-07-13,28.6396
ECOC,2025,5,70,2026-04-29,2026-07-08,7.5337
FTSC,2023,5,70,2024-06-25,2024-09-03,11.1113
NSBC,2022,5,70,2023-05-24,2023-08-02,19.4175
NSBC,2023,5,70,2024-05-28,2024-08-06,11.0167
NSBC,2024,5,70,2025-05-31,2025-08-09,18.7977
NTLC,2021,5,70,2022-05-25,2022-08-03,6.8286
NTLC,2022,5,70,2023-05-17,2023-07-26,7.6129
NTLC,2023,5,70,2024-06-16,2024-08-25,5.03
NTLC,2024,5,70,2025-06-17,2025-08-26,17.0
ONTBF,2021,5,70,2022-05-17,2022-07-26,18.5333
ONTBF,2022,5,70,2023-05-14,2023-07-23,14.3377
ONTBF,2023,5,70,2024-06-29,2024-09-07,28.483
ONTBF,2024,5,70,2025-06-02,2025-08-11,5.4
ONTBF,2025,5,70,2026-05-04,2026-07-13,5.3782
ORAC,2022,5,70,2023-04-18,2023-06-27,13.5912
ORAC,2023,5,70,2024-04-21,2024-06-30,14.8387
ORAC,2024,5,70,2025-04-15,2025-06-24,11.6828
ORAC,2025,5,70,2026-05-23,2026-08-01,12.701
PRSC,2021,5,70,2022-07-05,2022-09-13,4.64
PRSC,2022,5,70,2023-07-01,2023-09-09,8.0645
SHEC,2021,5,70,2022-09-27,2022-12-06,-13.4483
SHEC,2022,5,70,2023-11-26,2024-02-04,3.253
SLBC,2023,5,70,2024-06-05,2024-08-14,0.0
SLBC,2024,5,70,2025-05-26,2025-08-04,29.346
SMBC,2021,5,70,2022-06-26,2022-09-04,-0.4196
SMBC,2023,5,70,2024-06-19,2024-08-28,12.5207
SNTS,2021,5,70,2022-05-03,2022-07-12,0.0314
SNTS,2022,5,70,2023-04-23,2023-07-02,6.761
SNTS,2025,5,70,2026-04-21,2026-06-30,5.7746
SOGC,2021,5,70,2022-06-20,2022-08-29,-0.7023
SOGC,2022,5,70,2023-06-18,2023-08-27,-13.2091
SOGC,2023,5,70,2024-05-29,2024-08-07,41.0191
SOGC,2024,5,70,2025-05-25,2025-08-03,16.6957
SPHC,2021,5,70,2022-06-18,2022-08-27,-2.4567
SPHC,2022,5,70,2023-06-17,2023-08-26,-3.937
SPHC,2023,5,70,2024-06-09,2024-08-18,36.7901
SPHC,2024,5,70,2025-04-13,2025-06-22,62.6016
STBC,2021,5,70,2022-07-03,2022-09-11,-11.004
STBC,2022,5,70,2023-07-05,2023-09-13,5.3712
STBC,2023,5,70,2024-06-26,2024-09-04,26.25
STBC,2024,5,70,2025-08-04,2025-10-13,8.5995
TTLC,2021,5,70,2022-06-21,2022-08-30,8.3973
TTLC,2022,5,70,2023-06-20,2023-08-29,-0.6993
TTLC,2023,5,70,2024-06-26,2024-09-04,22.9314
TTLC,2024,5,70,2025-06-24,2025-09-02,-0.1934
BOAB,2021,10,35,2022-04-23,2022-05-28,-5.076
BOAB,2022,10,35,2023-04-24,2023-05-29,4.2131
BOAB,2023,10,35,2024-04-22,2024-05-27,10.9167
BOAB,2024,10,35,2025-04-12,2025-05-17,1.065
BOAB,2025,10,35,2026-05-10,2026-06-14,-0.3723
BOABF,2021,10,35,2022-04-08,2022-05-13,2.4258
BOABF,2022,10,35,2023-04-09,2023-05-14,10.0727
BOABF,2023,10,35,2024-04-07,2024-05-12,4.4886
BOABF,2024,10,35,2025-03-27,2025-05-01,-14.1882
BOABF,2025,10,35,2026-04-02,2026-05-07,3.6071
BOAC,2021,10,35,2022-04-10,2022-05-15,2.5022
BOAC,2022,10,35,2023-04-08,2023-05-13,5.9423
BOAC,2023,10,35,2024-04-07,2024-05-12,4.869
BOAC,2024,10,35,2025-04-26,2025-05-31,7.3831
BOAC,2025,10,35,2026-04-25,2026-05-30,9.762
BOAM,2023,10,35,2024-05-03,2024-06-07,14.6491
BOAM,2024,10,35,2025-04-20,2025-05-25,5.2142
BOAM,2025,10,35,2026-04-24,2026-05-29,8.6446
BOAN,2021,10,35,2022-04-09,2022-05-14,11.3778
BOAN,2022,10,35,2023-04-09,2023-05-14,0.0
BOAN,2023,10,35,2024-04-14,2024-05-19,-5.1071
BOAS,2021,10,35,2022-04-25,2022-05-30,3.8618
BOAS,2022,10,35,2023-04-10,2023-05-15,15.0438
BOAS,2023,10,35,2024-04-28,2024-06-02,6.8495
BOAS,2024,10,35,2025-04-18,2025-05-23,0.9501
BOAS,2025,10,35,2026-05-10,2026-06-14,5.2097
CABC,2021,10,35,2022-04-17,2022-05-22,-1.2712
CABC,2025,10,35,2026-05-07,2026-06-11,21.027
CBIBF,2021,10,35,2022-04-17,2022-05-22,-6.0266
CBIBF,2022,10,35,2023-04-27,2023-06-01,-2.5
CBIBF,2023,10,35,2024-04-22,2024-05-27,16.1111
CBIBF,2024,10,35,2025-05-09,2025-06-13,2.0918
CBIBF,2025,10,35,2026-04-26,2026-05-31,30.7459
CFAC,2021,10,35,2022-07-01,2022-08-05,-0.6936
CFAC,2022,10,35,2023-07-07,2023-08-11,14.2857
CFAC,2023,10,35,2024-07-07,2024-08-11,-2.1898
CIEC,2021,10,35,2022-06-30,2022-08-04,-1.3333
CIEC,2022,10,35,2023-06-30,2023-08-04,10.0476
CIEC,2023,10,35,2024-07-06,2024-08-10,7.15
ECOC,2021,10,35,2022-04-15,2022-05-20,-3.885
ECOC,2022,10,35,2023-05-06,2023-06-10,6.5273
ECOC,2023,10,35,2024-05-05,2024-06-09,16.1471
ECOC,2024,10,35,2025-05-09,2025-06-13,19.0
ECOC,2025,10,35,2026-05-04,2026-06-08,6.0613
FTSC,2023,10,35,2024-06-30,2024-08-04,10.1442
NSBC,2022,10,35,2023-05-29,2023-07-03,4.9
NSBC,2023,10,35,2024-06-02,2024-07-07,15.4462
NSBC,2024,10,35,2025-06-05,2025-07-10,14.9249
NTLC,2021,10,35,2022-05-30,2022-07-04,-0.6944
NTLC,2022,10,35,2023-05-22,2023-06-26,-0.7097
NTLC,2023,10,35,2024-06-21,2024-07-26,3.8025
NTLC,2024,10,35,2025-06-22,2025-07-27,7.1749
ONTBF,2021,10,35,2022-05-22,2022-06-26,19.8276
ONTBF,2022,10,35,2023-05-19,2023-06-23,21.25
ONTBF,2023,10,35,2024-07-04,2024-08-08,18.2474
ONTBF,2024,10,35,2025-06-07,2025-07-12,2.0
ONTBF,2025,10,35,2026-05-09,2026-06-13,7.258
ORAC,2022,10,35,2023-04-23,2023-05-28,5.5556
ORAC,2023,10,35,2024-04-26,2024-05-31,10.6005
ORAC,2024,10,35,2025-04-20,2025-05-25,12.4155
ORAC,2025,10,35,2026-05-28,2026-07-02,11.465
PRSC,2021,10,35,2022-07-10,2022-08-14,0.0
PRSC,2022,10,35,2023-07-06,2023-08-10,5.8621
SHEC,2021,10,35,2022-10-02,2022-11-06,3.2
SHEC,2022,10,35,2023-12-01,2024-01-05,1.4458
SLBC,2023,10,35,2024-06-10,2024-07-15,0.0
SLBC,2024,10,35,2025-05-31,2025-07-05,14.3195
SMBC,2021,10,35,2022-07-01,2022-08-05,-7.9108
SMBC,2023,10,35,2024-06-24,2024-07-29,4.0
SNTS,2021,10,35,2022-05-08,2022-06-12,1.5625
SNTS,2022,10,35,2023-04-28,2023-06-02,3.596
SNTS,2025,10,35,2026-04-26,2026-05-31,5.9298
SOGC,2021,10,35,2022-06-25,2022-07-30,-1.9105
SOGC,2022,10,35,2023-06-23,2023-07-28,-14.4526
SOGC,2023,10,35,2024-06-03,2024-07-08,20.0
SOGC,2024,10,35,2025-05-30,2025-07-04,12.3611
SPHC,2021,10,35,2022-06-23,2022-07-28,-4.3137
SPHC,2022,10,35,2023-06-22,2023-07-27,0.1669
SPHC,2023,10,35,2024-06-14,2024-07-19,20.0401
SPHC,2024,10,35,2025-04-18,2025-05-23,32.9584
STBC,2021,10,35,2022-07-08,2022-08-12,4.0799
STBC,2022,10,35,2023-07-10,2023-08-14,8.1538
STBC,2023,10,35,2024-07-01,2024-08-05,22.0987
STBC,2024,10,35,2025-08-09,2025-09-13,4.3415
TTLC,2021,10,35,2022-06-26,2022-07-31,4.0724
TTLC,2022,10,35,2023-06-25,2023-07-30,3.4247
TTLC,2023,10,35,2024-07-01,2024-08-05,7.5829
TTLC,2024,10,35,2025-06-29,2025-08-03,0.1927
BOAB,2021,10,47,2022-04-23,2022-06-09,1.003
BOAB,2022,10,47,2023-04-24,2023-06-10,1.7918
BOAB,2023,10,47,2024-04-22,2024-06-08,6.75
BOAB,2024,10,47,2025-04-12,2025-05-29,4.2599
BOAB,2025,10,47,2026-05-10,2026-06-26,1.4362
BOABF,2021,10,47,2022-04-08,2022-05-25,-5.0382
BOABF,2022,10,47,2023-04-09,2023-05-26,12.8
BOABF,2023,10,47,2024-04-07,2024-05-24,2.5
BOABF,2024,10,47,2025-03-27,2025-05-13,-8.4235
BOABF,2025,10,47,2026-04-02,2026-05-19,3.5179
BOAC,2021,10,47,2022-04-10,2022-05-27,-1.966
BOAC,2022,10,47,2023-04-08,2023-05-25,7.2885
BOAC,2023,10,47,2024-04-07,2024-05-24,9.2138
BOAC,2024,10,47,2025-04-26,2025-06-12,11.3208
BOAC,2025,10,47,2026-04-25,2026-06-11,9.2969
BOAM,2023,10,47,2024-05-03,2024-06-19,11.4325
BOAM,2024,10,47,2025-04-20,2025-06-06,23.0912
BOAM,2025,10,47,2026-04-24,2026-06-10,5.337
BOAN,2021,10,47,2022-04-09,2022-05-26,-5.0667
BOAN,2022,10,47,2023-04-09,2023-05-26,5.0754
BOAN,2023,10,47,2024-04-14,2024-05-31,-4.7051
BOAS,2021,10,47,2022-04-25,2022-06-11,8.0374
BOAS,2022,10,47,2023-04-10,2023-05-27,19.0261
BOAS,2023,10,47,2024-04-28,2024-06-14,10.9591
BOAS,2024,10,47,2025-04-18,2025-06-04,6.8884
BOAS,2025,10,47,2026-05-10,2026-06-26,5.4804
CABC,2021,10,47,2022-04-17,2022-06-03,-13.5593
CABC,2025,10,47,2026-05-07,2026-06-23,22.3466
CBIBF,2021,10,47,2022-04-17,2022-06-03,-2.9622
CBIBF,2022,10,47,2023-04-27,2023-06-13,0.0
CBIBF,2023,10,47,2024-04-22,2024-06-08,11.1111
CBIBF,2024,10,47,2025-05-09,2025-06-25,5.3571
CBIBF,2025,10,47,2026-04-26,2026-06-12,33.869
CFAC,2021,10,47,2022-07-01,2022-08-17,1.0405
CFAC,2022,10,47,2023-07-07,2023-08-23,18.0124
CFAC,2023,10,47,2024-07-07,2024-08-23,-3.6496
CIEC,2021,10,47,2022-06-30,2022-08-16,-1.9583
CIEC,2022,10,47,2023-06-30,2023-08-16,8.1429
CIEC,2023,10,47,2024-07-06,2024-08-22,9.9
ECOC,2021,10,47,2022-04-15,2022-06-01,-2.2993
ECOC,2022,10,47,2023-05-06,2023-06-22,5.8909
ECOC,2023,10,47,2024-05-05,2024-06-21,12.6176
ECOC,2024,10,47,2025-05-09,2025-06-25,27.9899
ECOC,2025,10,47,2026-05-04,2026-06-20,8.1779
FTSC,2023,10,47,2024-06-30,2024-08-16,6.8837
NSBC,2022,10,47,2023-05-29,2023-07-15,19.3
NSBC,2023,10,47,2024-06-02,2024-07-19,11.1927
NSBC,2024,10,47,2025-06-05,2025-07-22,17.596
NTLC,2021,10,47,2022-05-30,2022-07-16,-2.7778
NTLC,2022,10,47,2023-05-22,2023-07-08,-0.5806
NTLC,2023,10,47,2024-06-21,2024-08-07,4.0027
NTLC,2024,10,47,2025-06-22,2025-08-08,10.3139
ONTBF,2021,10,47,2022-05-22,2022-07-08,19.7586
ONTBF,2022,10,47,2023-05-19,2023-07-05,22.027
ONTBF,2023,10,47,2024-07-04,2024-08-20,24.0464
ONTBF,2024,10,47,2025-06-07,2025-07-24,5.8
ONTBF,2025,10,47,2026-05-09,2026-06-25,6.7145
ORAC,2022,10,47,2023-04-23,2023-06-09,10.5556
ORAC,2023,10,47,2024-04-26,2024-06-12,7.9163
ORAC,2024,10,47,2025-04-20,2025-06-06,15.6457
ORAC,2025,10,47,2026-05-28,2026-07-14,7.0064
PRSC,2021,10,47,2022-07-10,2022-08-26,3.3067
PRSC,2022,10,47,2023-07-06,2023-08-22,8.6207
SHEC,2021,10,47,2022-10-02,2022-11-18,-0.2286
SHEC,2022,10,47,2023-12-01,2024-01-17,-2.7711
SLBC,2023,10,47,2024-06-10,2024-07-27,0.0
SLBC,2024,10,47,2025-05-31,2025-07-17,8.284
SMBC,2021,10,47,2022-07-01,2022-08-17,-8.046
SMBC,2023,10,47,2024-06-24,2024-08-10,3.2
SNTS,2021,10,47,2022-05-08,2022-06-24,-0.0312
SNTS,2022,10,47,2023-04-28,2023-06-14,3.6585
SNTS,2025,10,47,2026-04-26,2026-06-12,5.7544
SOGC,2021,10,47,2022-06-25,2022-08-11,-1.304
SOGC,2022,10,47,2023-06-23,2023-08-09,-15.9124
SOGC,2023,10,47,2024-06-03,2024-07-20,21.28
SOGC,2024,10,47,2025-05-30,2025-07-16,5.5833
SPHC,2021,10,47,2022-06-23,2022-08-09,-1.349
SPHC,2022,10,47,2023-06-22,2023-08-08,5.1753
SPHC,2023,10,47,2024-06-14,2024-07-31,12.6253
SPHC,2024,10,47,2025-04-18,2025-06-04,34.7582
STBC,2021,10,47,2022-07-08,2022-08-24,-4.413
STBC,2022,10,47,2023-07-10,2023-08-26,5.7692
STBC,2023,10,47,2024-07-01,2024-08-17,20.7783
STBC,2024,10,47,2025-08-09,2025-09-25,3.5947
TTLC,2021,10,47,2022-06-26,2022-08-12,2.7149
TTLC,2022,10,47,2023-06-25,2023-08-11,-1.8265
TTLC,2023,10,47,2024-07-01,2024-08-17,12.7962
TTLC,2024,10,47,2025-06-29,2025-08-15,-1.7341
BOAB,2021,10,70,2022-04-23,2022-07-02,2.5228
BOAB,2022,10,70,2023-04-24,2023-07-03,5.0202
BOAB,2023,10,70,2024-04-22,2024-07-01,6.75
BOAB,2024,10,70,2025-04-12,2025-06-21,9.3717
BOAB,2025,10,70,2026-05-10,2026-07-19,-1.2234
BOABF,2021,10,70,2022-04-08,2022-06-17,-2.4936
BOABF,2022,10,70,2023-04-09,2023-06-18,19.7091
BOABF,2023,10,70,2024-04-07,2024-06-16,4.4886
BOABF,2024,10,70,2025-03-27,2025-06-05,-2.7765
BOABF,2025,10,70,2026-04-02,2026-06-11,6.1964
BOAC,2021,10,70,2022-04-10,2022-06-19,2.5916
BOAC,2022,10,70,2023-04-08,2023-06-17,17.0
BOAC,2023,10,70,2024-04-07,2024-06-16,16.1103
BOAC,2024,10,70,2025-04-26,2025-07-05,8.2034
BOAC,2025,10,70,2026-04-25,2026-07-04,13.8899
BOAM,2023,10,70,2024-05-03,2024-07-12,16.1114
BOAM,2024,10,70,2025-04-20,2025-06-29,16.2011
BOAM,2025,10,70,2026-04-24,2026-07-03,12.4875
BOAN,2021,10,70,2022-04-09,2022-06-18,4.7111
BOAN,2022,10,70,2023-04-09,2023-06-18,6.305
BOAN,2023,10,70,2024-04-14,2024-06-23,-8.0
BOAS,2021,10,70,2022-04-25,2022-07-04,6.7847
BOAS,2022,10,70,2023-04-10,2023-06-19,32.7431
BOAS,2023,10,70,2024-04-28,2024-07-07,19.8633
BOAS,2024,10,70,2025-04-18,2025-06-27,8.076
BOAS,2025,10,70,2026-05-10,2026-07-19,10.2842
CABC,2021,10,70,2022-04-17,2022-06-26,-6.7797
CABC,2025,10,70,2026-05-07,2026-07-16,13.2557
CBIBF,2021,10,70,2022-04-17,2022-06-26,-6.0266
CBIBF,2022,10,70,2023-04-27,2023-07-06,13.375
CBIBF,2023,10,70,2024-04-22,2024-07-01,17.7778
CBIBF,2024,10,70,2025-05-09,2025-07-18,9.6939
CBIBF,2025,10,70,2026-04-26,2026-07-05,50.4548
CFAC,2021,10,70,2022-07-01,2022-09-09,6.8208
CFAC,2022,10,70,2023-07-07,2023-09-15,13.7888
CFAC,2023,10,70,2024-07-07,2024-09-15,-0.438
CIEC,2021,10,70,2022-06-30,2022-09-08,-1.75
CIEC,2022,10,70,2023-06-30,2023-09-08,6.4762
CIEC,2023,10,70,2024-07-06,2024-09-14,15.4
ECOC,2021,10,70,2022-04-15,2022-06-24,0.0793
ECOC,2022,10,70,2023-05-06,2023-07-15,16.0727
ECOC,2023,10,70,2024-05-05,2024-07-14,11.2941
ECOC,2024,10,70,2025-05-09,2025-07-18,20.0101
ECOC,2025,10,70,2026-05-04,2026-07-13,8.4847
FTSC,2023,10,70,2024-06-30,2024-09-08,8.6947
NSBC,2022,10,70,2023-05-29,2023-08-07,20.2
NSBC,2023,10,70,2024-06-02,2024-08-11,10.9425
NSBC,2024,10,70,2025-06-05,2025-08-14,12.0312
NTLC,2021,10,70,2022-05-30,2022-08-08,1.6389
NTLC,2022,10,70,2023-05-22,2023-07-31,19.9355
NTLC,2023,10,70,2024-06-21,2024-08-30,2.3616
NTLC,2024,10,70,2025-06-22,2025-08-31,15.7399
ONTBF,2021,10,70,2022-05-22,2022-07-31,22.5517
ONTBF,2022,10,70,2023-05-19,2023-07-28,32.7365
ONTBF,2023,10,70,2024-07-04,2024-09-12,31.1856
ONTBF,2024,10,70,2025-06-07,2025-08-16,5.4
ONTBF,2025,10,70,2026-05-09,2026-07-18,2.1855
ORAC,2022,10,70,2023-04-23,2023-07-02,14.3333
ORAC,2023,10,70,2024-04-26,2024-07-05,15.1956
ORAC,2024,10,70,2025-04-20,2025-06-29,14.5073
PRSC,2021,10,70,2022-07-10,2022-09-18,4.3733
PRSC,2022,10,70,2023-07-06,2023-09-14,11.8276
SHEC,2021,10,70,2022-10-02,2022-12-11,-11.0857
SHEC,2022,10,70,2023-12-01,2024-02-09,-2.1687
SLBC,2023,10,70,2024-06-10,2024-08-19,0.0
SLBC,2024,10,70,2025-05-31,2025-08-09,21.1361
SMBC,2021,10,70,2022-07-01,2022-09-09,-7.7755
SMBC,2023,10,70,2024-06-24,2024-09-02,10.84
SNTS,2021,10,70,2022-05-08,2022-07-17,-0.0625
SNTS,2022,10,70,2023-04-28,2023-07-07,7.4109
SNTS,2025,10,70,2026-04-26,2026-07-05,9.614
SOGC,2021,10,70,2022-06-25,2022-09-03,-2.6687
SOGC,2022,10,70,2023-06-23,2023-09-01,-16.4338
SOGC,2023,10,70,2024-06-03,2024-08-12,41.696
SOGC,2024,10,70,2025-05-30,2025-08-08,14.6111
SPHC,2021,10,70,2022-06-23,2022-09-01,-5.9765
SPHC,2022,10,70,2023-06-22,2023-08-31,1.8364
SPHC,2023,10,70,2024-06-14,2024-08-23,34.8297
SPHC,2024,10,70,2025-04-18,2025-06-27,63.1046
STBC,2021,10,70,2022-07-08,2022-09-16,5.4954
STBC,2022,10,70,2023-07-10,2023-09-18,5.7692
STBC,2023,10,70,2024-07-01,2024-09-09,24.9479
STBC,2024,10,70,2025-08-09,2025-10-18,8.001
TTLC,2021,10,70,2022-06-26,2022-09-04,9.7738
TTLC,2022,10,70,2023-06-25,2023-09-03,-1.8265
TTLC,2023,10,70,2024-07-01,2024-09-09,23.9336
TTLC,2024,10,70,2025-06-29,2025-09-07,-0.578
