trade_date,price,variation_pct
2016-03-22,51000.0,
2016-03-23,51000.0,0.0000
2016-03-24,50000.0,-1.9608
2016-03-29,51000.0,2.0000
2016-03-30,51005.0,0.0098
2016-03-31,51005.0,0.0000
2016-04-01,52500.0,2.9311
2016-04-04,52500.0,0.0000
2016-04-05,54500.0,3.8095
2016-04-06,52000.0,-4.5872
2016-04-07,52000.0,0.0000
2016-04-08,52000.0,0.0000
2016-04-11,51000.0,-1.9231
2016-04-12,52000.0,1.9608
2016-04-13,52000.0,0.0000
2016-04-14,52000.0,0.0000
2016-04-15,52000.0,0.0000
2016-04-18,50000.0,-3.8462
2016-04-19,50000.0,0.0000
2016-04-20,52000.0,4.0000
2016-04-21,52000.0,0.0000
2016-04-22,50000.0,-3.8462
2016-04-25,50005.0,0.0100
2016-04-26,50005.0,0.0000
2016-04-27,51000.0,1.9898
2016-04-28,50010.0,-1.9412
2016-04-29,48000.0,-4.0192
2016-05-03,50000.0,4.1667
2016-05-06,48000.0,-4.0000
2016-05-09,47995.0,-0.0104
2016-05-10,47100.0,-1.8648
2016-05-11,48000.0,1.9108
2016-05-12,47200.0,-1.6667
2016-05-13,48000.0,1.6949
2016-05-17,47100.0,-1.8750
2016-05-18,50000.0,6.1571
2016-05-19,50000.0,0.0000
2016-05-20,48005.0,-3.9900
2016-05-23,50000.0,4.1558
2016-05-24,50000.0,0.0000
2016-05-25,49000.0,-2.0000
2016-05-26,49000.0,0.0000
2016-05-27,49000.0,0.0000
2016-05-30,48000.0,-2.0408
2016-05-31,48000.0,0.0000
2016-06-01,48000.0,0.0000
2016-06-02,48005.0,0.0104
2016-06-03,49000.0,2.0727
2016-06-06,49000.0,0.0000
2016-06-07,48900.0,-0.2041
2016-06-08,49000.0,0.2045
2016-06-09,48000.0,-2.0408
2016-06-10,48000.0,0.0000
2016-06-13,48000.0,0.0000
2016-06-14,50000.0,4.1667
2016-06-15,50000.0,0.0000
2016-06-16,50000.0,0.0000
2016-06-17,50000.0,0.0000
2016-06-20,50000.0,0.0000
2016-06-21,51000.0,2.0000
2016-06-22,51000.0,0.0000
2016-06-23,50900.0,-0.1961
2016-06-24,50000.0,-1.7682
2016-06-27,53750.0,7.5000
2016-06-28,54500.0,1.3953
2016-06-29,58585.0,7.4954
2016-06-30,62975.0,7.4934
2016-07-01,67695.0,7.4950
2016-07-04,72770.0,7.4969
2016-07-05,78225.0,7.4962
2016-07-07,72750.0,-6.9990
2016-07-08,67500.0,-7.2165
2016-07-11,62440.0,-7.4963
2016-07-12,57760.0,-7.4952
2016-07-13,60000.0,3.8781
2016-07-14,60000.0,0.0000
2016-07-15,60000.0,0.0000
2016-07-18,60505.0,0.8417
2016-07-19,61000.0,0.8181
2016-07-20,60020.0,-1.6066
2016-07-21,61000.0,1.6328
2016-07-22,61000.0,0.0000
2016-07-25,60000.0,-1.6393
2016-07-26,60500.0,0.8333
2016-07-27,60000.0,-0.8264
2016-07-28,60000.0,0.0000
2016-07-29,60000.0,0.0000
2016-08-01,60000.0,0.0000
2016-08-02,60000.0,0.0000
2016-08-03,61000.0,1.6667
2016-08-04,61000.0,0.0000
2016-08-05,61000.0,0.0000
2016-08-09,61000.0,0.0000
2016-08-10,60500.0,-0.8197
2016-08-11,60500.0,0.0000
2016-08-12,60500.0,0.0000
2016-08-16,60500.0,0.0000
2016-08-17,60500.0,0.0000
2016-08-18,60500.0,0.0000
2016-08-19,60500.0,0.0000
2016-08-22,60500.0,0.0000
2016-08-23,61000.0,0.8264
2016-08-24,61000.0,0.0000
2016-08-25,60500.0,-0.8197
2016-08-26,60500.0,0.0000
2016-08-29,60500.0,0.0000
2016-08-30,60500.0,0.0000
2016-08-31,60500.0,0.0000
2016-09-01,60500.0,0.0000
2016-09-02,59000.0,-2.4793
2016-09-05,59000.0,0.0000
2016-09-06,59000.0,0.0000
2016-09-07,54575.0,-7.5000
2016-09-08,53800.0,-1.4201
2016-09-09,52005.0,-3.3364
2016-09-13,55000.0,5.7591
2016-09-14,56000.0,1.8182
2016-09-15,58995.0,5.3482
2016-09-16,58995.0,0.0000
2016-09-19,55000.0,-6.7718
2016-09-20,55500.0,0.9091
2016-09-21,51340.0,-7.4955
2016-09-22,50315.0,-1.9965
2016-09-23,50605.0,0.5764
2016-09-26,50605.0,0.0000
2016-09-27,50800.0,0.3853
2016-09-28,50800.0,0.0000
2016-09-29,50800.0,0.0000
2016-09-30,51000.0,0.3937
2016-10-03,51010.0,0.0196
2016-10-04,51010.0,0.0000
2016-10-05,51000.0,-0.0196
2016-10-06,51000.0,0.0000
2016-10-07,51000.0,0.0000
2016-10-10,52900.0,3.7255
2016-10-11,51000.0,-3.5917
2016-10-12,51000.0,0.0000
2016-10-13,53000.0,3.9216
2016-10-14,53000.0,0.0000
2016-10-17,51005.0,-3.7642
2016-10-18,51000.0,-0.0098
2016-10-19,51000.0,0.0000
2016-10-20,53000.0,3.9216
2016-10-21,55000.0,3.7736
2016-10-24,55000.0,0.0000
2016-10-25,55000.0,0.0000
2016-10-26,51000.0,-7.2727
2016-10-27,53000.0,3.9216
2016-10-28,53000.0,0.0000
2016-10-31,53000.0,0.0000
2016-11-02,53000.0,0.0000
2016-11-03,52500.0,-0.9434
2016-11-04,53000.0,0.9524
2016-11-07,53000.0,0.0000
2016-11-08,53000.0,0.0000
2016-11-09,53000.0,0.0000
2016-11-10,51050.0,-3.6792
2016-11-11,51050.0,0.0000
2016-11-14,53000.0,3.8198
2016-11-16,55000.0,3.7736
2016-11-17,53000.0,-3.6364
2016-11-18,53000.0,0.0000
2016-11-21,53000.0,0.0000
2016-11-22,53000.0,0.0000
2016-11-23,53000.0,0.0000
2016-11-24,53000.0,0.0000
2016-11-25,53000.0,0.0000
2016-11-28,55000.0,3.7736
2016-11-29,55000.0,0.0000
2016-11-30,55000.0,0.0000
2016-12-01,59125.0,7.5000
2016-12-02,59120.0,-0.0085
2016-12-05,56000.0,-5.2774
2016-12-06,52050.0,-7.0536
2016-12-07,52300.0,0.4803
2016-12-08,52300.0,0.0000
2016-12-09,52500.0,0.3824
2016-12-13,53000.0,0.9524
2016-12-14,53500.0,0.9434
2016-12-15,53500.0,0.0000
2016-12-16,52100.0,-2.6168
2016-12-19,52100.0,0.0000
2016-12-20,56000.0,7.4856
2016-12-21,56000.0,0.0000
2016-12-22,52995.0,-5.3661
2016-12-23,52500.0,-0.9341
2016-12-27,52100.0,-0.7619
2016-12-28,53000.0,1.7274
2016-12-29,53000.0,0.0000
2016-12-30,53000.0,0.0000
2017-01-02,53000.0,0.0000
2017-01-03,55000.0,3.7736
2017-01-04,57100.0,3.8182
2017-01-05,57100.0,0.0000
2017-01-06,57100.0,0.0000
2017-01-09,58900.0,3.1524
2017-01-10,58900.0,0.0000
2017-01-11,58900.0,0.0000
2017-01-12,60000.0,1.8676
2017-01-13,60000.0,0.0000
2017-01-16,56000.0,-6.6667
2017-01-17,56000.0,0.0000
2017-01-18,54485.0,-2.7054
2017-01-19,54485.0,0.0000
2017-01-20,54485.0,0.0000
2017-01-23,54485.0,0.0000
2017-01-24,54485.0,0.0000
2017-01-25,53000.0,-2.7255
2017-01-26,53000.0,0.0000
2017-01-27,54000.0,1.8868
2017-01-30,56000.0,3.7037
2017-01-31,56000.0,0.0000
2017-02-01,56000.0,0.0000
2017-02-02,56000.0,0.0000
2017-02-03,56000.0,0.0000
2017-02-06,56000.0,0.0000
2017-02-07,56000.0,0.0000
2017-02-08,60000.0,7.1429
2017-02-09,60000.0,0.0000
2017-02-10,60000.0,0.0000
2017-02-13,59750.0,-0.4167
2017-02-14,56500.0,-5.4393
2017-02-15,56000.0,-0.8850
2017-02-16,56000.0,0.0000
2017-02-17,53005.0,-5.3482
2017-02-20,53005.0,0.0000
2017-02-21,53005.0,0.0000
2017-02-22,55005.0,3.7732
2017-02-23,56000.0,1.8089
2017-02-24,56000.0,0.0000
2017-02-27,58000.0,3.5714
2017-02-28,58000.0,0.0000
2017-03-01,58000.0,0.0000
2017-03-02,54000.0,-6.8966
2017-03-03,54000.0,0.0000
2017-03-06,55000.0,1.8519
2017-03-07,55000.0,0.0000
2017-03-08,55000.0,0.0000
2017-03-09,55000.0,0.0000
2017-03-10,55000.0,0.0000
2017-03-13,55000.0,0.0000
2017-03-14,55000.0,0.0000
2017-03-15,53055.0,-3.5364
2017-03-16,55000.0,3.6660
2017-03-17,53055.0,-3.5364
2017-03-20,53055.0,0.0000
2017-03-21,55005.0,3.6754
2017-03-22,55005.0,0.0000
2017-03-23,55005.0,0.0000
2017-03-24,55000.0,-0.0091
2017-03-27,55000.0,0.0000
2017-03-28,55000.0,0.0000
2017-03-29,55000.0,0.0000
2017-03-30,55000.0,0.0000
2017-03-31,55000.0,0.0000
2017-04-03,55000.0,0.0000
2017-04-04,55000.0,0.0000
2017-04-05,55000.0,0.0000
2017-04-06,56000.0,1.8182
2017-04-07,55000.0,-1.7857
2017-04-10,55000.0,0.0000
2017-04-11,55000.0,0.0000
2017-04-12,55000.0,0.0000
2017-04-13,55000.0,0.0000
2017-04-14,55000.0,0.0000
2017-04-18,55000.0,0.0000
2017-04-19,55000.0,0.0000
2017-04-20,55000.0,0.0000
2017-04-21,55000.0,0.0000
2017-04-24,55000.0,0.0000
2017-04-25,55000.0,0.0000
2017-04-26,55000.0,0.0000
2017-04-27,55000.0,0.0000
2017-04-28,55000.0,0.0000
2017-05-02,55000.0,0.0000
2017-05-03,55000.0,0.0000
2017-05-04,55000.0,0.0000
2017-05-05,55000.0,0.0000
2017-05-08,55000.0,0.0000
2017-05-09,55000.0,0.0000
2017-05-10,55000.0,0.0000
2017-05-11,55000.0,0.0000
2017-05-12,55000.0,0.0000
2017-05-15,55000.0,0.0000
2017-05-16,55000.0,0.0000
2017-05-17,57000.0,3.6364
2017-05-18,57000.0,0.0000
2017-05-19,58000.0,1.7544
2017-05-22,59000.0,1.7241
2017-05-23,57000.0,-3.3898
2017-05-24,58000.0,1.7544
2017-05-26,58000.0,0.0000
2017-05-29,58000.0,0.0000
2017-05-30,60000.0,3.4483
2017-05-31,61000.0,1.6667
2017-06-01,62000.0,1.6393
2017-06-02,62000.0,0.0000
2017-06-06,62000.0,0.0000
2017-06-07,58000.0,-6.4516
2017-06-08,53650.0,-7.5000
2017-06-09,52000.0,-3.0755
2017-06-12,52000.0,0.0000
2017-06-13,50000.0,-3.8462
2017-06-14,50000.0,0.0000
2017-06-15,53500.0,7.0000
2017-06-16,53000.0,-0.9346
2017-06-19,53000.0,0.0000
2017-06-20,52500.0,-0.9434
2017-06-21,53000.0,0.9524
2017-06-23,52000.0,-1.8868
2017-06-27,50000.0,-3.8462
2017-06-28,46250.0,-7.5000
2017-06-29,49495.0,7.0162
2017-06-30,49495.0,0.0000
2017-07-03,49495.0,0.0000
2017-07-04,49495.0,0.0000
2017-07-05,49495.0,0.0000
2017-07-06,49500.0,0.0101
2017-07-07,49500.0,0.0000
2017-07-10,49500.0,0.0000
2017-07-11,46000.0,-7.0707
2017-07-12,46000.0,0.0000
2017-07-13,46000.0,0.0000
2017-07-14,46000.0,0.0000
2017-07-17,46000.0,0.0000
2017-07-18,46000.0,0.0000
2017-07-19,48500.0,5.4348
2017-07-20,46000.0,-5.1546
2017-07-21,46000.0,0.0000
2017-07-24,46000.0,0.0000
2017-07-25,46000.0,0.0000
2017-07-26,49450.0,7.5000
2017-07-27,49450.0,0.0000
2017-07-28,49450.0,0.0000
2017-07-31,50000.0,1.1122
2017-08-01,50000.0,0.0000
2017-08-02,50000.0,0.0000
2017-08-03,46500.0,-7.0000
2017-08-04,46500.0,0.0000
2017-08-08,47000.0,1.0753
2017-08-09,47000.0,0.0000
2017-08-10,50000.0,6.3830
2017-08-11,50000.0,0.0000
2017-08-14,51900.0,3.8000
2017-08-16,51900.0,0.0000
2017-08-17,51900.0,0.0000
2017-08-18,51900.0,0.0000
2017-08-21,51900.0,0.0000
2017-08-22,52000.0,0.1927
2017-08-23,55800.0,7.3077
2017-08-24,55800.0,0.0000
2017-08-25,52000.0,-6.8100
2017-08-28,52000.0,0.0000
2017-08-29,48100.0,-7.5000
2017-08-30,48100.0,0.0000
2017-08-31,46000.0,-4.3659
2017-09-04,46000.0,0.0000
2017-09-05,46000.0,0.0000
2017-09-06,46000.0,0.0000
2017-09-07,49450.0,7.5000
2017-09-08,49450.0,0.0000
2017-09-11,2660.0,-94.6208
2017-09-12,2795.0,5.0752
2017-09-13,2795.0,0.0000
2017-09-14,2750.0,-1.6100
2017-09-15,2700.0,-1.8182
2017-09-18,2700.0,0.0000
2017-09-19,2700.0,0.0000
2017-09-20,2785.0,3.1481
2017-09-21,2785.0,0.0000
2017-09-22,2795.0,0.3591
2017-09-25,2660.0,-4.8301
2017-09-26,2495.0,-6.2030
2017-09-27,2665.0,6.8136
2017-09-28,2670.0,0.1876
2017-09-29,2870.0,7.4906
2017-10-02,2800.0,-2.4390
2017-10-03,2800.0,0.0000
2017-10-04,2800.0,0.0000
2017-10-05,2800.0,0.0000
2017-10-06,2590.0,-7.5000
2017-10-09,2500.0,-3.4749
2017-10-10,2500.0,0.0000
2017-10-11,2495.0,-0.2000
2017-10-12,2650.0,6.2124
2017-10-13,2650.0,0.0000
2017-10-16,2650.0,0.0000
2017-10-17,2495.0,-5.8491
2017-10-18,2500.0,0.2004
2017-10-19,2450.0,-2.0000
2017-10-20,2500.0,2.0408
2017-10-23,2315.0,-7.4000
2017-10-24,2200.0,-4.9676
2017-10-25,2200.0,0.0000
2017-10-26,2240.0,1.8182
2017-10-27,2235.0,-0.2232
2017-10-30,2240.0,0.2237
2017-10-31,2240.0,0.0000
2017-11-02,2125.0,-5.1339
2017-11-03,2000.0,-5.8824
2017-11-06,2150.0,7.5000
2017-11-07,2235.0,3.9535
2017-11-08,2235.0,0.0000
2017-11-09,2235.0,0.0000
2017-11-10,2230.0,-0.2237
2017-11-13,2065.0,-7.3991
2017-11-14,2215.0,7.2639
2017-11-16,2200.0,-0.6772
2017-11-17,2200.0,0.0000
2017-11-20,2195.0,-0.2273
2017-11-21,2200.0,0.2278
2017-11-22,2100.0,-4.5455
2017-11-23,2000.0,-4.7619
2017-11-24,2095.0,4.7500
2017-11-27,2000.0,-4.5346
2017-11-28,2095.0,4.7500
2017-11-29,2095.0,0.0000
2017-11-30,2100.0,0.2387
2017-12-04,1975.0,-5.9524
2017-12-05,2000.0,1.2658
2017-12-06,1975.0,-1.2500
2017-12-07,2000.0,1.2658
2017-12-08,2060.0,3.0000
2017-12-11,1995.0,-3.1553
2017-12-12,2000.0,0.2506
2017-12-13,2000.0,0.0000
2017-12-14,2000.0,0.0000
2017-12-15,2000.0,0.0000
2017-12-21,2000.0,0.0000
2017-12-22,2000.0,0.0000
2017-12-26,2000.0,0.0000
2017-12-27,2000.0,0.0000
2017-12-28,1990.0,-0.5000
2017-12-29,1900.0,-4.5226
2018-01-02,1990.0,4.7368
2018-01-03,1990.0,0.0000
2018-01-04,2100.0,5.5276
2018-01-05,2000.0,-4.7619
2018-01-08,2000.0,0.0000
2018-01-09,2000.0,0.0000
2018-01-10,2000.0,0.0000
2018-01-11,2050.0,2.5000
2018-01-12,2000.0,-2.4390
2018-01-15,2100.0,5.0000
2018-01-16,2200.0,4.7619
2018-01-17,2240.0,1.8182
2018-01-18,2300.0,2.6786
2018-01-19,2300.0,0.0000
2018-01-22,2300.0,0.0000
2018-01-23,2350.0,2.1739
2018-01-24,2200.0,-6.3830
2018-01-25,2200.0,0.0000
2018-01-26,2200.0,0.0000
2018-01-30,2295.0,4.3182
2018-01-31,2200.0,-4.1394
2018-02-01,2200.0,0.0000
2018-02-02,2200.0,0.0000
2018-02-05,2200.0,0.0000
2018-02-06,2195.0,-0.2273
2018-02-07,2195.0,0.0000
2018-02-08,2155.0,-1.8223
2018-02-09,2000.0,-7.1926
2018-02-12,1850.0,-7.5000
2018-02-13,1985.0,7.2973
2018-02-14,1995.0,0.5038
2018-02-15,1985.0,-0.5013
2018-02-16,2000.0,0.7557
2018-02-19,2040.0,2.0000
2018-02-20,2100.0,2.9412
2018-02-21,2200.0,4.7619
2018-02-22,2055.0,-6.5909
2018-02-23,2050.0,-0.2433
2018-02-26,2000.0,-2.4390
2018-02-27,2000.0,0.0000
2018-02-28,2000.0,0.0000
2018-03-01,2000.0,0.0000
2018-03-02,2000.0,0.0000
2018-03-05,2010.0,0.5000
2018-03-06,2010.0,0.0000
2018-03-07,2050.0,1.9900
2018-03-08,2050.0,0.0000
2018-03-09,2100.0,2.4390
2018-03-12,2100.0,0.0000
2018-03-13,2250.0,7.1429
2018-03-15,2295.0,2.0000
2018-03-16,2205.0,-3.9216
2018-03-19,2255.0,2.2676
2018-03-20,2400.0,6.4302
2018-03-21,2575.0,7.2917
2018-03-22,2765.0,7.3786
2018-03-23,2765.0,0.0000
2018-03-26,2765.0,0.0000
2018-03-27,2850.0,3.0741
2018-03-28,2900.0,1.7544
2018-03-29,2685.0,-7.4138
2018-03-30,2800.0,4.2831
2018-04-04,2850.0,1.7857
2018-04-05,2900.0,1.7544
2018-04-06,2900.0,0.0000
2018-04-09,2850.0,-1.7241
2018-04-10,2900.0,1.7544
2018-04-11,2900.0,0.0000
2018-04-12,2900.0,0.0000
2018-04-13,2790.0,-3.7931
2018-04-16,2670.0,-4.3011
2018-04-17,2585.0,-3.1835
2018-04-18,2670.0,3.2882
2018-04-19,2650.0,-0.7491
2018-04-20,2700.0,1.8868
2018-04-23,2800.0,3.7037
2018-04-24,2700.0,-3.5714
2018-04-25,2700.0,0.0000
2018-04-26,2800.0,3.7037
2018-04-27,2790.0,-0.3571
2018-04-30,2790.0,0.0000
2018-05-02,2785.0,-0.1792
2018-05-03,2700.0,-3.0521
2018-05-04,2695.0,-0.1852
2018-05-07,2600.0,-3.5250
2018-05-08,2700.0,3.8462
2018-05-09,2700.0,0.0000
2018-05-11,2700.0,0.0000
2018-05-14,2750.0,1.8519
2018-05-15,2890.0,5.0909
2018-05-16,2890.0,0.0000
2018-05-17,2800.0,-3.1142
2018-05-18,2800.0,0.0000
2018-05-22,2890.0,3.2143
2018-05-23,2890.0,0.0000
2018-05-24,2800.0,-3.1142
2018-05-25,2800.0,0.0000
2018-05-28,2700.0,-3.5714
2018-05-29,2850.0,5.5556
2018-05-30,2800.0,-1.7544
2018-05-31,2850.0,1.7857
2018-06-01,2890.0,1.4035
2018-06-04,2890.0,0.0000
2018-06-05,2900.0,0.3460
2018-06-06,2785.0,-3.9655
2018-06-07,2750.0,-1.2567
2018-06-08,2650.0,-3.6364
2018-06-12,2650.0,0.0000
2018-06-13,2455.0,-7.3585
2018-06-15,2600.0,5.9063
2018-06-18,2600.0,0.0000
2018-06-19,2645.0,1.7308
2018-06-20,2600.0,-1.7013
2018-06-21,2600.0,0.0000
2018-06-22,2600.0,0.0000
2018-06-25,2650.0,1.9231
2018-06-26,2650.0,0.0000
2018-06-27,2645.0,-0.1887
2018-06-28,2645.0,0.0000
2018-06-29,2645.0,0.0000
2018-07-02,2645.0,0.0000
2018-07-03,2645.0,0.0000
2018-07-04,2500.0,-5.4820
2018-07-05,2500.0,0.0000
2018-07-06,2550.0,2.0000
2018-07-09,2550.0,0.0000
2018-07-10,2550.0,0.0000
2018-07-11,2500.0,-1.9608
2018-07-12,2495.0,-0.2000
2018-07-13,2495.0,0.0000
2018-07-16,2350.0,-5.8116
2018-07-17,2350.0,0.0000
2018-07-18,2350.0,0.0000
2018-07-19,2345.0,-0.2128
2018-07-20,2345.0,0.0000
2018-07-23,2345.0,0.0000
2018-07-24,2350.0,0.2132
2018-07-25,2350.0,0.0000
2018-07-26,2350.0,0.0000
2018-07-27,2300.0,-2.1277
2018-07-30,2250.0,-2.1739
2018-07-31,2250.0,0.0000
2018-08-01,2250.0,0.0000
2018-08-02,2200.0,-2.2222
2018-08-03,2200.0,0.0000
2018-08-08,2200.0,0.0000
2018-08-09,2195.0,-0.2273
2018-08-10,2035.0,-7.2893
2018-08-13,1995.0,-1.9656
2018-08-14,1935.0,-3.0075
2018-08-16,1900.0,-1.8088
2018-08-17,1900.0,0.0000
2018-08-20,1895.0,-0.2632
2018-08-22,1890.0,-0.2639
2018-08-23,1890.0,0.0000
2018-08-24,1885.0,-0.2646
2018-08-27,1800.0,-4.5093
2018-08-28,1800.0,0.0000
2018-08-29,1800.0,0.0000
2018-08-30,1750.0,-2.7778
2018-08-31,1750.0,0.0000
2018-09-03,1685.0,-3.7143
2018-09-04,1620.0,-3.8576
2018-09-05,1675.0,3.3951
2018-09-06,1650.0,-1.4925
2018-09-07,1620.0,-1.8182
2018-09-10,1620.0,0.0000
2018-09-11,1620.0,0.0000
2018-09-12,1590.0,-1.8519
2018-09-13,1500.0,-5.6604
2018-09-14,1500.0,0.0000
2018-09-17,1500.0,0.0000
2018-09-18,1450.0,-3.3333
2018-09-19,1450.0,0.0000
2018-09-20,1450.0,0.0000
2018-09-21,1450.0,0.0000
2018-09-24,1450.0,0.0000
2018-09-25,1430.0,-1.3793
2018-09-26,1430.0,0.0000
2018-09-27,1430.0,0.0000
2018-09-28,1400.0,-2.0979
2018-10-01,1395.0,-0.3571
2018-10-02,1385.0,-0.7168
2018-10-03,1300.0,-6.1372
2018-10-04,1205.0,-7.3077
2018-10-05,1295.0,7.4689
2018-10-08,1205.0,-6.9498
2018-10-09,1200.0,-0.4149
2018-10-10,1150.0,-4.1667
2018-10-11,1145.0,-0.4348
2018-10-12,1150.0,0.4367
2018-10-15,1100.0,-4.3478
2018-10-16,1150.0,4.5455
2018-10-17,1100.0,-4.3478
2018-10-18,1100.0,0.0000
2018-10-19,1100.0,0.0000
2018-10-22,1050.0,-4.5455
2018-10-23,1095.0,4.2857
2018-10-24,1015.0,-7.3059
2018-10-25,1000.0,-1.4778
2018-10-26,995.0,-0.5000
2018-10-29,1000.0,0.5025
2018-10-30,985.0,-1.5000
2018-10-31,985.0,0.0000
2018-11-02,980.0,-0.5076
2018-11-05,965.0,-1.5306
2018-11-06,980.0,1.5544
2018-11-07,980.0,0.0000
2018-11-08,940.0,-4.0816
2018-11-09,895.0,-4.7872
2018-11-12,895.0,0.0000
2018-11-13,895.0,0.0000
2018-11-14,895.0,0.0000
2018-11-16,890.0,-0.5587
2018-11-19,900.0,1.1236
2018-11-21,890.0,-1.1111
2018-11-22,890.0,0.0000
2018-11-23,890.0,0.0000
2018-11-26,875.0,-1.6854
2018-11-27,875.0,0.0000
2018-11-28,875.0,0.0000
2018-11-29,880.0,0.5714
2018-11-30,880.0,0.0000
2018-12-03,875.0,-0.5682
2018-12-04,880.0,0.5714
2018-12-05,875.0,-0.5682
2018-12-06,880.0,0.5714
2018-12-07,880.0,0.0000
2018-12-10,875.0,-0.5682
2018-12-11,875.0,0.0000
2018-12-12,875.0,0.0000
2018-12-13,870.0,-0.5714
2018-12-14,870.0,0.0000
2018-12-17,870.0,0.0000
2018-12-18,855.0,-1.7241
2018-12-19,850.0,-0.5848
2018-12-20,880.0,3.5294
2018-12-21,875.0,-0.5682
2018-12-24,860.0,-1.7143
2018-12-26,880.0,2.3256
2018-12-27,880.0,0.0000
2018-12-28,940.0,6.8182
2018-12-31,1010.0,7.4468
2019-01-02,1000.0,-0.9901
2019-01-03,1000.0,0.0000
2019-01-04,995.0,-0.5000
2019-01-07,995.0,0.0000
2019-01-08,950.0,-4.5226
2019-01-09,950.0,0.0000
2019-01-10,950.0,0.0000
2019-01-11,950.0,0.0000
2019-01-14,930.0,-2.1053
2019-01-15,880.0,-5.3763
2019-01-16,850.0,-3.4091
2019-01-17,850.0,0.0000
2019-01-18,880.0,3.5294
2019-01-21,880.0,0.0000
2019-01-22,870.0,-1.1364
2019-01-23,870.0,0.0000
2019-01-24,850.0,-2.2989
2019-01-25,800.0,-5.8824
2019-01-28,800.0,0.0000
2019-01-29,800.0,0.0000
2019-01-30,825.0,3.1250
2019-01-31,880.0,6.6667
2019-02-01,880.0,0.0000
2019-02-04,900.0,2.2727
2019-02-05,900.0,0.0000
2019-02-06,850.0,-5.5556
2019-02-07,885.0,4.1176
2019-02-08,885.0,0.0000
2019-02-11,890.0,0.5650
2019-02-12,855.0,-3.9326
2019-02-13,850.0,-0.5848
2019-02-14,850.0,0.0000
2019-02-15,850.0,0.0000
2019-02-18,800.0,-5.8824
2019-02-19,800.0,0.0000
2019-02-20,815.0,1.8750
2019-02-21,815.0,0.0000
2019-02-22,815.0,0.0000
2019-02-25,815.0,0.0000
2019-02-26,815.0,0.0000
2019-02-27,800.0,-1.8405
2019-02-28,815.0,1.8750
2019-03-01,825.0,1.2270
2019-03-04,825.0,0.0000
2019-03-05,825.0,0.0000
2019-03-06,825.0,0.0000
2019-03-07,825.0,0.0000
2019-03-08,825.0,0.0000
2019-03-11,840.0,1.8182
2019-03-12,840.0,0.0000
2019-03-13,840.0,0.0000
2019-03-14,900.0,7.1429
2019-03-15,955.0,6.1111
2019-03-18,1025.0,7.3298
2019-03-19,1030.0,0.4878
2019-03-20,1025.0,-0.4854
2019-03-21,1100.0,7.3171
2019-03-22,1100.0,0.0000
2019-03-25,1050.0,-4.5455
2019-03-26,1050.0,0.0000
2019-03-27,1125.0,7.1429
2019-03-28,1125.0,0.0000
2019-03-29,1045.0,-7.1111
2019-04-01,1095.0,4.7847
2019-04-02,1080.0,-1.3699
2019-04-03,1000.0,-7.4074
2019-04-04,960.0,-4.0000
2019-04-05,960.0,0.0000
2019-04-08,960.0,0.0000
2019-04-09,960.0,0.0000
2019-04-10,950.0,-1.0417
2019-04-12,950.0,0.0000
2019-04-15,950.0,0.0000
2019-04-16,950.0,0.0000
2019-04-17,950.0,0.0000
2019-04-18,950.0,0.0000
2019-04-19,950.0,0.0000
2019-04-23,950.0,0.0000
2019-04-24,950.0,0.0000
2019-04-25,950.0,0.0000
2019-04-26,950.0,0.0000
2019-04-29,950.0,0.0000
2019-04-30,950.0,0.0000
2019-05-02,945.0,-0.5263
2019-05-03,935.0,-1.0582
2019-05-06,950.0,1.6043
2019-05-07,990.0,4.2105
2019-05-08,975.0,-1.5152
2019-05-09,975.0,0.0000
2019-05-10,970.0,-0.5128
2019-05-13,970.0,0.0000
2019-05-14,970.0,0.0000
2019-05-15,975.0,0.5155
2019-05-16,975.0,0.0000
2019-05-17,975.0,0.0000
2019-05-20,970.0,-0.5128
2019-05-21,970.0,0.0000
2019-05-22,970.0,0.0000
2019-05-23,970.0,0.0000
2019-05-24,970.0,0.0000
2019-05-27,970.0,0.0000
2019-05-28,950.0,-2.0619
2019-05-29,945.0,-0.5263
2019-05-31,945.0,0.0000
2019-06-03,945.0,0.0000
2019-06-05,875.0,-7.4074
2019-06-06,810.0,-7.4286
2019-06-11,780.0,-3.7037
2019-06-12,780.0,0.0000
2019-06-13,775.0,-0.6410
2019-06-14,775.0,0.0000
2019-06-17,770.0,-0.6452
2019-06-18,770.0,0.0000
2019-06-19,775.0,0.6494
2019-06-20,770.0,-0.6452
2019-06-21,775.0,0.6494
2019-06-24,775.0,0.0000
2019-06-25,770.0,-0.6452
2019-06-26,755.0,-1.9481
2019-06-27,720.0,-4.6358
2019-06-28,715.0,-0.6944
2019-07-01,715.0,0.0000
2019-07-02,745.0,4.1958
2019-07-03,735.0,-1.3423
2019-07-04,735.0,0.0000
2019-07-05,735.0,0.0000
2019-07-08,730.0,-0.6803
2019-07-09,730.0,0.0000
2019-07-10,730.0,0.0000
2019-07-11,730.0,0.0000
2019-07-12,730.0,0.0000
2019-07-15,725.0,-0.6849
2019-07-16,725.0,0.0000
2019-07-17,725.0,0.0000
2019-07-18,715.0,-1.3793
2019-07-19,715.0,0.0000
2019-07-22,715.0,0.0000
2019-07-23,715.0,0.0000
2019-07-24,715.0,0.0000
2019-07-25,710.0,-0.6993
2019-07-26,700.0,-1.4085
2019-07-29,700.0,0.0000
2019-07-30,700.0,0.0000
2019-07-31,710.0,1.4286
2019-08-01,715.0,0.7042
2019-08-02,710.0,-0.6993
2019-08-05,710.0,0.0000
2019-08-06,715.0,0.7042
2019-08-08,715.0,0.0000
2019-08-09,710.0,-0.6993
2019-08-13,675.0,-4.9296
2019-08-14,710.0,5.1852
2019-08-16,700.0,-1.4085
2019-08-19,710.0,1.4286
2019-08-20,715.0,0.7042
2019-08-21,705.0,-1.3986
2019-08-22,700.0,-0.7092
2019-08-23,700.0,0.0000
2019-08-26,705.0,0.7143
2019-08-27,700.0,-0.7092
2019-08-28,710.0,1.4286
2019-08-29,700.0,-1.4085
2019-08-30,700.0,0.0000
2019-09-02,700.0,0.0000
2019-09-03,650.0,-7.1429
2019-09-04,650.0,0.0000
2019-09-05,650.0,0.0000
2019-09-06,650.0,0.0000
2019-09-10,650.0,0.0000
2019-09-11,650.0,0.0000
2019-09-12,650.0,0.0000
2019-09-13,650.0,0.0000
2019-09-16,650.0,0.0000
2019-09-17,645.0,-0.7692
2019-09-18,645.0,0.0000
2019-09-19,625.0,-3.1008
2019-09-20,625.0,0.0000
2019-09-23,600.0,-4.0000
2019-09-24,600.0,0.0000
2019-09-25,595.0,-0.8333
2019-09-26,600.0,0.8403
2019-09-27,600.0,0.0000
2019-09-30,610.0,1.6667
2019-10-01,605.0,-0.8197
2019-10-02,600.0,-0.8264
2019-10-03,600.0,0.0000
2019-10-04,590.0,-1.6667
2019-10-07,590.0,0.0000
2019-10-08,590.0,0.0000
2019-10-09,590.0,0.0000
2019-10-10,580.0,-1.6949
2019-10-11,580.0,0.0000
2019-10-14,560.0,-3.4483
2019-10-15,550.0,-1.7857
2019-10-16,545.0,-0.9091
2019-10-17,540.0,-0.9174
2019-10-18,540.0,0.0000
2019-10-21,530.0,-1.8519
2019-10-22,500.0,-5.6604
2019-10-23,500.0,0.0000
2019-10-24,500.0,0.0000
2019-10-25,500.0,0.0000
2019-10-28,495.0,-1.0000
2019-10-29,490.0,-1.0101
2019-10-30,460.0,-6.1224
2019-10-31,460.0,0.0000
2019-11-04,460.0,0.0000
2019-11-05,460.0,0.0000
2019-11-06,450.0,-2.1739
2019-11-07,450.0,0.0000
2019-11-08,445.0,-1.1111
2019-11-11,445.0,0.0000
2019-11-12,445.0,0.0000
2019-11-13,445.0,0.0000
2019-11-14,445.0,0.0000
2019-11-18,445.0,0.0000
2019-11-19,445.0,0.0000
2019-11-20,445.0,0.0000
2019-11-21,445.0,0.0000
2019-11-22,445.0,0.0000
2019-11-25,445.0,0.0000
2019-11-26,445.0,0.0000
2019-11-27,445.0,0.0000
2019-11-28,415.0,-6.7416
2019-11-29,410.0,-1.2048
2019-12-02,410.0,0.0000
2019-12-03,405.0,-1.2195
2019-12-04,400.0,-1.2346
2019-12-05,400.0,0.0000
2019-12-06,400.0,0.0000
2019-12-09,400.0,0.0000
2019-12-10,400.0,0.0000
2019-12-11,395.0,-1.2500
2019-12-12,400.0,1.2658
2019-12-13,400.0,0.0000
2019-12-16,400.0,0.0000
2019-12-17,395.0,-1.2500
2019-12-18,395.0,0.0000
2019-12-19,400.0,1.2658
2019-12-20,400.0,0.0000
2019-12-23,400.0,0.0000
2019-12-24,400.0,0.0000
2019-12-26,400.0,0.0000
2019-12-27,400.0,0.0000
2019-12-30,395.0,-1.2500
2019-12-31,395.0,0.0000
2020-01-02,395.0,0.0000
2020-01-03,390.0,-1.2658
2020-01-06,395.0,1.2821
2020-01-07,390.0,-1.2658
2020-01-08,390.0,0.0000
2020-01-09,365.0,-6.4103
2020-01-10,365.0,0.0000
2020-01-13,360.0,-1.3699
2020-01-14,345.0,-4.1667
2020-01-15,360.0,4.3478
2020-01-16,360.0,0.0000
2020-01-17,345.0,-4.1667
2020-01-20,335.0,-2.8986
2020-01-21,310.0,-7.4627
2020-01-22,300.0,-3.2258
2020-01-23,300.0,0.0000
2020-01-24,280.0,-6.6667
2020-01-27,280.0,0.0000
2020-01-28,280.0,0.0000
2020-01-29,280.0,0.0000
2020-01-30,300.0,7.1429
2020-01-31,305.0,1.6667
2020-02-03,300.0,-1.6393
2020-02-04,300.0,0.0000
2020-02-05,305.0,1.6667
2020-02-06,300.0,-1.6393
2020-02-07,295.0,-1.6667
2020-02-10,290.0,-1.6949
2020-02-11,285.0,-1.7241
2020-02-12,285.0,0.0000
2020-02-13,290.0,1.7544
2020-02-14,290.0,0.0000
2020-02-17,290.0,0.0000
2020-02-18,300.0,3.4483
2020-02-19,300.0,0.0000
2020-02-20,300.0,0.0000
2020-02-21,300.0,0.0000
2020-02-24,300.0,0.0000
2020-02-25,280.0,-6.6667
2020-02-26,280.0,0.0000
2020-02-27,280.0,0.0000
2020-02-28,280.0,0.0000
2020-03-02,280.0,0.0000
2020-03-03,280.0,0.0000
2020-03-04,280.0,0.0000
2020-03-05,295.0,5.3571
2020-03-06,295.0,0.0000
2020-03-09,295.0,0.0000
2020-03-10,295.0,0.0000
2020-03-11,295.0,0.0000
2020-03-12,290.0,-1.6949
2020-03-13,270.0,-6.8966
2020-03-16,270.0,0.0000
2020-03-17,270.0,0.0000
2020-03-18,270.0,0.0000
2020-03-19,260.0,-3.7037
2020-03-20,270.0,3.8462
2020-03-23,265.0,-1.8519
2020-03-24,250.0,-5.6604
2020-03-25,250.0,0.0000
2020-03-26,250.0,0.0000
2020-03-27,250.0,0.0000
2020-03-30,245.0,-2.0000
2020-03-31,240.0,-2.0408
2020-04-01,255.0,6.2500
2020-04-02,255.0,0.0000
2020-04-03,240.0,-5.8824
2020-04-06,240.0,0.0000
2020-04-07,255.0,6.2500
2020-04-08,255.0,0.0000
2020-04-09,255.0,0.0000
2020-04-10,255.0,0.0000
2020-04-14,240.0,-5.8824
2020-04-15,230.0,-4.1667
2020-04-16,225.0,-2.1739
2020-04-17,220.0,-2.2222
2020-04-20,205.0,-6.8182
2020-04-21,200.0,-2.4390
2020-04-22,200.0,0.0000
2020-04-23,200.0,0.0000
2020-04-24,200.0,0.0000
2020-04-27,200.0,0.0000
2020-04-28,200.0,0.0000
2020-04-29,210.0,5.0000
2020-04-30,210.0,0.0000
2020-05-04,210.0,0.0000
2020-05-05,210.0,0.0000
2020-05-06,210.0,0.0000
2020-05-07,225.0,7.1429
2020-05-08,240.0,6.6667
2020-05-11,240.0,0.0000
2020-05-12,240.0,0.0000
2020-05-13,255.0,6.2500
2020-05-14,270.0,5.8824
2020-05-15,270.0,0.0000
2020-05-18,290.0,7.4074
2020-05-19,285.0,-1.7241
2020-05-22,305.0,7.0175
2020-05-25,310.0,1.6393
2020-05-26,325.0,4.8387
2020-05-27,325.0,0.0000
2020-05-28,325.0,0.0000
2020-05-29,345.0,6.1538
2020-06-02,345.0,0.0000
2020-06-03,370.0,7.2464
2020-06-04,370.0,0.0000
2020-06-05,360.0,-2.7027
2020-06-08,365.0,1.3889
2020-06-09,370.0,1.3699
2020-06-10,345.0,-6.7568
2020-06-11,365.0,5.7971
2020-06-12,365.0,0.0000
2020-06-15,365.0,0.0000
2020-06-16,360.0,-1.3699
2020-06-17,365.0,1.3889
2020-06-18,345.0,-5.4795
2020-06-19,355.0,2.8986
2020-06-22,345.0,-2.8169
2020-06-23,355.0,2.8986
2020-06-24,355.0,0.0000
2020-06-25,345.0,-2.8169
2020-06-26,345.0,0.0000
2020-06-29,320.0,-7.2464
2020-06-30,320.0,0.0000
2020-07-01,320.0,0.0000
2020-07-02,310.0,-3.1250
2020-07-03,310.0,0.0000
2020-07-06,320.0,3.2258
2020-07-07,325.0,1.5625
2020-07-08,330.0,1.5385
2020-07-09,330.0,0.0000
2020-07-10,310.0,-6.0606
2020-07-13,310.0,0.0000
2020-07-14,310.0,0.0000
2020-07-15,300.0,-3.2258
2020-07-16,300.0,0.0000
2020-07-17,300.0,0.0000
2020-07-20,300.0,0.0000
2020-07-21,300.0,0.0000
2020-07-22,300.0,0.0000
2020-07-23,300.0,0.0000
2020-07-24,300.0,0.0000
2020-07-27,300.0,0.0000
2020-07-28,300.0,0.0000
2020-07-29,300.0,0.0000
2020-07-30,300.0,0.0000
2020-08-03,295.0,-1.6667
2020-08-04,300.0,1.6949
2020-08-05,300.0,0.0000
2020-08-06,300.0,0.0000
2020-08-10,300.0,0.0000
2020-08-11,320.0,6.6667
2020-08-12,300.0,-6.2500
2020-08-13,280.0,-6.6667
2020-08-14,280.0,0.0000
2020-08-17,280.0,0.0000
2020-08-18,280.0,0.0000
2020-08-19,280.0,0.0000
2020-08-20,280.0,0.0000
2020-08-21,280.0,0.0000
2020-08-24,280.0,0.0000
2020-08-25,280.0,0.0000
2020-08-26,280.0,0.0000
2020-08-27,280.0,0.0000
2020-08-28,280.0,0.0000
2020-08-31,280.0,0.0000
2020-09-01,280.0,0.0000
2020-09-02,280.0,0.0000
2020-09-03,280.0,0.0000
2020-09-04,280.0,0.0000
2020-09-07,270.0,-3.5714
2020-09-08,270.0,0.0000
2020-09-09,270.0,0.0000
2020-09-10,270.0,0.0000
2020-09-11,270.0,0.0000
2020-09-14,270.0,0.0000
2020-09-15,270.0,0.0000
2020-09-16,270.0,0.0000
2020-09-17,270.0,0.0000
2020-09-18,270.0,0.0000
2020-09-21,270.0,0.0000
2020-09-22,270.0,0.0000
2020-09-23,275.0,1.8519
2020-09-24,275.0,0.0000
2020-09-25,275.0,0.0000
2020-09-28,275.0,0.0000
2020-09-29,275.0,0.0000
2020-09-30,270.0,-1.8182
2020-10-01,270.0,0.0000
2020-10-02,260.0,-3.7037
2020-10-05,260.0,0.0000
2020-10-06,260.0,0.0000
2020-10-07,260.0,0.0000
2020-10-08,260.0,0.0000
2020-10-09,250.0,-3.8462
2020-10-12,260.0,4.0000
2020-10-13,260.0,0.0000
2020-10-14,245.0,-5.7692
2020-10-15,235.0,-4.0816
2020-10-16,235.0,0.0000
2020-10-19,235.0,0.0000
2020-10-20,235.0,0.0000
2020-10-21,235.0,0.0000
2020-10-22,235.0,0.0000
2020-10-23,235.0,0.0000
2020-10-26,235.0,0.0000
2020-10-27,250.0,6.3830
2020-10-28,250.0,0.0000
2020-10-30,265.0,6.0000
2020-11-02,280.0,5.6604
2020-11-03,280.0,0.0000
2020-11-04,300.0,7.1429
2020-11-05,320.0,6.6667
2020-11-06,340.0,6.2500
2020-11-09,330.0,-2.9412
2020-11-10,340.0,3.0303
2020-11-11,340.0,0.0000
2020-11-12,340.0,0.0000
2020-11-13,340.0,0.0000
2020-11-16,340.0,0.0000
2020-11-17,340.0,0.0000
2020-11-18,350.0,2.9412
2020-11-19,350.0,0.0000
2020-11-20,345.0,-1.4286
2020-11-23,340.0,-1.4493
2020-11-24,340.0,0.0000
2020-11-25,315.0,-7.3529
2020-11-26,315.0,0.0000
2020-11-27,315.0,0.0000
2020-11-30,320.0,1.5873
2020-12-01,300.0,-6.2500
2020-12-02,300.0,0.0000
2020-12-03,300.0,0.0000
2020-12-04,300.0,0.0000
2020-12-07,300.0,0.0000
2020-12-08,320.0,6.6667
2020-12-09,300.0,-6.2500
2020-12-10,310.0,3.3333
2020-12-11,320.0,3.2258
2020-12-14,320.0,0.0000
2020-12-15,320.0,0.0000
2020-12-16,320.0,0.0000
2020-12-17,320.0,0.0000
2020-12-18,320.0,0.0000
2020-12-21,320.0,0.0000
2020-12-22,320.0,0.0000
2020-12-23,340.0,6.2500
2020-12-24,350.0,2.9412
2020-12-28,350.0,0.0000
2020-12-29,330.0,-5.7143
2020-12-30,320.0,-3.0303
2020-12-31,320.0,0.0000
2021-01-04,340.0,6.2500
2021-01-05,355.0,4.4118
2021-01-06,365.0,2.8169
2021-01-07,365.0,0.0000
2021-01-08,375.0,2.7397
2021-01-11,400.0,6.6667
2021-01-12,400.0,0.0000
2021-01-13,430.0,7.5000
2021-01-14,450.0,4.6512
2021-01-15,430.0,-4.4444
2021-01-18,460.0,6.9767
2021-01-19,450.0,-2.1739
2021-01-20,480.0,6.6667
2021-01-21,515.0,7.2917
2021-01-22,550.0,6.7961
2021-01-25,590.0,7.2727
2021-01-26,595.0,0.8475
2021-01-27,635.0,6.7227
2021-01-28,645.0,1.5748
2021-01-29,690.0,6.9767
2021-02-01,740.0,7.2464
2021-02-02,745.0,0.6757
2021-02-03,745.0,0.0000
2021-02-04,740.0,-0.6711
2021-02-05,740.0,0.0000
2021-02-08,700.0,-5.4054
2021-02-09,700.0,0.0000
2021-02-10,650.0,-7.1429
2021-02-11,605.0,-6.9231
2021-02-12,600.0,-0.8264
2021-02-15,555.0,-7.5000
2021-02-16,555.0,0.0000
2021-02-17,595.0,7.2072
2021-02-18,595.0,0.0000
2021-02-19,600.0,0.8403
2021-02-22,645.0,7.5000
2021-02-23,690.0,6.9767
2021-02-24,700.0,1.4493
2021-02-25,705.0,0.7143
2021-02-26,705.0,0.0000
2021-03-01,725.0,2.8369
2021-03-02,725.0,0.0000
2021-03-03,750.0,3.4483
2021-03-04,750.0,0.0000
2021-03-05,725.0,-3.3333
2021-03-08,730.0,0.6897
2021-03-09,725.0,-0.6849
2021-03-10,725.0,0.0000
2021-03-11,725.0,0.0000
2021-03-12,720.0,-0.6897
2021-03-15,720.0,0.0000
2021-03-16,710.0,-1.3889
2021-03-17,710.0,0.0000
2021-03-18,710.0,0.0000
2021-03-19,700.0,-1.4085
2021-03-22,695.0,-0.7143
2021-03-23,695.0,0.0000
2021-03-24,695.0,0.0000
2021-03-25,695.0,0.0000
2021-03-26,645.0,-7.1942
2021-03-29,645.0,0.0000
2021-03-30,645.0,0.0000
2021-03-31,620.0,-3.8760
2021-04-01,615.0,-0.8065
2021-04-02,620.0,0.8130
2021-04-06,615.0,-0.8065
2021-04-07,595.0,-3.2520
2021-04-08,595.0,0.0000
2021-04-09,595.0,0.0000
2021-04-12,580.0,-2.5210
2021-04-13,550.0,-5.1724
2021-04-14,590.0,7.2727
2021-04-15,590.0,0.0000
2021-04-16,590.0,0.0000
2021-04-19,590.0,0.0000
2021-04-20,585.0,-0.8475
2021-04-21,625.0,6.8376
2021-04-22,670.0,7.2000
2021-04-23,720.0,7.4627
2021-04-26,770.0,6.9444
2021-04-27,825.0,7.1429
2021-04-28,885.0,7.2727
2021-04-29,950.0,7.3446
2021-04-30,1020.0,7.3684
2021-05-03,1095.0,7.3529
2021-05-04,1175.0,7.3059
2021-05-05,1260.0,7.2340
2021-05-06,1350.0,7.1429
2021-05-07,1450.0,7.4074
2021-05-10,1555.0,7.2414
2021-05-11,1670.0,7.3955
2021-05-14,1795.0,7.4850
2021-05-17,1925.0,7.2423
2021-05-18,2065.0,7.2727
2021-05-19,2215.0,7.2639
2021-05-20,2380.0,7.4492
2021-05-21,2555.0,7.3529
2021-05-25,2745.0,7.4364
2021-05-26,2950.0,7.4681
2021-05-27,3170.0,7.4576
2021-05-28,3395.0,7.0978
2021-05-31,3400.0,0.1473
2021-06-01,3250.0,-4.4118
2021-06-02,3300.0,1.5385
2021-06-03,3100.0,-6.0606
2021-06-04,3100.0,0.0000
2021-06-07,3000.0,-3.2258
2021-06-08,3025.0,0.8333
2021-06-09,3250.0,7.4380
2021-06-10,3250.0,0.0000
2021-06-11,3400.0,4.6154
2021-06-14,3390.0,-0.2941
2021-06-15,3255.0,-3.9823
2021-06-16,3390.0,4.1475
2021-06-17,3395.0,0.1475
2021-06-18,3390.0,-0.1473
2021-06-21,3395.0,0.1475
2021-06-22,3395.0,0.0000
2021-06-23,3395.0,0.0000
2021-06-24,3580.0,5.4492
2021-06-25,3585.0,0.1397
2021-06-28,3585.0,0.0000
2021-06-29,3600.0,0.4184
2021-06-30,3600.0,0.0000
2021-07-01,3600.0,0.0000
2021-07-02,3500.0,-2.7778
2021-07-05,3500.0,0.0000
2021-07-06,3400.0,-2.8571
2021-07-07,3400.0,0.0000
2021-07-08,3345.0,-1.6176
2021-07-09,3545.0,5.9791
2021-07-12,3540.0,-0.1410
2021-07-13,3600.0,1.6949
2021-07-14,3600.0,0.0000
2021-07-15,3695.0,2.6389
2021-07-16,3695.0,0.0000
2021-07-19,3970.0,7.4425
2021-07-21,4265.0,7.4307
2021-07-22,4200.0,-1.5240
2021-07-23,4000.0,-4.7619
2021-07-26,3765.0,-5.8750
2021-07-27,3795.0,0.7968
2021-07-28,3690.0,-2.7668
2021-07-29,3690.0,0.0000
2021-07-30,3695.0,0.1355
2021-08-02,3690.0,-0.1353
2021-08-03,3675.0,-0.4065
2021-08-04,3675.0,0.0000
2021-08-05,3675.0,0.0000
2021-08-06,3690.0,0.4082
2021-08-09,3675.0,-0.4065
2021-08-10,3675.0,0.0000
2021-08-11,3640.0,-0.9524
2021-08-12,3650.0,0.2747
2021-08-13,3700.0,1.3699
2021-08-16,3700.0,0.0000
2021-08-17,3900.0,5.4054
2021-08-18,3900.0,0.0000
2021-08-19,3900.0,0.0000
2021-08-20,3820.0,-2.0513
2021-08-23,3820.0,0.0000
2021-08-24,3850.0,0.7853
2021-08-25,3850.0,0.0000
2021-08-26,3825.0,-0.6494
2021-08-27,3900.0,1.9608
2021-08-30,3890.0,-0.2564
2021-08-31,3900.0,0.2571
2021-09-01,3900.0,0.0000
2021-09-02,3885.0,-0.3846
2021-09-03,3885.0,0.0000
2021-09-06,3885.0,0.0000
2021-09-07,3950.0,1.6731
2021-09-08,3950.0,0.0000
2021-09-09,3950.0,0.0000
2021-09-10,3900.0,-1.2658
2021-09-13,3900.0,0.0000
2021-09-14,3900.0,0.0000
2021-09-15,3905.0,0.1282
2021-09-16,3920.0,0.3841
2021-09-17,3900.0,-0.5102
2021-09-20,3910.0,0.2564
2021-09-21,3910.0,0.0000
2021-09-22,3905.0,-0.1279
2021-09-23,3900.0,-0.1280
2021-09-24,3890.0,-0.2564
2021-09-27,3840.0,-1.2853
2021-09-28,3890.0,1.3021
2021-09-29,3800.0,-2.3136
2021-09-30,3700.0,-2.6316
2021-10-01,3900.0,5.4054
2021-10-04,3900.0,0.0000
2021-10-05,3895.0,-0.1282
2021-10-06,3950.0,1.4121
2021-10-07,3895.0,-1.3924
2021-10-08,3910.0,0.3851
2021-10-11,3900.0,-0.2558
2021-10-12,3905.0,0.1282
2021-10-13,3910.0,0.1280
2021-10-14,3940.0,0.7673
2021-10-15,4000.0,1.5228
2021-10-19,4190.0,4.7500
2021-10-20,4290.0,2.3866
2021-10-21,4610.0,7.4592
2021-10-22,4955.0,7.4837
2021-10-25,5300.0,6.9627
2021-10-26,5590.0,5.4717
2021-10-27,5330.0,-4.6512
2021-10-28,5400.0,1.3133
2021-10-29,5200.0,-3.7037
2021-11-02,4890.0,-5.9615
2021-11-03,4890.0,0.0000
2021-11-04,4890.0,0.0000
2021-11-05,4800.0,-1.8405
2021-11-08,4670.0,-2.7083
2021-11-09,4600.0,-1.4989
2021-11-10,4600.0,0.0000
2021-11-11,4490.0,-2.3913
2021-11-12,4210.0,-6.2361
2021-11-16,4525.0,7.4822
2021-11-17,4670.0,3.2044
2021-11-18,4670.0,0.0000
2021-11-19,4670.0,0.0000
2021-11-22,4665.0,-0.1071
2021-11-23,4670.0,0.1072
2021-11-24,4670.0,0.0000
2021-11-25,4700.0,0.6424
2021-11-26,5050.0,7.4468
2021-11-29,4675.0,-7.4257
2021-11-30,4700.0,0.5348
2021-12-01,4680.0,-0.4255
2021-12-02,4700.0,0.4274
2021-12-03,4665.0,-0.7447
2021-12-06,4670.0,0.1072
2021-12-07,4670.0,0.0000
2021-12-08,4665.0,-0.1071
2021-12-09,4670.0,0.1072
2021-12-10,4670.0,0.0000
2021-12-13,4670.0,0.0000
2021-12-14,4670.0,0.0000
2021-12-15,4670.0,0.0000
2021-12-16,4670.0,0.0000
2021-12-17,4665.0,-0.1071
2021-12-20,4635.0,-0.6431
2021-12-21,4650.0,0.3236
2021-12-22,4650.0,0.0000
2021-12-23,4650.0,0.0000
2021-12-24,4650.0,0.0000
2021-12-27,4650.0,0.0000
2021-12-28,4670.0,0.4301
2021-12-29,4665.0,-0.1071
2021-12-30,4665.0,0.0000
2021-12-31,4605.0,-1.2862
2022-01-03,4670.0,1.4115
2022-01-04,4670.0,0.0000
2022-01-05,4615.0,-1.1777
2022-01-06,4665.0,1.0834
2022-01-07,4665.0,0.0000
2022-01-10,4900.0,5.0375
2022-01-11,4800.0,-2.0408
2022-01-12,4850.0,1.0417
2022-01-13,4800.0,-1.0309
2022-01-14,4800.0,0.0000
2022-01-17,4890.0,1.8750
2022-01-18,4870.0,-0.4090
2022-01-19,4970.0,2.0534
2022-01-20,5145.0,3.5211
2022-01-21,5130.0,-0.2915
2022-01-24,5140.0,0.1949
2022-01-25,5140.0,0.0000
2022-01-26,5140.0,0.0000
2022-01-27,5300.0,3.1128
2022-01-28,5440.0,2.6415
2022-01-31,5745.0,5.6066
2022-02-01,5705.0,-0.6963
2022-02-02,5700.0,-0.0876
2022-02-03,5500.0,-3.5088
2022-02-04,5300.0,-3.6364
2022-02-07,5300.0,0.0000
2022-02-08,5285.0,-0.2830
2022-02-09,5275.0,-0.1892
2022-02-10,5275.0,0.0000
2022-02-11,5275.0,0.0000
2022-02-14,5275.0,0.0000
2022-02-15,5285.0,0.1896
2022-02-16,5275.0,-0.1892
2022-02-17,5300.0,0.4739
2022-02-18,5500.0,3.7736
2022-02-21,5650.0,2.7273
2022-02-22,5645.0,-0.0885
2022-02-23,5645.0,0.0000
2022-02-24,5645.0,0.0000
2022-02-25,5630.0,-0.2657
2022-02-28,5650.0,0.3552
2022-03-01,5950.0,5.3097
2022-03-02,5800.0,-2.5210
2022-03-03,5800.0,0.0000
2022-03-04,5800.0,0.0000
2022-03-07,5700.0,-1.7241
2022-03-08,5700.0,0.0000
2022-03-09,5700.0,0.0000
2022-03-10,5800.0,1.7544
2022-03-11,5795.0,-0.0862
2022-03-14,5795.0,0.0000
2022-03-15,5795.0,0.0000
2022-03-16,5615.0,-3.1061
2022-03-17,5750.0,2.4043
2022-03-18,5650.0,-1.7391
2022-03-21,5700.0,0.8850
2022-03-22,5800.0,1.7544
2022-03-23,5700.0,-1.7241
2022-03-24,5700.0,0.0000
2022-03-25,5820.0,2.1053
2022-03-28,5820.0,0.0000
2022-03-29,6255.0,7.4742
2022-03-30,6400.0,2.3181
2022-03-31,6750.0,5.4688
2022-04-01,6790.0,0.5926
2022-04-04,6745.0,-0.6627
2022-04-05,6500.0,-3.6323
2022-04-06,6490.0,-0.1538
2022-04-07,6120.0,-5.7011
2022-04-08,6400.0,4.5752
2022-04-11,6400.0,0.0000
2022-04-12,6100.0,-4.6875
2022-04-13,6200.0,1.6393
2022-04-14,6200.0,0.0000
2022-04-15,6665.0,7.5000
2022-04-19,7160.0,7.4269
2022-04-20,7695.0,7.4721
2022-04-21,8270.0,7.4724
2022-04-22,8500.0,2.7811
2022-04-25,7865.0,-7.4706
2022-04-26,7790.0,-0.9536
2022-04-27,7215.0,-7.3813
2022-04-29,7755.0,7.4844
2022-05-03,7680.0,-0.9671
2022-05-04,7400.0,-3.6458
2022-05-05,7350.0,-0.6757
2022-05-06,7300.0,-0.6803
2022-05-09,7200.0,-1.3699
2022-05-10,7100.0,-1.3889
2022-05-11,7100.0,0.0000
2022-05-12,7200.0,1.4085
2022-05-13,7200.0,0.0000
2022-05-16,7090.0,-1.5278
2022-05-17,7070.0,-0.2821
2022-05-18,7000.0,-0.9901
2022-05-19,6995.0,-0.0714
2022-05-20,7000.0,0.0715
2022-05-23,7200.0,2.8571
2022-05-24,7190.0,-0.1389
2022-05-25,7000.0,-2.6426
2022-05-27,6930.0,-1.0000
2022-05-30,7200.0,3.8961
2022-05-31,7535.0,4.6528
2022-06-01,7000.0,-7.1002
2022-06-02,7000.0,0.0000
2022-06-03,7000.0,0.0000
2022-06-07,7350.0,5.0000
2022-06-08,7205.0,-1.9728
2022-06-09,7000.0,-2.8452
2022-06-10,6995.0,-0.0714
2022-06-13,7000.0,0.0715
2022-06-14,7000.0,0.0000
2022-06-15,7000.0,0.0000
2022-06-16,7000.0,0.0000
2022-06-17,7000.0,0.0000
2022-06-20,7000.0,0.0000
2022-06-21,7100.0,1.4286
2022-06-22,7200.0,1.4085
2022-06-23,7200.0,0.0000
2022-06-24,7200.0,0.0000
2022-06-27,7000.0,-2.7778
2022-06-28,7190.0,2.7143
2022-06-29,7000.0,-2.6426
2022-06-30,7180.0,2.5714
2022-07-01,7180.0,0.0000
2022-07-04,7150.0,-0.4178
2022-07-05,7180.0,0.4196
2022-07-06,7100.0,-1.1142
2022-07-07,7100.0,0.0000
2022-07-08,7000.0,-1.4085
2022-07-11,7000.0,0.0000
2022-07-12,7100.0,1.4286
2022-07-13,7000.0,-1.4085
2022-07-14,7200.0,2.8571
2022-07-15,7000.0,-2.7778
2022-07-18,7200.0,2.8571
2022-07-19,7175.0,-0.3472
2022-07-20,7185.0,0.1394
2022-07-21,7185.0,0.0000
2022-07-22,7185.0,0.0000
2022-07-25,7185.0,0.0000
2022-07-26,7185.0,0.0000
2022-07-27,7600.0,5.7759
2022-07-28,7585.0,-0.1974
2022-07-29,6940.0,-8.5036
2022-08-01,6890.0,-0.7205
2022-08-02,6795.0,-1.3788
2022-08-03,6750.0,-0.6623
2022-08-04,6540.0,-3.1111
2022-08-05,6590.0,0.7645
2022-08-09,6500.0,-1.3657
2022-08-10,6400.0,-1.5385
2022-08-11,6500.0,1.5625
2022-08-12,6495.0,-0.0769
2022-08-16,6475.0,-0.3079
2022-08-17,6400.0,-1.1583
2022-08-18,6400.0,0.0000
2022-08-19,6725.0,5.0781
2022-08-22,6895.0,2.5279
2022-08-23,6840.0,-0.7977
2022-08-24,6835.0,-0.0731
2022-08-25,7000.0,2.4140
2022-08-26,6950.0,-0.7143
2022-08-29,6935.0,-0.2158
2022-08-30,6920.0,-0.2163
2022-08-31,7150.0,3.3237
2022-09-01,6895.0,-3.5664
2022-09-02,6700.0,-2.8281
2022-09-05,6650.0,-0.7463
2022-09-06,6155.0,-7.4436
2022-09-07,6600.0,7.2299
2022-09-08,6540.0,-0.9091
2022-09-09,6535.0,-0.0765
2022-09-12,6800.0,4.0551
2022-09-13,6890.0,1.3235
2022-09-14,6870.0,-0.2903
2022-09-15,6850.0,-0.2911
2022-09-16,6800.0,-0.7299
2022-09-19,6790.0,-0.1471
2022-09-20,6495.0,-4.3446
2022-09-21,6790.0,4.5420
2022-09-22,6785.0,-0.0736
2022-09-23,6780.0,-0.0737
2022-09-26,6790.0,0.1475
2022-09-27,6780.0,-0.1473
2022-09-28,6730.0,-0.7375
2022-09-29,6730.0,0.0000
2022-09-30,7100.0,5.4978
2022-10-03,7095.0,-0.0704
2022-10-04,6935.0,-2.2551
2022-10-05,6930.0,-0.0721
2022-10-06,6925.0,-0.0722
2022-10-07,6920.0,-0.0722
2022-10-10,6920.0,0.0000
2022-10-11,6900.0,-0.2890
2022-10-12,6915.0,0.2174
2022-10-13,6895.0,-0.2892
2022-10-14,6890.0,-0.0725
2022-10-17,6700.0,-2.7576
2022-10-18,6700.0,0.0000
2022-10-19,6700.0,0.0000
2022-10-20,6500.0,-2.9851
2022-10-21,6480.0,-0.3077
2022-10-24,6480.0,0.0000
2022-10-25,6400.0,-1.2346
2022-10-26,6395.0,-0.0781
2022-10-27,6395.0,0.0000
2022-10-28,6400.0,0.0782
2022-10-31,6400.0,0.0000
2022-11-02,6395.0,-0.0781
2022-11-03,6390.0,-0.0782
2022-11-04,6400.0,0.1565
2022-11-07,6390.0,-0.1562
2022-11-08,6200.0,-2.9734
2022-11-09,6200.0,0.0000
2022-11-10,6350.0,2.4194
2022-11-11,6350.0,0.0000
2022-11-14,6020.0,-5.1969
2022-11-16,5950.0,-1.1628
2022-11-17,6300.0,5.8824
2022-11-18,6300.0,0.0000
2022-11-21,6300.0,0.0000
2022-11-22,6300.0,0.0000
2022-11-23,6300.0,0.0000
2022-11-24,6300.0,0.0000
2022-11-25,6295.0,-0.0794
2022-11-28,6300.0,0.0794
2022-11-29,6200.0,-1.5873
2022-11-30,7095.0,14.4355
2022-12-01,7200.0,1.4799
2022-12-02,7390.0,2.6389
2022-12-05,7300.0,-1.2179
2022-12-06,7300.0,0.0000
2022-12-07,7500.0,2.7397
2022-12-08,7900.0,5.3333
2022-12-09,8000.0,1.2658
2022-12-12,8000.0,0.0000
2022-12-13,7960.0,-0.5000
2022-12-14,8540.0,7.2864
2022-12-15,8550.0,0.1171
2022-12-16,8495.0,-0.6433
2022-12-19,8490.0,-0.0589
2022-12-20,8400.0,-1.0601
2022-12-21,8390.0,-0.1190
2022-12-22,8390.0,0.0000
2022-12-23,8300.0,-1.0727
2022-12-27,8360.0,0.7229
2022-12-28,8400.0,0.4785
2022-12-29,8250.0,-1.7857
2022-12-30,8245.0,-0.0606
2023-01-02,8245.0,0.0000
2023-01-03,8245.0,0.0000
2023-01-04,7990.0,-3.0928
2023-01-05,7950.0,-0.5006
2023-01-06,7355.0,-7.4843
2023-01-09,7790.0,5.9143
2023-01-10,7790.0,0.0000
2023-01-11,7210.0,-7.4454
2023-01-12,7100.0,-1.5257
2023-01-13,7050.0,-0.7042
2023-01-16,7100.0,0.7092
2023-01-17,7505.0,5.7042
2023-01-18,7505.0,0.0000
2023-01-19,7100.0,-5.3964
2023-01-20,7100.0,0.0000
2023-01-23,7100.0,0.0000
2023-01-24,7100.0,0.0000
2023-01-25,7100.0,0.0000
2023-01-26,7100.0,0.0000
2023-01-27,7095.0,-0.0704
2023-01-30,6900.0,-2.7484
2023-01-31,6895.0,-0.0725
2023-02-01,6895.0,0.0000
2023-02-02,6895.0,0.0000
2023-02-03,6895.0,0.0000
2023-02-06,6900.0,0.0725
2023-02-07,6895.0,-0.0725
2023-02-08,7240.0,5.0036
2023-02-09,7495.0,3.5221
2023-02-10,7480.0,-0.2001
2023-02-13,7335.0,-1.9385
2023-02-14,7200.0,-1.8405
2023-02-15,7200.0,0.0000
2023-02-16,7200.0,0.0000
2023-02-17,7200.0,0.0000
2023-02-20,7200.0,0.0000
2023-02-21,7150.0,-0.6944
2023-02-22,7190.0,0.5594
2023-02-23,7150.0,-0.5563
2023-02-24,7100.0,-0.6993
2023-02-27,7100.0,0.0000
2023-02-28,7000.0,-1.4085
2023-03-01,7140.0,2.0000
2023-03-02,7100.0,-0.5602
2023-03-03,7000.0,-1.4085
2023-03-06,7000.0,0.0000
2023-03-07,6995.0,-0.0714
2023-03-08,6990.0,-0.0715
2023-03-09,6990.0,0.0000
2023-03-10,6990.0,0.0000
2023-03-13,6985.0,-0.0715
2023-03-14,6990.0,0.0716
2023-03-15,6990.0,0.0000
2023-03-16,6900.0,-1.2876
2023-03-17,6900.0,0.0000
2023-03-20,6900.0,0.0000
2023-03-21,6900.0,0.0000
2023-03-22,6800.0,-1.4493
2023-03-23,6800.0,0.0000
2023-03-24,6990.0,2.7941
2023-03-27,6980.0,-0.1431
2023-03-28,6980.0,0.0000
2023-03-29,6980.0,0.0000
2023-03-30,6900.0,-1.1461
2023-03-31,6900.0,0.0000
2023-04-03,6950.0,0.7246
2023-04-04,6950.0,0.0000
2023-04-05,6800.0,-2.1583
2023-04-06,6860.0,0.8824
2023-04-07,6860.0,0.0000
2023-04-11,6860.0,0.0000
2023-04-12,6900.0,0.5831
2023-04-13,6900.0,0.0000
2023-04-14,6900.0,0.0000
2023-04-17,6900.0,0.0000
2023-04-19,6800.0,-1.4493
2023-04-20,6800.0,0.0000
2023-04-24,6750.0,-0.7353
2023-04-25,6990.0,3.5556
2023-04-26,7500.0,7.2961
2023-04-27,7500.0,0.0000
2023-04-28,7475.0,-0.3333
2023-05-02,7980.0,6.7559
2023-05-03,7385.0,-7.4561
2023-05-04,7935.0,7.4475
2023-05-05,7900.0,-0.4411
2023-05-08,7895.0,-0.0633
2023-05-09,7900.0,0.0633
2023-05-10,7895.0,-0.0633
2023-05-11,7885.0,-0.1267
2023-05-12,7885.0,0.0000
2023-05-15,7845.0,-0.5073
2023-05-16,7800.0,-0.5736
2023-05-17,7750.0,-0.6410
2023-05-19,7750.0,0.0000
2023-05-22,7750.0,0.0000
2023-05-23,7730.0,-0.2581
2023-05-24,7730.0,0.0000
2023-05-25,7720.0,-0.1294
2023-05-26,7715.0,-0.0648
2023-05-30,7695.0,-0.2592
2023-05-31,7730.0,0.4548
2023-06-01,7730.0,0.0000
2023-06-02,7730.0,0.0000
2023-06-05,7730.0,0.0000
2023-06-06,7700.0,-0.3881
2023-06-07,7700.0,0.0000
2023-06-08,7700.0,0.0000
2023-06-09,7700.0,0.0000
2023-06-12,7700.0,0.0000
2023-06-13,7700.0,0.0000
2023-06-14,7695.0,-0.0649
2023-06-15,7695.0,0.0000
2023-06-16,7725.0,0.3899
2023-06-19,7695.0,-0.3883
2023-06-20,7670.0,-0.3249
2023-06-21,7665.0,-0.0652
2023-06-22,7650.0,-0.1957
2023-06-23,7650.0,0.0000
2023-06-26,7695.0,0.5882
2023-06-27,7640.0,-0.7147
2023-06-29,7695.0,0.7199
2023-06-30,7695.0,0.0000
2023-07-03,7695.0,0.0000
2023-07-04,7695.0,0.0000
2023-07-05,7695.0,0.0000
2023-07-06,7685.0,-0.1300
2023-07-07,7705.0,0.2602
2023-07-10,7900.0,2.5308
2023-07-11,7935.0,0.4430
2023-07-12,7935.0,0.0000
2023-07-13,7935.0,0.0000
2023-07-14,8095.0,2.0164
2023-07-17,7995.0,-1.2353
2023-07-18,8290.0,3.6898
2023-07-19,8300.0,0.1206
2023-07-20,8290.0,-0.1205
2023-07-21,8350.0,0.7238
2023-07-24,8300.0,-0.5988
2023-07-25,8300.0,0.0000
2023-07-26,8340.0,0.4819
2023-07-27,8500.0,1.9185
2023-07-28,9000.0,5.8824
2023-07-31,9295.0,3.2778
2023-08-01,9200.0,-1.0221
2023-08-02,9190.0,-0.1087
2023-08-03,8990.0,-2.1763
2023-08-04,8800.0,-2.1135
2023-08-08,8600.0,-2.2727
2023-08-09,8505.0,-1.1047
2023-08-10,8500.0,-0.0588
2023-08-11,8495.0,-0.0588
2023-08-14,8490.0,-0.0589
2023-08-16,8485.0,-0.0589
2023-08-17,8395.0,-1.0607
2023-08-18,8390.0,-0.0596
2023-08-21,8385.0,-0.0596
2023-08-22,8390.0,0.0596
2023-08-23,8490.0,1.1919
2023-08-24,8415.0,-0.8834
2023-08-25,8480.0,0.7724
2023-08-28,8480.0,0.0000
2023-08-29,8300.0,-2.1226
2023-08-30,8300.0,0.0000
2023-08-31,8150.0,-1.8072
2023-09-01,8150.0,0.0000
2023-09-04,8150.0,0.0000
2023-09-05,8300.0,1.8405
2023-09-06,8295.0,-0.0602
2023-09-07,8300.0,0.0603
2023-09-08,8480.0,2.1687
2023-09-11,8480.0,0.0000
2023-09-12,8475.0,-0.0590
2023-09-13,8475.0,0.0000
2023-09-14,8485.0,0.1180
2023-09-15,8480.0,-0.0589
2023-09-18,8380.0,-1.1792
2023-09-19,8350.0,-0.3580
2023-09-20,8575.0,2.6946
2023-09-21,8570.0,-0.0583
2023-09-22,8500.0,-0.8168
2023-09-25,8575.0,0.8824
2023-09-26,9180.0,7.0554
2023-09-28,9400.0,2.3965
2023-09-29,9400.0,0.0000
2023-10-02,8695.0,-7.5000
2023-10-03,8045.0,-7.4756
2023-10-04,7445.0,-7.4580
2023-10-05,7445.0,0.0000
2023-10-06,7895.0,6.0443
2023-10-09,7895.0,0.0000
2023-10-10,7875.0,-0.2533
2023-10-11,7865.0,-0.1270
2023-10-12,7955.0,1.1443
2023-10-13,8445.0,6.1596
2023-10-16,8395.0,-0.5921
2023-10-17,8355.0,-0.4765
2023-10-18,8335.0,-0.2394
2023-10-19,8325.0,-0.1200
2023-10-20,8150.0,-2.1021
2023-10-23,8150.0,0.0000
2023-10-24,8150.0,0.0000
2023-10-25,7990.0,-1.9632
2023-10-26,7985.0,-0.0626
2023-10-27,7950.0,-0.4383
2023-10-30,7950.0,0.0000
2023-10-31,7900.0,-0.6289
2023-11-02,7895.0,-0.0633
2023-11-03,7890.0,-0.0633
2023-11-06,7900.0,0.1267
2023-11-07,7890.0,-0.1266
2023-11-08,7890.0,0.0000
2023-11-09,7880.0,-0.1267
2023-11-10,7885.0,0.0635
2023-11-13,7880.0,-0.0634
2023-11-14,7880.0,0.0000
2023-11-16,7850.0,-0.3807
2023-11-17,7790.0,-0.7643
2023-11-20,7215.0,-7.3813
2023-11-21,7340.0,1.7325
2023-11-22,7000.0,-4.6322
2023-11-23,7000.0,0.0000
2023-11-24,7100.0,1.4286
2023-11-27,7630.0,7.4648
2023-11-28,7885.0,3.3421
2023-11-29,7890.0,0.0634
2023-11-30,7785.0,-1.3308
2023-12-01,7630.0,-1.9910
2023-12-04,7785.0,2.0315
2023-12-05,7785.0,0.0000
2023-12-06,7785.0,0.0000
2023-12-07,7745.0,-0.5138
2023-12-08,7740.0,-0.0646
2023-12-11,7735.0,-0.0646
2023-12-12,7700.0,-0.4525
2023-12-13,7125.0,-7.4675
2023-12-14,7545.0,5.8947
2023-12-15,6980.0,-7.4884
2023-12-18,7485.0,7.2350
2023-12-19,6925.0,-7.4816
2023-12-20,7095.0,2.4549
2023-12-21,7095.0,0.0000
2023-12-22,7500.0,5.7082
2023-12-26,7480.0,-0.2667
2023-12-27,7390.0,-1.2032
2023-12-28,7400.0,0.1353
2023-12-29,7385.0,-0.2027
2024-01-02,7365.0,-0.2708
2024-01-03,7395.0,0.4073
2024-01-04,7390.0,-0.0676
2024-01-05,7385.0,-0.0677
2024-01-08,7380.0,-0.0677
2024-01-09,7380.0,0.0000
2024-01-10,7350.0,-0.4065
2024-01-11,7350.0,0.0000
2024-01-12,7350.0,0.0000
2024-01-15,7350.0,0.0000
2024-01-16,7350.0,0.0000
2024-01-17,7200.0,-2.0408
2024-01-18,7350.0,2.0833
2024-01-19,7345.0,-0.0680
2024-01-22,7340.0,-0.0681
2024-01-23,7300.0,-0.5450
2024-01-24,7295.0,-0.0685
2024-01-25,7295.0,0.0000
2024-01-26,7295.0,0.0000
2024-01-29,7200.0,-1.3023
2024-01-30,7190.0,-0.1389
2024-01-31,7175.0,-0.2086
2024-02-01,7155.0,-0.2787
2024-02-02,7150.0,-0.0699
2024-02-05,6995.0,-2.1678
2024-02-06,6995.0,0.0000
2024-02-07,6995.0,0.0000
2024-02-08,6995.0,0.0000
2024-02-09,6995.0,0.0000
2024-02-13,6995.0,0.0000
2024-02-14,6990.0,-0.0715
2024-02-15,6990.0,0.0000
2024-02-16,6990.0,0.0000
2024-02-19,6990.0,0.0000
2024-02-20,7000.0,0.1431
2024-02-21,7100.0,1.4286
2024-02-22,7100.0,0.0000
2024-02-23,7100.0,0.0000
2024-02-26,7000.0,-1.4085
2024-02-27,6995.0,-0.0714
2024-02-28,6995.0,0.0000
2024-02-29,6990.0,-0.0715
2024-03-01,6990.0,0.0000
2024-03-04,6900.0,-1.2876
2024-03-05,6900.0,0.0000
2024-03-06,6885.0,-0.2174
2024-03-07,6890.0,0.0726
2024-03-08,6850.0,-0.5806
2024-03-11,6890.0,0.5839
2024-03-12,6800.0,-1.3062
2024-03-13,6780.0,-0.2941
2024-03-14,6770.0,-0.1475
2024-03-15,6770.0,0.0000
2024-03-18,6770.0,0.0000
2024-03-19,6770.0,0.0000
2024-03-20,6770.0,0.0000
2024-03-21,6760.0,-0.1477
2024-03-22,6700.0,-0.8876
2024-03-25,6500.0,-2.9851
2024-03-26,6900.0,6.1538
2024-03-27,6900.0,0.0000
2024-03-28,6895.0,-0.0725
2024-03-29,6900.0,0.0725
2024-04-02,6890.0,-0.1449
2024-04-03,6900.0,0.1451
2024-04-04,6890.0,-0.1449
2024-04-05,6900.0,0.1451
2024-04-08,6850.0,-0.7246
2024-04-09,6850.0,0.0000
2024-04-11,6850.0,0.0000
2024-04-12,6850.0,0.0000
2024-04-15,6850.0,0.0000
2024-04-16,6800.0,-0.7299
2024-04-17,6895.0,1.3971
2024-04-18,6890.0,-0.0725
2024-04-19,6890.0,0.0000
2024-04-22,6890.0,0.0000
2024-04-23,6890.0,0.0000
2024-04-24,6580.0,-4.4993
2024-04-25,6850.0,4.1033
2024-04-26,6900.0,0.7299
2024-04-29,6900.0,0.0000
2024-04-30,6900.0,0.0000
2024-05-02,6900.0,0.0000
2024-05-03,6900.0,0.0000
2024-05-06,7100.0,2.8986
2024-05-07,7630.0,7.4648
2024-05-08,7630.0,0.0000
2024-05-10,7580.0,-0.6553
2024-05-13,7510.0,-0.9235
2024-05-14,7500.0,-0.1332
2024-05-15,7490.0,-0.1333
2024-05-16,7490.0,0.0000
2024-05-17,7490.0,0.0000
2024-05-21,7490.0,0.0000
2024-05-22,7490.0,0.0000
2024-05-23,7500.0,0.1335
2024-05-24,7550.0,0.6667
2024-05-27,7495.0,-0.7285
2024-05-28,7480.0,-0.2001
2024-05-29,7485.0,0.0668
2024-05-30,7490.0,0.0668
2024-05-31,7490.0,0.0000
2024-06-03,7500.0,0.1335
2024-06-04,7500.0,0.0000
2024-06-05,7500.0,0.0000
2024-06-06,7495.0,-0.0667
2024-06-07,7500.0,0.0667
2024-06-10,7495.0,-0.0667
2024-06-11,7495.0,0.0000
2024-06-12,7400.0,-1.2675
2024-06-13,7495.0,1.2838
2024-06-14,7495.0,0.0000
2024-06-18,7995.0,6.6711
2024-06-19,7500.0,-6.1914
2024-06-20,7500.0,0.0000
2024-06-21,7495.0,-0.0667
2024-06-24,7500.0,0.0667
2024-06-25,7500.0,0.0000
2024-06-26,7500.0,0.0000
2024-06-27,7500.0,0.0000
2024-06-28,7500.0,0.0000
2024-07-01,7500.0,0.0000
2024-07-02,7390.0,-1.4667
2024-07-03,7495.0,1.4208
2024-07-04,7500.0,0.0667
2024-07-05,7800.0,4.0000
2024-07-08,7500.0,-3.8462
2024-07-09,7500.0,0.0000
2024-07-10,7500.0,0.0000
2024-07-11,7400.0,-1.3333
2024-07-12,7400.0,0.0000
2024-07-15,7450.0,0.6757
2024-07-16,7500.0,0.6711
2024-07-17,7500.0,0.0000
2024-07-18,7500.0,0.0000
2024-07-19,7500.0,0.0000
2024-07-22,7500.0,0.0000
2024-07-23,7500.0,0.0000
2024-07-24,7500.0,0.0000
2024-07-25,7500.0,0.0000
2024-07-26,7780.0,3.7333
2024-07-29,7600.0,-2.3136
2024-07-30,7750.0,1.9737
2024-07-31,8000.0,3.2258
2024-08-01,7500.0,-6.2500
2024-08-02,7790.0,3.8667
2024-08-05,7775.0,-0.1926
2024-08-06,7795.0,0.2572
2024-08-08,7700.0,-1.2187
2024-08-09,7675.0,-0.3247
2024-08-12,7500.0,-2.2801
2024-08-13,7500.0,0.0000
2024-08-14,7500.0,0.0000
2024-08-16,7150.0,-4.6667
2024-08-19,7180.0,0.4196
2024-08-20,7175.0,-0.0696
2024-08-21,7185.0,0.1394
2024-08-22,7190.0,0.0696
2024-08-23,7150.0,-0.5563
2024-08-26,7100.0,-0.6993
2024-08-27,7095.0,-0.0704
2024-08-28,6990.0,-1.4799
2024-08-29,6950.0,-0.5722
2024-09-02,7050.0,1.4388
2024-09-03,7000.0,-0.7092
2024-09-04,7150.0,2.1429
2024-09-05,7000.0,-2.0979
2024-09-06,7000.0,0.0000
2024-09-09,7000.0,0.0000
2024-09-10,7000.0,0.0000
2024-09-11,7000.0,0.0000
2024-09-12,7095.0,1.3571
2024-09-13,7000.0,-1.3390
2024-09-16,7000.0,0.0000
2024-09-17,6965.0,-0.5000
2024-09-18,7000.0,0.5025
2024-09-19,7000.0,0.0000
2024-09-20,7000.0,0.0000
2024-09-23,7000.0,0.0000
2024-09-24,7000.0,0.0000
2024-09-25,7000.0,0.0000
2024-09-26,7000.0,0.0000
2024-09-27,7000.0,0.0000
2024-09-30,7000.0,0.0000
2024-10-01,7000.0,0.0000
2024-10-02,7000.0,0.0000
2024-10-03,7000.0,0.0000
2024-10-04,7000.0,0.0000
2024-10-07,7000.0,0.0000
2024-10-08,6990.0,-0.1429
2024-10-09,6995.0,0.0715
2024-10-10,6990.0,-0.0715
2024-10-11,6985.0,-0.0715
2024-10-14,6990.0,0.0716
2024-10-15,6990.0,0.0000
2024-10-16,6990.0,0.0000
2024-10-17,6990.0,0.0000
2024-10-18,7125.0,1.9313
2024-10-21,7150.0,0.3509
2024-10-22,7120.0,-0.4196
2024-10-23,7120.0,0.0000
2024-10-24,7100.0,-0.2809
2024-10-25,7100.0,0.0000
2024-10-28,7095.0,-0.0704
2024-10-29,7625.0,7.4700
2024-10-30,7885.0,3.4098
2024-10-31,7875.0,-0.1268
2024-11-04,7800.0,-0.9524
2024-11-05,7750.0,-0.6410
2024-11-06,7800.0,0.6452
2024-11-07,7795.0,-0.0641
2024-11-08,7800.0,0.0641
2024-11-11,7800.0,0.0000
2024-11-12,7800.0,0.0000
2024-11-13,7800.0,0.0000
2024-11-14,7845.0,0.5769
2024-11-18,7850.0,0.0637
2024-11-19,7940.0,1.1465
2024-11-20,7950.0,0.1259
2024-11-21,7990.0,0.5031
2024-11-22,7985.0,-0.0626
2024-11-25,7995.0,0.1252
2024-11-26,7985.0,-0.1251
2024-11-27,7980.0,-0.0626
2024-11-28,7995.0,0.1880
2024-11-29,7995.0,0.0000
2024-12-02,7985.0,-0.1251
2024-12-03,7950.0,-0.4383
2024-12-04,7955.0,0.0629
2024-12-05,7975.0,0.2514
2024-12-06,7950.0,-0.3135
2024-12-09,7940.0,-0.1258
2024-12-10,7950.0,0.1259
2024-12-11,7955.0,0.0629
2024-12-12,7975.0,0.2514
2024-12-13,7975.0,0.0000
2024-12-16,7960.0,-0.1881
2024-12-17,7985.0,0.3141
2024-12-18,7960.0,-0.3131
2024-12-19,7960.0,0.0000
2024-12-20,7970.0,0.1256
2024-12-23,7960.0,-0.1255
2024-12-24,7960.0,0.0000
2024-12-26,7960.0,0.0000
2024-12-27,7955.0,-0.0628
2024-12-30,7900.0,-0.6914
2024-12-31,7960.0,0.7595
2025-01-02,7975.0,0.1884
2025-01-03,7900.0,-0.9404
2025-01-06,7950.0,0.6329
2025-01-07,7900.0,-0.6289
2025-01-08,7950.0,0.6329
2025-01-09,7900.0,-0.6289
2025-01-10,7900.0,0.0000
2025-01-13,7895.0,-0.0633
2025-01-14,7900.0,0.0633
2025-01-15,7980.0,1.0127
2025-01-16,7960.0,-0.2506
2025-01-17,7950.0,-0.1256
2025-01-20,7960.0,0.1258
2025-01-21,7960.0,0.0000
2025-01-22,7960.0,0.0000
2025-01-23,7985.0,0.3141
2025-01-24,7985.0,0.0000
2025-01-27,8100.0,1.4402
2025-01-28,8260.0,1.9753
2025-01-29,8320.0,0.7264
2025-01-30,8315.0,-0.0601
2025-01-31,8400.0,1.0222
2025-02-03,8400.0,0.0000
2025-02-04,8425.0,0.2976
2025-02-05,8525.0,1.1869
2025-02-06,8895.0,4.3402
2025-02-07,8895.0,0.0000
2025-02-10,8895.0,0.0000
2025-02-11,8895.0,0.0000
2025-02-12,9100.0,2.3047
2025-02-13,9180.0,0.8791
2025-02-14,9200.0,0.2179
2025-02-17,9100.0,-1.0870
2025-02-18,9180.0,0.8791
2025-02-19,9180.0,0.0000
2025-02-20,9200.0,0.2179
2025-02-21,9265.0,0.7065
2025-02-24,9350.0,0.9174
2025-02-25,9350.0,0.0000
2025-02-26,9390.0,0.4278
2025-02-27,9355.0,-0.3727
2025-02-28,9400.0,0.4810
2025-03-03,9300.0,-1.0638
2025-03-04,9250.0,-0.5376
2025-03-05,9350.0,1.0811
2025-03-06,9350.0,0.0000
2025-03-07,9500.0,1.6043
2025-03-10,9800.0,3.1579
2025-03-11,9800.0,0.0000
2025-03-12,9990.0,1.9388
2025-03-13,9995.0,0.0501
2025-03-14,10100.0,1.0505
2025-03-17,10250.0,1.4851
2025-03-18,10200.0,-0.4878
2025-03-19,10200.0,0.0000
2025-03-20,10000.0,-1.9608
2025-03-21,10150.0,1.5000
2025-03-24,10000.0,-1.4778
2025-03-25,10000.0,0.0000
2025-03-26,9990.0,-0.1000
2025-03-28,9995.0,0.0501
2025-04-01,9950.0,-0.4502
2025-04-02,9950.0,0.0000
2025-04-03,9950.0,0.0000
2025-04-04,9980.0,0.3015
2025-04-07,9945.0,-0.3507
2025-04-08,9995.0,0.5028
2025-04-09,9900.0,-0.9505
2025-04-10,9800.0,-1.0101
2025-04-11,9880.0,0.8163
2025-04-14,9900.0,0.2024
2025-04-15,9930.0,0.3030
2025-04-16,9930.0,0.0000
2025-04-17,9930.0,0.0000
2025-04-18,9895.0,-0.3525
2025-04-22,9900.0,0.0505
2025-04-23,9900.0,0.0000
2025-04-24,9900.0,0.0000
2025-04-25,9885.0,-0.1515
2025-04-28,9800.0,-0.8599
2025-04-29,9995.0,1.9898
2025-04-30,9990.0,-0.0500
2025-05-02,9940.0,-0.5005
2025-05-05,9800.0,-1.4085
2025-05-06,9790.0,-0.1020
2025-05-07,9980.0,1.9408
2025-05-08,9500.0,-4.8096
2025-05-09,9900.0,4.2105
2025-05-12,9900.0,0.0000
2025-05-13,9950.0,0.5051
2025-05-14,9990.0,0.4020
2025-05-15,10100.0,1.1011
2025-05-16,10100.0,0.0000
2025-05-19,10200.0,0.9901
2025-05-20,10500.0,2.9412
2025-05-21,10400.0,-0.9524
2025-05-22,10400.0,0.0000
2025-05-23,10400.0,0.0000
2025-05-26,10400.0,0.0000
2025-05-27,10500.0,0.9615
2025-05-28,10600.0,0.9524
2025-05-30,10700.0,0.9434
2025-06-02,10700.0,0.0000
2025-06-03,10640.0,-0.5607
2025-06-04,10750.0,1.0338
2025-06-05,10745.0,-0.0465
2025-06-10,10800.0,0.5119
2025-06-11,10750.0,-0.4630
2025-06-12,11400.0,6.0465
2025-06-13,11395.0,-0.0439
2025-06-16,11150.0,-2.1501
2025-06-17,11000.0,-1.3453
2025-06-18,11150.0,1.3636
2025-06-19,11100.0,-0.4484
2025-06-20,11150.0,0.4505
2025-06-23,11150.0,0.0000
2025-06-24,11150.0,0.0000
2025-06-25,11150.0,0.0000
2025-06-26,11145.0,-0.0448
2025-06-27,11050.0,-0.8524
2025-06-30,11140.0,0.8145
2025-07-01,11150.0,0.0898
2025-07-02,11345.0,1.7489
2025-07-03,11345.0,0.0000
2025-07-04,11340.0,-0.0441
2025-07-07,11335.0,-0.0441
2025-07-08,11300.0,-0.3088
2025-07-09,11310.0,0.0885
2025-07-10,11350.0,0.3537
2025-07-11,11350.0,0.0000
2025-07-14,11300.0,-0.4405
2025-07-15,11500.0,1.7699
2025-07-16,11800.0,2.6087
2025-07-17,11800.0,0.0000
2025-07-18,11800.0,0.0000
2025-07-21,11700.0,-0.8475
2025-07-22,11800.0,0.8547
2025-07-23,11900.0,0.8475
2025-07-24,11800.0,-0.8403
2025-07-25,11950.0,1.2712
2025-07-28,11950.0,0.0000
2025-07-29,11955.0,0.0418
2025-07-30,12000.0,0.3764
2025-07-31,12005.0,0.0417
2025-08-01,12100.0,0.7913
2025-08-04,12150.0,0.4132
2025-08-05,12200.0,0.4115
2025-08-06,12200.0,0.0000
2025-08-08,12300.0,0.8197
2025-08-11,12475.0,1.4228
2025-08-12,12600.0,1.0020
2025-08-13,12190.0,-3.2540
2025-08-14,12100.0,-0.7383
2025-08-18,12200.0,0.8264
2025-08-19,12275.0,0.6148
2025-08-20,12200.0,-0.6110
2025-08-21,12300.0,0.8197
2025-08-22,12300.0,0.0000
2025-08-25,12500.0,1.6260
2025-08-26,12500.0,0.0000
2025-08-27,12600.0,0.8000
2025-08-28,12550.0,-0.3968
2025-08-29,12535.0,-0.1195
2025-09-01,12585.0,0.3989
2025-09-02,12580.0,-0.0397
2025-09-03,13000.0,3.3386
2025-09-05,13135.0,1.0385
2025-09-08,12950.0,-1.4085
2025-09-09,12950.0,0.0000
2025-09-10,13100.0,1.1583
2025-09-11,13100.0,0.0000
2025-09-12,13100.0,0.0000
2025-09-15,13050.0,-0.3817
2025-09-16,13050.0,0.0000
2025-09-17,13050.0,0.0000
2025-09-18,13000.0,-0.3831
2025-09-19,12850.0,-1.1538
2025-09-22,12905.0,0.4280
2025-09-23,12910.0,0.0387
2025-09-24,12915.0,0.0387
2025-09-25,12915.0,0.0000
2025-09-26,13000.0,0.6581
2025-09-29,12935.0,-0.5000
2025-09-30,12935.0,0.0000
2025-10-01,13000.0,0.5025
2025-10-02,13000.0,0.0000
2025-10-03,13050.0,0.3846
2025-10-06,13100.0,0.3831
2025-10-07,13135.0,0.2672
2025-10-08,13135.0,0.0000
2025-10-09,13135.0,0.0000
2025-10-10,13125.0,-0.0761
2025-10-13,13125.0,0.0000
2025-10-14,13245.0,0.9143
2025-10-15,13200.0,-0.3398
2025-10-16,13180.0,-0.1515
2025-10-17,13400.0,1.6692
2025-10-20,13400.0,0.0000
2025-10-21,13100.0,-2.2388
2025-10-22,13400.0,2.2901
2025-10-23,13450.0,0.3731
2025-10-24,13390.0,-0.4461
2025-10-27,13395.0,0.0373
2025-10-28,13450.0,0.4106
2025-10-29,14455.0,7.4721
2025-10-30,15250.0,5.4998
2025-10-31,14110.0,-7.4754
2025-11-03,13055.0,-7.4770
2025-11-04,12080.0,-7.4684
2025-11-05,11175.0,-7.4917
2025-11-06,10340.0,-7.4720
2025-11-07,10250.0,-0.8704
2025-11-10,11000.0,7.3171
2025-11-11,10950.0,-0.4545
2025-11-12,11100.0,1.3699
2025-11-13,11500.0,3.6036
2025-11-14,12000.0,4.3478
2025-11-17,12550.0,4.5833
2025-11-18,12550.0,0.0000
2025-11-19,12410.0,-1.1155
2025-11-20,11500.0,-7.3328
2025-11-21,11850.0,3.0435
2025-11-24,11530.0,-2.7004
2025-11-25,11820.0,2.5152
2025-11-27,11500.0,-2.7073
2025-11-28,11450.0,-0.4348
2025-12-01,11530.0,0.6987
2025-12-02,11530.0,0.0000
2025-12-03,11495.0,-0.3036
2025-12-04,11495.0,0.0000
2025-12-05,11450.0,-0.3915
2025-12-08,11400.0,-0.4367
2025-12-09,11420.0,0.1754
2025-12-10,11400.0,-0.1751
2025-12-11,11250.0,-1.3158
2025-12-12,11290.0,0.3556
2025-12-15,11290.0,0.0000
2025-12-16,11250.0,-0.3543
2025-12-17,11200.0,-0.4444
2025-12-18,11200.0,0.0000
2025-12-19,11150.0,-0.4464
2025-12-22,11050.0,-0.8969
2025-12-23,10925.0,-1.1312
2025-12-24,10905.0,-0.1831
2025-12-26,10800.0,-0.9629
2025-12-29,10500.0,-2.7778
2025-12-30,10605.0,1.0000
2025-12-31,10650.0,0.4243
2026-01-02,10995.0,3.2394
2026-01-05,10945.0,-0.4548
2026-01-06,10900.0,-0.4111
2026-01-07,10900.0,0.0000
2026-01-08,10900.0,0.0000
2026-01-09,10980.0,0.7339
2026-01-12,10700.0,-2.5501
2026-01-13,10900.0,1.8692
2026-01-14,11500.0,5.5046
2026-01-15,10710.0,-6.8696
2026-01-16,11100.0,3.6415
2026-01-19,11390.0,2.6126
2026-01-20,11105.0,-2.5022
2026-01-21,11200.0,0.8555
2026-01-22,11100.0,-0.8929
2026-01-23,11250.0,1.3514
2026-01-26,11395.0,1.2889
2026-01-27,11100.0,-2.5889
2026-01-28,11395.0,2.6577
2026-01-29,11395.0,0.0000
2026-01-30,11000.0,-3.4664
2026-02-02,11400.0,3.6364
2026-02-03,11400.0,0.0000
2026-02-04,11445.0,0.3947
2026-02-05,11450.0,0.0437
2026-02-06,11450.0,0.0000
2026-02-09,11500.0,0.4367
2026-02-10,11900.0,3.4783
2026-02-11,11805.0,-0.7983
2026-02-12,11575.0,-1.9483
2026-02-13,11800.0,1.9438
2026-02-16,11845.0,0.3814
2026-02-17,11900.0,0.4643
2026-02-18,12000.0,0.8403
2026-02-19,12100.0,0.8333
2026-02-20,12490.0,3.2231
2026-02-23,12985.0,3.9632
2026-02-24,12600.0,-2.9650
2026-02-25,12975.0,2.9762
2026-02-26,12500.0,-3.6609
2026-02-27,12505.0,0.0400
2026-03-02,12400.0,-0.8397
2026-03-03,12500.0,0.8065
2026-03-04,12500.0,0.0000
2026-03-05,12500.0,0.0000
2026-03-06,12700.0,1.6000
2026-03-09,12695.0,-0.0394
2026-03-10,13000.0,2.4025
2026-03-11,12995.0,-0.0385
2026-03-12,12900.0,-0.7311
2026-03-13,12940.0,0.3101
2026-03-17,12900.0,-0.3091
2026-03-18,12890.0,-0.0775
2026-03-19,12890.0,0.0000
2026-03-24,13000.0,0.8534
2026-03-25,12555.0,-3.4231
2026-03-26,12900.0,2.7479
2026-03-27,12900.0,0.0000
2026-03-28,12950.0,0.3876
2026-03-29,12950.0,0.0000
2026-03-30,12950.0,0.0000
2026-03-31,12900.0,-0.3861
2026-04-01,12800.0,-0.7752
2026-04-02,12450.0,-2.7344
2026-04-03,12450.0,0.0000
2026-04-04,12300.0,-1.2048
2026-04-05,12300.0,0.0000
2026-04-06,12300.0,0.0000
2026-04-07,12300.0,0.0000
2026-04-08,12300.0,0.0000
2026-04-09,12200.0,-0.8130
2026-04-10,12300.0,0.8197
2026-04-11,12280.0,-0.1626
2026-04-12,12280.0,0.0000
2026-04-13,12000.0,-2.2801
2026-04-14,12000.0,0.0000
2026-04-15,12000.0,0.0000
2026-04-16,11995.0,-0.0417
2026-04-17,11800.0,-1.6257
2026-04-18,12000.0,1.6949
2026-04-19,12000.0,0.0000
2026-04-20,12000.0,0.0000
2026-04-21,12480.0,4.0000
2026-04-22,12100.0,-3.0449
2026-04-23,12400.0,2.4793
2026-04-24,12400.0,0.0000
2026-04-25,12375.0,-0.2016
2026-04-26,12375.0,0.0000
2026-04-27,12375.0,0.0000
2026-04-28,12375.0,0.0000
2026-04-29,11500.0,-7.0707
2026-04-30,12360.0,7.4783
2026-05-01,12340.0,-0.1618
2026-05-02,12340.0,0.0000
2026-05-03,12340.0,0.0000
2026-05-04,12340.0,0.0000
2026-05-05,11900.0,-3.5656
2026-05-06,11700.0,-1.6807
2026-05-07,11900.0,1.7094
2026-05-08,11700.0,-1.6807
2026-05-09,11650.0,-0.4274
2026-05-10,11650.0,0.0000
2026-05-11,11650.0,0.0000
2026-05-12,11150.0,-4.2918
2026-05-13,11700.0,4.9327
2026-05-14,11600.0,-0.8547
2026-05-15,11600.0,0.0000
2026-05-16,11750.0,1.2931
2026-05-17,11750.0,0.0000
2026-05-18,11750.0,0.0000
2026-05-19,11950.0,1.7021
2026-05-20,11700.0,-2.0921
2026-05-21,11850.0,1.2821
2026-05-22,12490.0,5.4008
2026-05-23,13005.0,4.1233
2026-05-24,13005.0,0.0000
2026-05-25,13005.0,0.0000
2026-05-26,13005.0,0.0000
2026-05-27,13005.0,0.0000
2026-05-28,13005.0,0.0000
2026-05-29,12900.0,-0.8074
2026-05-30,12800.0,-0.7752
2026-05-31,12800.0,0.0000
2026-06-01,13000.0,1.5625
2026-06-02,12990.0,-0.0769
2026-06-04,12995.0,0.0385
2026-06-05,12995.0,0.0000
2026-06-06,13200.0,1.5775
2026-06-07,13200.0,0.0000
2026-06-08,13200.0,0.0000
2026-06-09,13490.0,2.1970
2026-06-10,14225.0,5.4485
2026-06-11,15200.0,6.8541
2026-06-12,15325.0,0.8224
2026-06-13,15000.0,-2.1207
2026-06-14,15000.0,0.0000
2026-06-15,15200.0,1.3333
2026-06-16,15140.0,-0.3947
2026-06-17,14850.0,-1.9155
2026-06-18,14650.0,-1.3468
2026-06-19,14800.0,1.0239
2026-06-20,15005.0,1.3851
2026-06-21,15005.0,0.0000
2026-06-22,15010.0,0.0333
2026-06-23,15100.0,0.5996
2026-06-24,15100.0,0.0000
2026-06-25,15000.0,-0.6623
2026-06-26,14995.0,-0.0333
2026-06-27,14800.0,-1.3004
2026-06-28,14800.0,0.0000
2026-06-29,14850.0,0.3378
2026-06-30,14760.0,-0.6061
2026-07-01,15495.0,4.9797
2026-07-02,15990.0,3.1946
2026-07-03,16490.0,3.1270
2026-07-04,16500.0,0.0606
2026-07-05,16500.0,0.0000
2026-07-06,16500.0,0.0000
2026-07-07,16480.0,-0.1212
2026-07-08,16380.0,-0.6068
2026-07-09,16395.0,0.0916
